policy,map,requested_opponent,resolved_opponent,opponent,seed,blue_score,red_score,win,loss,draw,score_margin,wall_collisions,blocked_movement_events,stuck_steps,repeated_blocked_movement,upper_lane_use,lower_lane_use,neutral_lane_use,route_switches,movement_attempts,successful_movement_steps,collision_metric_source,stuck_metric_source,route_metric_source,wall_collision_source,stuck_source,route_source,obstacle_collisions_per_1000_steps,blocked_movements_per_1000_movement_attempts,stuck_steps_per_1000_steps,successful_movement_rate,upper_lane_fraction,lower_lane_fraction,route_switches_per_episode,episode_steps
baseline,map_a_open,OP8,OP8,OP8,7000,3.0,0.0,1,0,0,3.0,0.0,0.0,0.0,0.0,,,,,162.0,162.0,environment_exact,environment_exact,unavailable,environment_exact,environment_exact,unavailable,0.0,0.0,0.0,1.0,,,,81
candidate,map_a_open,OP8,OP8,OP8,7000,3.0,1.0,1,0,0,2.0,0.0,0.0,0.0,0.0,,,,,174.0,174.0,environment_exact,environment_exact,unavailable,environment_exact,environment_exact,unavailable,0.0,0.0,0.0,1.0,,,,87
baseline,map_a_open,OP8,OP8,OP8,7001,3.0,2.0,1,0,0,1.0,0.0,0.0,0.0,0.0,,,,,170.0,170.0,environment_exact,environment_exact,unavailable,environment_exact,environment_exact,unavailable,0.0,0.0,0.0,1.0,,,,85
candidate,map_a_open,OP8,OP8,OP8,7001,3.0,2.0,1,0,0,1.0,0.0,0.0,0.0,0.0,,,,,162.0,162.0,environment_exact,environment_exact,unavailable,environment_exact,environment_exact,unavailable,0.0,0.0,0.0,1.0,,,,81
baseline,map_a_open,OP8,OP8,OP8,7002,3.0,1.0,1,0,0,2.0,0.0,0.0,0.0,0.0,,,,,170.0,170.0,environment_exact,environment_exact,unavailable,environment_exact,environment_exact,unavailable,0.0,0.0,0.0,1.0,,,,85
candidate,map_a_open,OP8,OP8,OP8,7002,3.0,2.0,1,0,0,1.0,0.0,0.0,0.0,0.0,,,,,176.0,176.0,environment_exact,environment_exact,unavailable,environment_exact,environment_exact,unavailable,0.0,0.0,0.0,1.0,,,,88
baseline,map_a_open,OP8,OP8,OP8,7003,3.0,1.0,1,0,0,2.0,0.0,0.0,0.0,0.0,,,,,158.0,158.0,environment_exact,environment_exact,unavailable,environment_exact,environment_exact,unavailable,0.0,0.0,0.0,1.0,,,,79
candidate,map_a_open,OP8,OP8,OP8,7003,3.0,2.0,1,0,0,1.0,0.0,0.0,0.0,0.0,,,,,162.0,162.0,environment_exact,environment_exact,unavailable,environment_exact,environment_exact,unavailable,0.0,0.0,0.0,1.0,,,,81
baseline,map_a_open,OP8,OP8,OP8,7004,3.0,0.0,1,0,0,3.0,0.0,0.0,0.0,0.0,,,,,264.0,264.0,environment_exact,environment_exact,unavailable,environment_exact,environment_exact,unavailable,0.0,0.0,0.0,1.0,,,,132
candidate,map_a_open,OP8,OP8,OP8,7004,3.0,1.0,1,0,0,2.0,0.0,0.0,0.0,0.0,,,,,264.0,264.0,environment_exact,environment_exact,unavailable,environment_exact,environment_exact,unavailable,0.0,0.0,0.0,1.0,,,,132
baseline,map_a_open,OP8,OP8,OP8,7005,3.0,2.0,1,0,0,1.0,0.0,0.0,0.0,0.0,,,,,172.0,172.0,environment_exact,environment_exact,unavailable,environment_exact,environment_exact,unavailable,0.0,0.0,0.0,1.0,,,,86
candidate,map_a_open,OP8,OP8,OP8,7005,3.0,1.0,1,0,0,2.0,0.0,0.0,0.0,0.0,,,,,174.0,174.0,environment_exact,environment_exact,unavailable,environment_exact,environment_exact,unavailable,0.0,0.0,0.0,1.0,,,,87
baseline,map_a_open,OP8,OP8,OP8,7006,3.0,1.0,1,0,0,2.0,0.0,0.0,0.0,0.0,,,,,166.0,166.0,environment_exact,environment_exact,unavailable,environment_exact,environment_exact,unavailable,0.0,0.0,0.0,1.0,,,,83
candidate,map_a_open,OP8,OP8,OP8,7006,3.0,0.0,1,0,0,3.0,0.0,0.0,0.0,0.0,,,,,154.0,154.0,environment_exact,environment_exact,unavailable,environment_exact,environment_exact,unavailable,0.0,0.0,0.0,1.0,,,,77
baseline,map_a_open,OP8,OP8,OP8,7007,3.0,1.0,1,0,0,2.0,0.0,0.0,0.0,0.0,,,,,190.0,190.0,environment_exact,environment_exact,unavailable,environment_exact,environment_exact,unavailable,0.0,0.0,0.0,1.0,,,,95
candidate,map_a_open,OP8,OP8,OP8,7007,3.0,1.0,1,0,0,2.0,0.0,0.0,0.0,0.0,,,,,160.0,160.0,environment_exact,environment_exact,unavailable,environment_exact,environment_exact,unavailable,0.0,0.0,0.0,1.0,,,,80
baseline,map_a_open,OP8,OP8,OP8,7008,3.0,1.0,1,0,0,2.0,0.0,0.0,0.0,0.0,,,,,158.0,158.0,environment_exact,environment_exact,unavailable,environment_exact,environment_exact,unavailable,0.0,0.0,0.0,1.0,,,,79
candidate,map_a_open,OP8,OP8,OP8,7008,3.0,1.0,1,0,0,2.0,0.0,0.0,0.0,0.0,,,,,160.0,160.0,environment_exact,environment_exact,unavailable,environment_exact,environment_exact,unavailable,0.0,0.0,0.0,1.0,,,,80
baseline,map_a_open,OP8,OP8,OP8,7009,3.0,1.0,1,0,0,2.0,0.0,0.0,0.0,0.0,,,,,172.0,172.0,environment_exact,environment_exact,unavailable,environment_exact,environment_exact,unavailable,0.0,0.0,0.0,1.0,,,,86
candidate,map_a_open,OP8,OP8,OP8,7009,3.0,0.0,1,0,0,3.0,0.0,0.0,0.0,0.0,,,,,154.0,154.0,environment_exact,environment_exact,unavailable,environment_exact,environment_exact,unavailable,0.0,0.0,0.0,1.0,,,,77
baseline,map_a_open,OP8,OP8,OP8,7010,3.0,0.0,1,0,0,3.0,0.0,0.0,0.0,0.0,,,,,162.0,162.0,environment_exact,environment_exact,unavailable,environment_exact,environment_exact,unavailable,0.0,0.0,0.0,1.0,,,,81
candidate,map_a_open,OP8,OP8,OP8,7010,3.0,1.0,1,0,0,2.0,0.0,0.0,0.0,0.0,,,,,212.0,212.0,environment_exact,environment_exact,unavailable,environment_exact,environment_exact,unavailable,0.0,0.0,0.0,1.0,,,,106
baseline,map_a_open,OP8,OP8,OP8,7011,3.0,0.0,1,0,0,3.0,0.0,0.0,0.0,0.0,,,,,164.0,164.0,environment_exact,environment_exact,unavailable,environment_exact,environment_exact,unavailable,0.0,0.0,0.0,1.0,,,,82
candidate,map_a_open,OP8,OP8,OP8,7011,3.0,0.0,1,0,0,3.0,0.0,0.0,0.0,0.0,,,,,164.0,164.0,environment_exact,environment_exact,unavailable,environment_exact,environment_exact,unavailable,0.0,0.0,0.0,1.0,,,,82
baseline,map_a_open,OP8,OP8,OP8,7012,3.0,1.0,1,0,0,2.0,0.0,0.0,0.0,0.0,,,,,160.0,160.0,environment_exact,environment_exact,unavailable,environment_exact,environment_exact,unavailable,0.0,0.0,0.0,1.0,,,,80
candidate,map_a_open,OP8,OP8,OP8,7012,3.0,1.0,1,0,0,2.0,0.0,0.0,0.0,0.0,,,,,170.0,170.0,environment_exact,environment_exact,unavailable,environment_exact,environment_exact,unavailable,0.0,0.0,0.0,1.0,,,,85
baseline,map_a_open,OP8,OP8,OP8,7013,3.0,1.0,1,0,0,2.0,0.0,0.0,0.0,0.0,,,,,162.0,162.0,environment_exact,environment_exact,unavailable,environment_exact,environment_exact,unavailable,0.0,0.0,0.0,1.0,,,,81
candidate,map_a_open,OP8,OP8,OP8,7013,3.0,3.0,0,0,1,0.0,0.0,0.0,0.0,0.0,,,,,186.0,186.0,environment_exact,environment_exact,unavailable,environment_exact,environment_exact,unavailable,0.0,0.0,0.0,1.0,,,,93
baseline,map_a_open,OP8,OP8,OP8,7014,3.0,1.0,1,0,0,2.0,0.0,0.0,0.0,0.0,,,,,174.0,174.0,environment_exact,environment_exact,unavailable,environment_exact,environment_exact,unavailable,0.0,0.0,0.0,1.0,,,,87
candidate,map_a_open,OP8,OP8,OP8,7014,3.0,0.0,1,0,0,3.0,0.0,1.0,0.0,0.0,,,,,159.0,158.0,environment_exact,environment_exact,unavailable,environment_exact,environment_exact,unavailable,0.0,6.289308176100629,0.0,0.9937106918238994,,,,81
baseline,map_a_open,OP8,OP8,OP8,7015,3.0,1.0,1,0,0,2.0,0.0,0.0,0.0,0.0,,,,,194.0,194.0,environment_exact,environment_exact,unavailable,environment_exact,environment_exact,unavailable,0.0,0.0,0.0,1.0,,,,97
candidate,map_a_open,OP8,OP8,OP8,7015,3.0,1.0,1,0,0,2.0,0.0,0.0,0.0,0.0,,,,,226.0,226.0,environment_exact,environment_exact,unavailable,environment_exact,environment_exact,unavailable,0.0,0.0,0.0,1.0,,,,113
baseline,map_a_open,OP8,OP8,OP8,7016,3.0,1.0,1,0,0,2.0,0.0,0.0,0.0,0.0,,,,,234.0,234.0,environment_exact,environment_exact,unavailable,environment_exact,environment_exact,unavailable,0.0,0.0,0.0,1.0,,,,117
candidate,map_a_open,OP8,OP8,OP8,7016,3.0,1.0,1,0,0,2.0,0.0,0.0,0.0,0.0,,,,,254.0,254.0,environment_exact,environment_exact,unavailable,environment_exact,environment_exact,unavailable,0.0,0.0,0.0,1.0,,,,127
baseline,map_a_open,OP8,OP8,OP8,7017,3.0,2.0,1,0,0,1.0,0.0,0.0,0.0,0.0,,,,,168.0,168.0,environment_exact,environment_exact,unavailable,environment_exact,environment_exact,unavailable,0.0,0.0,0.0,1.0,,,,84
candidate,map_a_open,OP8,OP8,OP8,7017,3.0,0.0,1,0,0,3.0,0.0,0.0,0.0,0.0,,,,,184.0,184.0,environment_exact,environment_exact,unavailable,environment_exact,environment_exact,unavailable,0.0,0.0,0.0,1.0,,,,92
baseline,map_a_open,OP8,OP8,OP8,7018,3.0,1.0,1,0,0,2.0,0.0,0.0,0.0,0.0,,,,,170.0,170.0,environment_exact,environment_exact,unavailable,environment_exact,environment_exact,unavailable,0.0,0.0,0.0,1.0,,,,85
candidate,map_a_open,OP8,OP8,OP8,7018,3.0,2.0,1,0,0,1.0,0.0,0.0,0.0,0.0,,,,,154.0,154.0,environment_exact,environment_exact,unavailable,environment_exact,environment_exact,unavailable,0.0,0.0,0.0,1.0,,,,77
baseline,map_a_open,OP8,OP8,OP8,7019,3.0,0.0,1,0,0,3.0,0.0,0.0,0.0,0.0,,,,,184.0,184.0,environment_exact,environment_exact,unavailable,environment_exact,environment_exact,unavailable,0.0,0.0,0.0,1.0,,,,92
candidate,map_a_open,OP8,OP8,OP8,7019,3.0,1.0,1,0,0,2.0,0.0,0.0,0.0,0.0,,,,,196.0,196.0,environment_exact,environment_exact,unavailable,environment_exact,environment_exact,unavailable,0.0,0.0,0.0,1.0,,,,98
baseline,map_a_open,OP9,OP9,OP9,7000,3.0,1.0,1,0,0,2.0,0.0,0.0,0.0,0.0,,,,,162.0,162.0,environment_exact,environment_exact,unavailable,environment_exact,environment_exact,unavailable,0.0,0.0,0.0,1.0,,,,81
candidate,map_a_open,OP9,OP9,OP9,7000,3.0,1.0,1,0,0,2.0,0.0,0.0,0.0,0.0,,,,,180.0,180.0,environment_exact,environment_exact,unavailable,environment_exact,environment_exact,unavailable,0.0,0.0,0.0,1.0,,,,90
baseline,map_a_open,OP9,OP9,OP9,7001,3.0,1.0,1,0,0,2.0,0.0,0.0,0.0,0.0,,,,,160.0,160.0,environment_exact,environment_exact,unavailable,environment_exact,environment_exact,unavailable,0.0,0.0,0.0,1.0,,,,80
candidate,map_a_open,OP9,OP9,OP9,7001,3.0,0.0,1,0,0,3.0,0.0,0.0,0.0,0.0,,,,,162.0,162.0,environment_exact,environment_exact,unavailable,environment_exact,environment_exact,unavailable,0.0,0.0,0.0,1.0,,,,81
baseline,map_a_open,OP9,OP9,OP9,7002,3.0,2.0,1,0,0,1.0,0.0,0.0,0.0,0.0,,,,,208.0,208.0,environment_exact,environment_exact,unavailable,environment_exact,environment_exact,unavailable,0.0,0.0,0.0,1.0,,,,104
candidate,map_a_open,OP9,OP9,OP9,7002,3.0,1.0,1,0,0,2.0,0.0,0.0,0.0,0.0,,,,,186.0,186.0,environment_exact,environment_exact,unavailable,environment_exact,environment_exact,unavailable,0.0,0.0,0.0,1.0,,,,93
baseline,map_a_open,OP9,OP9,OP9,7003,3.0,2.0,1,0,0,1.0,0.0,0.0,0.0,0.0,,,,,174.0,174.0,environment_exact,environment_exact,unavailable,environment_exact,environment_exact,unavailable,0.0,0.0,0.0,1.0,,,,87
candidate,map_a_open,OP9,OP9,OP9,7003,3.0,1.0,1,0,0,2.0,0.0,0.0,0.0,0.0,,,,,162.0,162.0,environment_exact,environment_exact,unavailable,environment_exact,environment_exact,unavailable,0.0,0.0,0.0,1.0,,,,81
baseline,map_a_open,OP9,OP9,OP9,7004,3.0,1.0,1,0,0,2.0,0.0,0.0,0.0,0.0,,,,,194.0,194.0,environment_exact,environment_exact,unavailable,environment_exact,environment_exact,unavailable,0.0,0.0,0.0,1.0,,,,97
candidate,map_a_open,OP9,OP9,OP9,7004,3.0,1.0,1,0,0,2.0,0.0,0.0,0.0,0.0,,,,,182.0,182.0,environment_exact,environment_exact,unavailable,environment_exact,environment_exact,unavailable,0.0,0.0,0.0,1.0,,,,91
baseline,map_a_open,OP9,OP9,OP9,7005,3.0,1.0,1,0,0,2.0,0.0,0.0,0.0,0.0,,,,,136.0,136.0,environment_exact,environment_exact,unavailable,environment_exact,environment_exact,unavailable,0.0,0.0,0.0,1.0,,,,68
candidate,map_a_open,OP9,OP9,OP9,7005,3.0,1.0,1,0,0,2.0,0.0,0.0,0.0,0.0,,,,,166.0,166.0,environment_exact,environment_exact,unavailable,environment_exact,environment_exact,unavailable,0.0,0.0,0.0,1.0,,,,83
baseline,map_a_open,OP9,OP9,OP9,7006,3.0,1.0,1,0,0,2.0,0.0,0.0,0.0,0.0,,,,,136.0,136.0,environment_exact,environment_exact,unavailable,environment_exact,environment_exact,unavailable,0.0,0.0,0.0,1.0,,,,68
candidate,map_a_open,OP9,OP9,OP9,7006,3.0,0.0,1,0,0,3.0,0.0,0.0,0.0,0.0,,,,,132.0,132.0,environment_exact,environment_exact,unavailable,environment_exact,environment_exact,unavailable,0.0,0.0,0.0,1.0,,,,66
baseline,map_a_open,OP9,OP9,OP9,7007,3.0,2.0,1,0,0,1.0,0.0,0.0,0.0,0.0,,,,,144.0,144.0,environment_exact,environment_exact,unavailable,environment_exact,environment_exact,unavailable,0.0,0.0,0.0,1.0,,,,72
candidate,map_a_open,OP9,OP9,OP9,7007,3.0,1.0,1,0,0,2.0,0.0,0.0,0.0,0.0,,,,,156.0,156.0,environment_exact,environment_exact,unavailable,environment_exact,environment_exact,unavailable,0.0,0.0,0.0,1.0,,,,78
baseline,map_a_open,OP9,OP9,OP9,7008,3.0,2.0,1,0,0,1.0,0.0,0.0,0.0,0.0,,,,,152.0,152.0,environment_exact,environment_exact,unavailable,environment_exact,environment_exact,unavailable,0.0,0.0,0.0,1.0,,,,76
candidate,map_a_open,OP9,OP9,OP9,7008,3.0,1.0,1,0,0,2.0,0.0,0.0,0.0,0.0,,,,,186.0,186.0,environment_exact,environment_exact,unavailable,environment_exact,environment_exact,unavailable,0.0,0.0,0.0,1.0,,,,93
baseline,map_a_open,OP9,OP9,OP9,7009,3.0,1.0,1,0,0,2.0,0.0,0.0,0.0,0.0,,,,,150.0,150.0,environment_exact,environment_exact,unavailable,environment_exact,environment_exact,unavailable,0.0,0.0,0.0,1.0,,,,75
candidate,map_a_open,OP9,OP9,OP9,7009,3.0,0.0,1,0,0,3.0,0.0,1.0,0.0,0.0,,,,,132.0,131.0,environment_exact,environment_exact,unavailable,environment_exact,environment_exact,unavailable,0.0,7.575757575757576,0.0,0.9924242424242424,,,,67
baseline,map_a_open,OP9,OP9,OP9,7010,3.0,1.0,1,0,0,2.0,0.0,0.0,0.0,0.0,,,,,136.0,136.0,environment_exact,environment_exact,unavailable,environment_exact,environment_exact,unavailable,0.0,0.0,0.0,1.0,,,,68
candidate,map_a_open,OP9,OP9,OP9,7010,3.0,1.0,1,0,0,2.0,0.0,0.0,0.0,0.0,,,,,154.0,154.0,environment_exact,environment_exact,unavailable,environment_exact,environment_exact,unavailable,0.0,0.0,0.0,1.0,,,,77
baseline,map_a_open,OP9,OP9,OP9,7011,3.0,1.0,1,0,0,2.0,0.0,0.0,0.0,0.0,,,,,180.0,180.0,environment_exact,environment_exact,unavailable,environment_exact,environment_exact,unavailable,0.0,0.0,0.0,1.0,,,,90
candidate,map_a_open,OP9,OP9,OP9,7011,3.0,1.0,1,0,0,2.0,0.0,0.0,0.0,0.0,,,,,158.0,158.0,environment_exact,environment_exact,unavailable,environment_exact,environment_exact,unavailable,0.0,0.0,0.0,1.0,,,,79
baseline,map_a_open,OP9,OP9,OP9,7012,3.0,1.0,1,0,0,2.0,0.0,0.0,0.0,0.0,,,,,156.0,156.0,environment_exact,environment_exact,unavailable,environment_exact,environment_exact,unavailable,0.0,0.0,0.0,1.0,,,,78
candidate,map_a_open,OP9,OP9,OP9,7012,3.0,2.0,1,0,0,1.0,0.0,0.0,0.0,0.0,,,,,156.0,156.0,environment_exact,environment_exact,unavailable,environment_exact,environment_exact,unavailable,0.0,0.0,0.0,1.0,,,,78
baseline,map_a_open,OP9,OP9,OP9,7013,3.0,1.0,1,0,0,2.0,0.0,0.0,0.0,0.0,,,,,158.0,158.0,environment_exact,environment_exact,unavailable,environment_exact,environment_exact,unavailable,0.0,0.0,0.0,1.0,,,,79
candidate,map_a_open,OP9,OP9,OP9,7013,3.0,2.0,1,0,0,1.0,0.0,0.0,0.0,0.0,,,,,148.0,148.0,environment_exact,environment_exact,unavailable,environment_exact,environment_exact,unavailable,0.0,0.0,0.0,1.0,,,,74
baseline,map_a_open,OP9,OP9,OP9,7014,3.0,0.0,1,0,0,3.0,0.0,0.0,0.0,0.0,,,,,154.0,154.0,environment_exact,environment_exact,unavailable,environment_exact,environment_exact,unavailable,0.0,0.0,0.0,1.0,,,,77
candidate,map_a_open,OP9,OP9,OP9,7014,3.0,0.0,1,0,0,3.0,0.0,0.0,0.0,0.0,,,,,148.0,148.0,environment_exact,environment_exact,unavailable,environment_exact,environment_exact,unavailable,0.0,0.0,0.0,1.0,,,,74
baseline,map_a_open,OP9,OP9,OP9,7015,3.0,1.0,1,0,0,2.0,0.0,0.0,0.0,0.0,,,,,174.0,174.0,environment_exact,environment_exact,unavailable,environment_exact,environment_exact,unavailable,0.0,0.0,0.0,1.0,,,,87
candidate,map_a_open,OP9,OP9,OP9,7015,3.0,0.0,1,0,0,3.0,0.0,0.0,0.0,0.0,,,,,138.0,138.0,environment_exact,environment_exact,unavailable,environment_exact,environment_exact,unavailable,0.0,0.0,0.0,1.0,,,,69
baseline,map_a_open,OP9,OP9,OP9,7016,3.0,1.0,1,0,0,2.0,0.0,0.0,0.0,0.0,,,,,160.0,160.0,environment_exact,environment_exact,unavailable,environment_exact,environment_exact,unavailable,0.0,0.0,0.0,1.0,,,,80
candidate,map_a_open,OP9,OP9,OP9,7016,3.0,0.0,1,0,0,3.0,0.0,0.0,0.0,0.0,,,,,182.0,182.0,environment_exact,environment_exact,unavailable,environment_exact,environment_exact,unavailable,0.0,0.0,0.0,1.0,,,,91
baseline,map_a_open,OP9,OP9,OP9,7017,3.0,1.0,1,0,0,2.0,0.0,0.0,0.0,0.0,,,,,138.0,138.0,environment_exact,environment_exact,unavailable,environment_exact,environment_exact,unavailable,0.0,0.0,0.0,1.0,,,,69
candidate,map_a_open,OP9,OP9,OP9,7017,3.0,0.0,1,0,0,3.0,0.0,0.0,0.0,0.0,,,,,156.0,156.0,environment_exact,environment_exact,unavailable,environment_exact,environment_exact,unavailable,0.0,0.0,0.0,1.0,,,,78
baseline,map_a_open,OP9,OP9,OP9,7018,3.0,1.0,1,0,0,2.0,0.0,0.0,0.0,0.0,,,,,152.0,152.0,environment_exact,environment_exact,unavailable,environment_exact,environment_exact,unavailable,0.0,0.0,0.0,1.0,,,,76
candidate,map_a_open,OP9,OP9,OP9,7018,3.0,1.0,1,0,0,2.0,0.0,0.0,0.0,0.0,,,,,136.0,136.0,environment_exact,environment_exact,unavailable,environment_exact,environment_exact,unavailable,0.0,0.0,0.0,1.0,,,,68
baseline,map_a_open,OP9,OP9,OP9,7019,3.0,1.0,1,0,0,2.0,0.0,0.0,0.0,0.0,,,,,142.0,142.0,environment_exact,environment_exact,unavailable,environment_exact,environment_exact,unavailable,0.0,0.0,0.0,1.0,,,,71
candidate,map_a_open,OP9,OP9,OP9,7019,3.0,1.0,1,0,0,2.0,0.0,0.0,0.0,0.0,,,,,134.0,134.0,environment_exact,environment_exact,unavailable,environment_exact,environment_exact,unavailable,0.0,0.0,0.0,1.0,,,,67
baseline,map_a_open,OP10,OP10,OP10,7000,3.0,1.0,1,0,0,2.0,0.0,0.0,0.0,0.0,,,,,164.0,164.0,environment_exact,environment_exact,unavailable,environment_exact,environment_exact,unavailable,0.0,0.0,0.0,1.0,,,,82
candidate,map_a_open,OP10,OP10,OP10,7000,3.0,1.0,1,0,0,2.0,0.0,0.0,0.0,0.0,,,,,162.0,162.0,environment_exact,environment_exact,unavailable,environment_exact,environment_exact,unavailable,0.0,0.0,0.0,1.0,,,,81
baseline,map_a_open,OP10,OP10,OP10,7001,3.0,2.0,1,0,0,1.0,0.0,0.0,0.0,0.0,,,,,178.0,178.0,environment_exact,environment_exact,unavailable,environment_exact,environment_exact,unavailable,0.0,0.0,0.0,1.0,,,,89
candidate,map_a_open,OP10,OP10,OP10,7001,3.0,1.0,1,0,0,2.0,0.0,0.0,0.0,0.0,,,,,148.0,148.0,environment_exact,environment_exact,unavailable,environment_exact,environment_exact,unavailable,0.0,0.0,0.0,1.0,,,,74
baseline,map_a_open,OP10,OP10,OP10,7002,3.0,1.0,1,0,0,2.0,0.0,0.0,0.0,0.0,,,,,162.0,162.0,environment_exact,environment_exact,unavailable,environment_exact,environment_exact,unavailable,0.0,0.0,0.0,1.0,,,,81
candidate,map_a_open,OP10,OP10,OP10,7002,3.0,1.0,1,0,0,2.0,0.0,0.0,0.0,0.0,,,,,178.0,178.0,environment_exact,environment_exact,unavailable,environment_exact,environment_exact,unavailable,0.0,0.0,0.0,1.0,,,,89
baseline,map_a_open,OP10,OP10,OP10,7003,3.0,2.0,1,0,0,1.0,0.0,0.0,0.0,0.0,,,,,162.0,162.0,environment_exact,environment_exact,unavailable,environment_exact,environment_exact,unavailable,0.0,0.0,0.0,1.0,,,,81
candidate,map_a_open,OP10,OP10,OP10,7003,3.0,1.0,1,0,0,2.0,0.0,0.0,0.0,0.0,,,,,156.0,156.0,environment_exact,environment_exact,unavailable,environment_exact,environment_exact,unavailable,0.0,0.0,0.0,1.0,,,,78
baseline,map_a_open,OP10,OP10,OP10,7004,3.0,2.0,1,0,0,1.0,0.0,0.0,0.0,0.0,,,,,198.0,198.0,environment_exact,environment_exact,unavailable,environment_exact,environment_exact,unavailable,0.0,0.0,0.0,1.0,,,,99
candidate,map_a_open,OP10,OP10,OP10,7004,3.0,2.0,1,0,0,1.0,0.0,0.0,0.0,0.0,,,,,174.0,174.0,environment_exact,environment_exact,unavailable,environment_exact,environment_exact,unavailable,0.0,0.0,0.0,1.0,,,,87
baseline,map_a_open,OP10,OP10,OP10,7005,3.0,1.0,1,0,0,2.0,0.0,0.0,0.0,0.0,,,,,154.0,154.0,environment_exact,environment_exact,unavailable,environment_exact,environment_exact,unavailable,0.0,0.0,0.0,1.0,,,,77
candidate,map_a_open,OP10,OP10,OP10,7005,3.0,1.0,1,0,0,2.0,0.0,0.0,0.0,0.0,,,,,150.0,150.0,environment_exact,environment_exact,unavailable,environment_exact,environment_exact,unavailable,0.0,0.0,0.0,1.0,,,,75
baseline,map_a_open,OP10,OP10,OP10,7006,3.0,1.0,1,0,0,2.0,0.0,0.0,0.0,0.0,,,,,136.0,136.0,environment_exact,environment_exact,unavailable,environment_exact,environment_exact,unavailable,0.0,0.0,0.0,1.0,,,,68
candidate,map_a_open,OP10,OP10,OP10,7006,3.0,0.0,1,0,0,3.0,0.0,0.0,0.0,0.0,,,,,142.0,142.0,environment_exact,environment_exact,unavailable,environment_exact,environment_exact,unavailable,0.0,0.0,0.0,1.0,,,,71
baseline,map_a_open,OP10,OP10,OP10,7007,3.0,2.0,1,0,0,1.0,0.0,0.0,0.0,0.0,,,,,162.0,162.0,environment_exact,environment_exact,unavailable,environment_exact,environment_exact,unavailable,0.0,0.0,0.0,1.0,,,,81
candidate,map_a_open,OP10,OP10,OP10,7007,3.0,2.0,1,0,0,1.0,0.0,0.0,0.0,0.0,,,,,170.0,170.0,environment_exact,environment_exact,unavailable,environment_exact,environment_exact,unavailable,0.0,0.0,0.0,1.0,,,,85
baseline,map_a_open,OP10,OP10,OP10,7008,3.0,2.0,1,0,0,1.0,0.0,0.0,0.0,0.0,,,,,156.0,156.0,environment_exact,environment_exact,unavailable,environment_exact,environment_exact,unavailable,0.0,0.0,0.0,1.0,,,,78
candidate,map_a_open,OP10,OP10,OP10,7008,3.0,2.0,1,0,0,1.0,0.0,0.0,0.0,0.0,,,,,144.0,144.0,environment_exact,environment_exact,unavailable,environment_exact,environment_exact,unavailable,0.0,0.0,0.0,1.0,,,,72
baseline,map_a_open,OP10,OP10,OP10,7009,3.0,2.0,1,0,0,1.0,0.0,0.0,0.0,0.0,,,,,138.0,138.0,environment_exact,environment_exact,unavailable,environment_exact,environment_exact,unavailable,0.0,0.0,0.0,1.0,,,,69
candidate,map_a_open,OP10,OP10,OP10,7009,3.0,2.0,1,0,0,1.0,0.0,0.0,0.0,0.0,,,,,154.0,154.0,environment_exact,environment_exact,unavailable,environment_exact,environment_exact,unavailable,0.0,0.0,0.0,1.0,,,,77
baseline,map_a_open,OP10,OP10,OP10,7010,3.0,0.0,1,0,0,3.0,0.0,0.0,0.0,0.0,,,,,148.0,148.0,environment_exact,environment_exact,unavailable,environment_exact,environment_exact,unavailable,0.0,0.0,0.0,1.0,,,,74
candidate,map_a_open,OP10,OP10,OP10,7010,3.0,1.0,1,0,0,2.0,0.0,0.0,0.0,0.0,,,,,134.0,134.0,environment_exact,environment_exact,unavailable,environment_exact,environment_exact,unavailable,0.0,0.0,0.0,1.0,,,,67
baseline,map_a_open,OP10,OP10,OP10,7011,3.0,1.0,1,0,0,2.0,0.0,0.0,0.0,0.0,,,,,148.0,148.0,environment_exact,environment_exact,unavailable,environment_exact,environment_exact,unavailable,0.0,0.0,0.0,1.0,,,,74
candidate,map_a_open,OP10,OP10,OP10,7011,3.0,1.0,1,0,0,2.0,0.0,0.0,0.0,0.0,,,,,128.0,128.0,environment_exact,environment_exact,unavailable,environment_exact,environment_exact,unavailable,0.0,0.0,0.0,1.0,,,,64
baseline,map_a_open,OP10,OP10,OP10,7012,3.0,1.0,1,0,0,2.0,0.0,0.0,0.0,0.0,,,,,174.0,174.0,environment_exact,environment_exact,unavailable,environment_exact,environment_exact,unavailable,0.0,0.0,0.0,1.0,,,,87
candidate,map_a_open,OP10,OP10,OP10,7012,3.0,1.0,1,0,0,2.0,0.0,0.0,0.0,0.0,,,,,146.0,146.0,environment_exact,environment_exact,unavailable,environment_exact,environment_exact,unavailable,0.0,0.0,0.0,1.0,,,,73
baseline,map_a_open,OP10,OP10,OP10,7013,3.0,1.0,1,0,0,2.0,0.0,0.0,0.0,0.0,,,,,136.0,136.0,environment_exact,environment_exact,unavailable,environment_exact,environment_exact,unavailable,0.0,0.0,0.0,1.0,,,,68
candidate,map_a_open,OP10,OP10,OP10,7013,3.0,2.0,1,0,0,1.0,0.0,0.0,0.0,0.0,,,,,182.0,182.0,environment_exact,environment_exact,unavailable,environment_exact,environment_exact,unavailable,0.0,0.0,0.0,1.0,,,,91
baseline,map_a_open,OP10,OP10,OP10,7014,3.0,0.0,1,0,0,3.0,0.0,1.0,0.0,0.0,,,,,145.0,144.0,environment_exact,environment_exact,unavailable,environment_exact,environment_exact,unavailable,0.0,6.896551724137931,0.0,0.993103448275862,,,,76
candidate,map_a_open,OP10,OP10,OP10,7014,3.0,0.0,1,0,0,3.0,0.0,1.0,0.0,0.0,,,,,157.0,156.0,environment_exact,environment_exact,unavailable,environment_exact,environment_exact,unavailable,0.0,6.369426751592357,0.0,0.9936305732484076,,,,80
baseline,map_a_open,OP10,OP10,OP10,7015,2.0,3.0,0,1,0,-1.0,0.0,0.0,0.0,0.0,,,,,188.0,188.0,environment_exact,environment_exact,unavailable,environment_exact,environment_exact,unavailable,0.0,0.0,0.0,1.0,,,,94
candidate,map_a_open,OP10,OP10,OP10,7015,3.0,1.0,1,0,0,2.0,0.0,0.0,0.0,0.0,,,,,144.0,144.0,environment_exact,environment_exact,unavailable,environment_exact,environment_exact,unavailable,0.0,0.0,0.0,1.0,,,,72
baseline,map_a_open,OP10,OP10,OP10,7016,3.0,2.0,1,0,0,1.0,0.0,0.0,0.0,0.0,,,,,162.0,162.0,environment_exact,environment_exact,unavailable,environment_exact,environment_exact,unavailable,0.0,0.0,0.0,1.0,,,,81
candidate,map_a_open,OP10,OP10,OP10,7016,3.0,1.0,1,0,0,2.0,0.0,0.0,0.0,0.0,,,,,146.0,146.0,environment_exact,environment_exact,unavailable,environment_exact,environment_exact,unavailable,0.0,0.0,0.0,1.0,,,,73
baseline,map_a_open,OP10,OP10,OP10,7017,3.0,1.0,1,0,0,2.0,0.0,0.0,0.0,0.0,,,,,148.0,148.0,environment_exact,environment_exact,unavailable,environment_exact,environment_exact,unavailable,0.0,0.0,0.0,1.0,,,,74
candidate,map_a_open,OP10,OP10,OP10,7017,3.0,1.0,1,0,0,2.0,0.0,0.0,0.0,0.0,,,,,176.0,176.0,environment_exact,environment_exact,unavailable,environment_exact,environment_exact,unavailable,0.0,0.0,0.0,1.0,,,,88
baseline,map_a_open,OP10,OP10,OP10,7018,3.0,2.0,1,0,0,1.0,0.0,0.0,0.0,0.0,,,,,164.0,164.0,environment_exact,environment_exact,unavailable,environment_exact,environment_exact,unavailable,0.0,0.0,0.0,1.0,,,,82
candidate,map_a_open,OP10,OP10,OP10,7018,3.0,2.0,1,0,0,1.0,0.0,0.0,0.0,0.0,,,,,168.0,168.0,environment_exact,environment_exact,unavailable,environment_exact,environment_exact,unavailable,0.0,0.0,0.0,1.0,,,,84
baseline,map_a_open,OP10,OP10,OP10,7019,3.0,1.0,1,0,0,2.0,0.0,0.0,0.0,0.0,,,,,134.0,134.0,environment_exact,environment_exact,unavailable,environment_exact,environment_exact,unavailable,0.0,0.0,0.0,1.0,,,,67
candidate,map_a_open,OP10,OP10,OP10,7019,3.0,2.0,1,0,0,1.0,0.0,0.0,0.0,0.0,,,,,170.0,170.0,environment_exact,environment_exact,unavailable,environment_exact,environment_exact,unavailable,0.0,0.0,0.0,1.0,,,,85
baseline,map_b_split_lane,OP8,OP8,OP8,7000,2.0,3.0,0,1,0,-1.0,10.0,9.0,5.0,5.0,76.0,65.0,151.0,8.0,292.0,283.0,environment_exact,environment_exact,environment_exact,environment_exact,environment_exact,environment_exact,68.4931506849315,30.82191780821918,34.24657534246575,0.9691780821917808,0.2602739726027397,0.2226027397260274,8.0,146
candidate,map_b_split_lane,OP8,OP8,OP8,7000,3.0,2.0,1,0,0,1.0,3.0,3.0,1.0,1.0,56.0,37.0,121.0,5.0,214.0,211.0,environment_exact,environment_exact,environment_exact,environment_exact,environment_exact,environment_exact,28.037383177570092,14.018691588785046,9.345794392523365,0.985981308411215,0.2616822429906542,0.17289719626168223,5.0,107
baseline,map_b_split_lane,OP8,OP8,OP8,7001,3.0,1.0,1,0,0,2.0,5.0,3.0,1.0,1.0,10.0,95.0,117.0,1.0,222.0,219.0,environment_exact,environment_exact,environment_exact,environment_exact,environment_exact,environment_exact,45.04504504504504,13.513513513513514,9.00900900900901,0.9864864864864865,0.04504504504504504,0.42792792792792794,1.0,111
candidate,map_b_split_lane,OP8,OP8,OP8,7001,3.0,2.0,1,0,0,1.0,0.0,0.0,0.0,0.0,63.0,41.0,112.0,5.0,216.0,216.0,environment_exact,environment_exact,environment_exact,environment_exact,environment_exact,environment_exact,0.0,0.0,0.0,1.0,0.2916666666666667,0.18981481481481483,5.0,108
baseline,map_b_split_lane,OP8,OP8,OP8,7002,3.0,2.0,1,0,0,1.0,0.0,0.0,0.0,0.0,8.0,94.0,104.0,1.0,206.0,206.0,environment_exact,environment_exact,environment_exact,environment_exact,environment_exact,environment_exact,0.0,0.0,0.0,1.0,0.038834951456310676,0.4563106796116505,1.0,103
candidate,map_b_split_lane,OP8,OP8,OP8,7002,3.0,1.0,1,0,0,2.0,0.0,0.0,0.0,0.0,8.0,83.0,121.0,1.0,212.0,212.0,environment_exact,environment_exact,environment_exact,environment_exact,environment_exact,environment_exact,0.0,0.0,0.0,1.0,0.03773584905660377,0.3915094339622642,1.0,106
baseline,map_b_split_lane,OP8,OP8,OP8,7003,3.0,1.0,1,0,0,2.0,0.0,0.0,0.0,0.0,63.0,44.0,119.0,4.0,226.0,226.0,environment_exact,environment_exact,environment_exact,environment_exact,environment_exact,environment_exact,0.0,0.0,0.0,1.0,0.27876106194690264,0.19469026548672566,4.0,113
candidate,map_b_split_lane,OP8,OP8,OP8,7003,3.0,1.0,1,0,0,2.0,1.0,0.0,0.0,0.0,11.0,74.0,121.0,2.0,206.0,206.0,environment_exact,environment_exact,environment_exact,environment_exact,environment_exact,environment_exact,9.70873786407767,0.0,0.0,1.0,0.05339805825242718,0.3592233009708738,2.0,103
baseline,map_b_split_lane,OP8,OP8,OP8,7004,3.0,2.0,1,0,0,1.0,2.0,0.0,0.0,0.0,0.0,202.0,188.0,0.0,390.0,390.0,environment_exact,environment_exact,environment_exact,environment_exact,environment_exact,environment_exact,10.256410256410257,0.0,0.0,1.0,0.0,0.517948717948718,0.0,195
candidate,map_b_split_lane,OP8,OP8,OP8,7004,3.0,0.0,1,0,0,3.0,0.0,0.0,0.0,0.0,0.0,79.0,115.0,0.0,194.0,194.0,environment_exact,environment_exact,environment_exact,environment_exact,environment_exact,environment_exact,0.0,0.0,0.0,1.0,0.0,0.4072164948453608,0.0,97
baseline,map_b_split_lane,OP8,OP8,OP8,7005,3.0,1.0,1,0,0,2.0,1.0,0.0,0.0,0.0,30.0,50.0,144.0,4.0,224.0,224.0,environment_exact,environment_exact,environment_exact,environment_exact,environment_exact,environment_exact,8.928571428571429,0.0,0.0,1.0,0.13392857142857142,0.22321428571428573,4.0,112
candidate,map_b_split_lane,OP8,OP8,OP8,7005,3.0,1.0,1,0,0,2.0,2.0,0.0,0.0,0.0,23.0,69.0,98.0,4.0,190.0,190.0,environment_exact,environment_exact,environment_exact,environment_exact,environment_exact,environment_exact,21.05263157894737,0.0,0.0,1.0,0.12105263157894737,0.3631578947368421,4.0,95
baseline,map_b_split_lane,OP8,OP8,OP8,7006,3.0,2.0,1,0,0,1.0,0.0,0.0,0.0,0.0,40.0,54.0,122.0,3.0,216.0,216.0,environment_exact,environment_exact,environment_exact,environment_exact,environment_exact,environment_exact,0.0,0.0,0.0,1.0,0.18518518518518517,0.25,3.0,108
candidate,map_b_split_lane,OP8,OP8,OP8,7006,3.0,2.0,1,0,0,1.0,7.0,4.0,1.0,1.0,112.0,48.0,198.0,3.0,358.0,354.0,environment_exact,environment_exact,environment_exact,environment_exact,environment_exact,environment_exact,39.10614525139665,11.1731843575419,5.58659217877095,0.9888268156424581,0.3128491620111732,0.1340782122905028,3.0,179
baseline,map_b_split_lane,OP8,OP8,OP8,7007,3.0,1.0,1,0,0,2.0,0.0,0.0,0.0,0.0,0.0,90.0,102.0,0.0,192.0,192.0,environment_exact,environment_exact,environment_exact,environment_exact,environment_exact,environment_exact,0.0,0.0,0.0,1.0,0.0,0.46875,0.0,96
candidate,map_b_split_lane,OP8,OP8,OP8,7007,3.0,0.0,1,0,0,3.0,13.0,10.0,6.0,6.0,28.0,95.0,133.0,2.0,256.0,246.0,environment_exact,environment_exact,environment_exact,environment_exact,environment_exact,environment_exact,101.5625,39.0625,46.875,0.9609375,0.109375,0.37109375,2.0,128
baseline,map_b_split_lane,OP8,OP8,OP8,7008,3.0,2.0,1,0,0,1.0,0.0,0.0,0.0,0.0,28.0,78.0,160.0,5.0,266.0,266.0,environment_exact,environment_exact,environment_exact,environment_exact,environment_exact,environment_exact,0.0,0.0,0.0,1.0,0.10526315789473684,0.2932330827067669,5.0,133
candidate,map_b_split_lane,OP8,OP8,OP8,7008,3.0,1.0,1,0,0,2.0,0.0,0.0,0.0,0.0,9.0,97.0,118.0,1.0,224.0,224.0,environment_exact,environment_exact,environment_exact,environment_exact,environment_exact,environment_exact,0.0,0.0,0.0,1.0,0.04017857142857143,0.4330357142857143,1.0,112
baseline,map_b_split_lane,OP8,OP8,OP8,7009,2.0,3.0,0,1,0,-1.0,0.0,0.0,0.0,0.0,93.0,17.0,134.0,4.0,244.0,244.0,environment_exact,environment_exact,environment_exact,environment_exact,environment_exact,environment_exact,0.0,0.0,0.0,1.0,0.38114754098360654,0.06967213114754098,4.0,122
candidate,map_b_split_lane,OP8,OP8,OP8,7009,3.0,2.0,1,0,0,1.0,0.0,0.0,0.0,0.0,45.0,42.0,127.0,6.0,214.0,214.0,environment_exact,environment_exact,environment_exact,environment_exact,environment_exact,environment_exact,0.0,0.0,0.0,1.0,0.2102803738317757,0.19626168224299065,6.0,107
baseline,map_b_split_lane,OP8,OP8,OP8,7010,3.0,2.0,1,0,0,1.0,0.0,0.0,0.0,0.0,20.0,97.0,133.0,3.0,250.0,250.0,environment_exact,environment_exact,environment_exact,environment_exact,environment_exact,environment_exact,0.0,0.0,0.0,1.0,0.08,0.388,3.0,125
candidate,map_b_split_lane,OP8,OP8,OP8,7010,3.0,0.0,1,0,0,3.0,14.0,11.0,7.0,7.0,46.0,43.0,103.0,5.0,192.0,181.0,environment_exact,environment_exact,environment_exact,environment_exact,environment_exact,environment_exact,145.83333333333334,57.291666666666664,72.91666666666667,0.9427083333333334,0.23958333333333334,0.22395833333333334,5.0,96
baseline,map_b_split_lane,OP8,OP8,OP8,7011,3.0,1.0,1,0,0,2.0,0.0,0.0,0.0,0.0,77.0,34.0,123.0,3.0,234.0,234.0,environment_exact,environment_exact,environment_exact,environment_exact,environment_exact,environment_exact,0.0,0.0,0.0,1.0,0.32905982905982906,0.1452991452991453,3.0,117
candidate,map_b_split_lane,OP8,OP8,OP8,7011,3.0,0.0,1,0,0,3.0,0.0,0.0,0.0,0.0,37.0,37.0,136.0,4.0,210.0,210.0,environment_exact,environment_exact,environment_exact,environment_exact,environment_exact,environment_exact,0.0,0.0,0.0,1.0,0.1761904761904762,0.1761904761904762,4.0,105
baseline,map_b_split_lane,OP8,OP8,OP8,7012,3.0,1.0,1,0,0,2.0,0.0,0.0,0.0,0.0,36.0,52.0,116.0,3.0,204.0,204.0,environment_exact,environment_exact,environment_exact,environment_exact,environment_exact,environment_exact,0.0,0.0,0.0,1.0,0.17647058823529413,0.2549019607843137,3.0,102
candidate,map_b_split_lane,OP8,OP8,OP8,7012,3.0,1.0,1,0,0,2.0,0.0,0.0,0.0,0.0,85.0,21.0,136.0,3.0,242.0,242.0,environment_exact,environment_exact,environment_exact,environment_exact,environment_exact,environment_exact,0.0,0.0,0.0,1.0,0.3512396694214876,0.08677685950413223,3.0,121
baseline,map_b_split_lane,OP8,OP8,OP8,7013,3.0,0.0,1,0,0,3.0,1.0,0.0,0.0,0.0,0.0,91.0,99.0,0.0,190.0,190.0,environment_exact,environment_exact,environment_exact,environment_exact,environment_exact,environment_exact,10.526315789473685,0.0,0.0,1.0,0.0,0.4789473684210526,0.0,95
candidate,map_b_split_lane,OP8,OP8,OP8,7013,3.0,0.0,1,0,0,3.0,0.0,0.0,0.0,0.0,14.0,79.0,123.0,1.0,216.0,216.0,environment_exact,environment_exact,environment_exact,environment_exact,environment_exact,environment_exact,0.0,0.0,0.0,1.0,0.06481481481481481,0.36574074074074076,1.0,108
baseline,map_b_split_lane,OP8,OP8,OP8,7014,3.0,1.0,1,0,0,2.0,0.0,0.0,0.0,0.0,55.0,27.0,132.0,5.0,214.0,214.0,environment_exact,environment_exact,environment_exact,environment_exact,environment_exact,environment_exact,0.0,0.0,0.0,1.0,0.2570093457943925,0.1261682242990654,5.0,107
candidate,map_b_split_lane,OP8,OP8,OP8,7014,3.0,1.0,1,0,0,2.0,0.0,0.0,0.0,0.0,56.0,39.0,123.0,3.0,218.0,218.0,environment_exact,environment_exact,environment_exact,environment_exact,environment_exact,environment_exact,0.0,0.0,0.0,1.0,0.25688073394495414,0.17889908256880735,3.0,109
baseline,map_b_split_lane,OP8,OP8,OP8,7015,3.0,1.0,1,0,0,2.0,0.0,0.0,0.0,0.0,20.0,82.0,118.0,3.0,220.0,220.0,environment_exact,environment_exact,environment_exact,environment_exact,environment_exact,environment_exact,0.0,0.0,0.0,1.0,0.09090909090909091,0.37272727272727274,3.0,110
candidate,map_b_split_lane,OP8,OP8,OP8,7015,3.0,2.0,1,0,0,1.0,0.0,0.0,0.0,0.0,11.0,86.0,157.0,1.0,254.0,254.0,environment_exact,environment_exact,environment_exact,environment_exact,environment_exact,environment_exact,0.0,0.0,0.0,1.0,0.04330708661417323,0.33858267716535434,1.0,127
baseline,map_b_split_lane,OP8,OP8,OP8,7016,3.0,0.0,1,0,0,3.0,0.0,0.0,0.0,0.0,20.0,73.0,119.0,3.0,212.0,212.0,environment_exact,environment_exact,environment_exact,environment_exact,environment_exact,environment_exact,0.0,0.0,0.0,1.0,0.09433962264150944,0.3443396226415094,3.0,106
candidate,map_b_split_lane,OP8,OP8,OP8,7016,3.0,1.0,1,0,0,2.0,0.0,0.0,0.0,0.0,55.0,49.0,176.0,5.0,280.0,280.0,environment_exact,environment_exact,environment_exact,environment_exact,environment_exact,environment_exact,0.0,0.0,0.0,1.0,0.19642857142857142,0.175,5.0,140
baseline,map_b_split_lane,OP8,OP8,OP8,7017,3.0,1.0,1,0,0,2.0,1.0,0.0,0.0,0.0,10.0,92.0,150.0,4.0,252.0,252.0,environment_exact,environment_exact,environment_exact,environment_exact,environment_exact,environment_exact,7.936507936507937,0.0,0.0,1.0,0.03968253968253968,0.36507936507936506,4.0,126
candidate,map_b_split_lane,OP8,OP8,OP8,7017,3.0,2.0,1,0,0,1.0,4.0,2.0,0.0,0.0,15.0,141.0,172.0,4.0,328.0,326.0,environment_exact,environment_exact,environment_exact,environment_exact,environment_exact,environment_exact,24.390243902439025,6.097560975609756,0.0,0.9939024390243902,0.04573170731707317,0.4298780487804878,4.0,164
baseline,map_b_split_lane,OP8,OP8,OP8,7018,3.0,1.0,1,0,0,2.0,0.0,0.0,0.0,0.0,6.0,88.0,128.0,2.0,222.0,222.0,environment_exact,environment_exact,environment_exact,environment_exact,environment_exact,environment_exact,0.0,0.0,0.0,1.0,0.02702702702702703,0.3963963963963964,2.0,111
candidate,map_b_split_lane,OP8,OP8,OP8,7018,3.0,2.0,1,0,0,1.0,0.0,0.0,0.0,0.0,6.0,88.0,134.0,2.0,228.0,228.0,environment_exact,environment_exact,environment_exact,environment_exact,environment_exact,environment_exact,0.0,0.0,0.0,1.0,0.02631578947368421,0.38596491228070173,2.0,114
baseline,map_b_split_lane,OP8,OP8,OP8,7019,2.0,3.0,0,1,0,-1.0,1.0,0.0,0.0,0.0,0.0,106.0,130.0,0.0,236.0,236.0,environment_exact,environment_exact,environment_exact,environment_exact,environment_exact,environment_exact,8.474576271186441,0.0,0.0,1.0,0.0,0.4491525423728814,0.0,118
candidate,map_b_split_lane,OP8,OP8,OP8,7019,3.0,2.0,1,0,0,1.0,0.0,0.0,0.0,0.0,6.0,95.0,133.0,1.0,234.0,234.0,environment_exact,environment_exact,environment_exact,environment_exact,environment_exact,environment_exact,0.0,0.0,0.0,1.0,0.02564102564102564,0.405982905982906,1.0,117
baseline,map_b_split_lane,OP9,OP9,OP9,7000,3.0,2.0,1,0,0,1.0,5.0,3.0,1.0,1.0,0.0,104.0,116.0,0.0,220.0,217.0,environment_exact,environment_exact,environment_exact,environment_exact,environment_exact,environment_exact,45.45454545454545,13.636363636363637,9.090909090909092,0.9863636363636363,0.0,0.4727272727272727,0.0,110
candidate,map_b_split_lane,OP9,OP9,OP9,7000,3.0,2.0,1,0,0,1.0,0.0,0.0,0.0,0.0,9.0,94.0,123.0,2.0,226.0,226.0,environment_exact,environment_exact,environment_exact,environment_exact,environment_exact,environment_exact,0.0,0.0,0.0,1.0,0.03982300884955752,0.415929203539823,2.0,113
baseline,map_b_split_lane,OP9,OP9,OP9,7001,3.0,2.0,1,0,0,1.0,0.0,0.0,0.0,0.0,19.0,91.0,116.0,3.0,226.0,226.0,environment_exact,environment_exact,environment_exact,environment_exact,environment_exact,environment_exact,0.0,0.0,0.0,1.0,0.084070796460177,0.4026548672566372,3.0,113
candidate,map_b_split_lane,OP9,OP9,OP9,7001,3.0,1.0,1,0,0,2.0,0.0,0.0,0.0,0.0,9.0,83.0,118.0,1.0,210.0,210.0,environment_exact,environment_exact,environment_exact,environment_exact,environment_exact,environment_exact,0.0,0.0,0.0,1.0,0.04285714285714286,0.3952380952380952,1.0,105
baseline,map_b_split_lane,OP9,OP9,OP9,7002,3.0,2.0,1,0,0,1.0,0.0,0.0,0.0,0.0,27.0,53.0,112.0,7.0,192.0,192.0,environment_exact,environment_exact,environment_exact,environment_exact,environment_exact,environment_exact,0.0,0.0,0.0,1.0,0.140625,0.2760416666666667,7.0,96
candidate,map_b_split_lane,OP9,OP9,OP9,7002,3.0,1.0,1,0,0,2.0,0.0,0.0,0.0,0.0,27.0,47.0,112.0,7.0,186.0,186.0,environment_exact,environment_exact,environment_exact,environment_exact,environment_exact,environment_exact,0.0,0.0,0.0,1.0,0.14516129032258066,0.25268817204301075,7.0,93
baseline,map_b_split_lane,OP9,OP9,OP9,7003,3.0,1.0,1,0,0,2.0,10.0,9.0,7.0,7.0,38.0,48.0,120.0,1.0,206.0,197.0,environment_exact,environment_exact,environment_exact,environment_exact,environment_exact,environment_exact,97.0873786407767,43.689320388349515,67.96116504854369,0.9563106796116505,0.18446601941747573,0.23300970873786409,1.0,103
candidate,map_b_split_lane,OP9,OP9,OP9,7003,3.0,1.0,1,0,0,2.0,5.0,2.0,0.0,0.0,11.0,87.0,108.0,3.0,206.0,204.0,environment_exact,environment_exact,environment_exact,environment_exact,environment_exact,environment_exact,48.54368932038835,9.70873786407767,0.0,0.9902912621359223,0.05339805825242718,0.4223300970873786,3.0,103
baseline,map_b_split_lane,OP9,OP9,OP9,7004,3.0,1.0,1,0,0,2.0,0.0,0.0,0.0,0.0,35.0,56.0,155.0,4.0,246.0,246.0,environment_exact,environment_exact,environment_exact,environment_exact,environment_exact,environment_exact,0.0,0.0,0.0,1.0,0.14227642276422764,0.22764227642276422,4.0,123
candidate,map_b_split_lane,OP9,OP9,OP9,7004,3.0,1.0,1,0,0,2.0,0.0,0.0,0.0,0.0,0.0,94.0,120.0,0.0,214.0,214.0,environment_exact,environment_exact,environment_exact,environment_exact,environment_exact,environment_exact,0.0,0.0,0.0,1.0,0.0,0.4392523364485981,0.0,107
baseline,map_b_split_lane,OP9,OP9,OP9,7005,3.0,1.0,1,0,0,2.0,1.0,0.0,0.0,0.0,9.0,116.0,97.0,1.0,222.0,222.0,environment_exact,environment_exact,environment_exact,environment_exact,environment_exact,environment_exact,9.00900900900901,0.0,0.0,1.0,0.04054054054054054,0.5225225225225225,1.0,111
candidate,map_b_split_lane,OP9,OP9,OP9,7005,3.0,1.0,1,0,0,2.0,0.0,0.0,0.0,0.0,0.0,79.0,91.0,0.0,170.0,170.0,environment_exact,environment_exact,environment_exact,environment_exact,environment_exact,environment_exact,0.0,0.0,0.0,1.0,0.0,0.4647058823529412,0.0,85
baseline,map_b_split_lane,OP9,OP9,OP9,7006,3.0,1.0,1,0,0,2.0,2.0,0.0,0.0,0.0,16.0,73.0,115.0,1.0,204.0,204.0,environment_exact,environment_exact,environment_exact,environment_exact,environment_exact,environment_exact,19.607843137254903,0.0,0.0,1.0,0.0784313725490196,0.35784313725490197,1.0,102
candidate,map_b_split_lane,OP9,OP9,OP9,7006,3.0,1.0,1,0,0,2.0,2.0,0.0,0.0,0.0,25.0,66.0,109.0,3.0,200.0,200.0,environment_exact,environment_exact,environment_exact,environment_exact,environment_exact,environment_exact,20.0,0.0,0.0,1.0,0.125,0.33,3.0,100
baseline,map_b_split_lane,OP9,OP9,OP9,7007,3.0,1.0,1,0,0,2.0,0.0,0.0,0.0,0.0,0.0,87.0,111.0,0.0,198.0,198.0,environment_exact,environment_exact,environment_exact,environment_exact,environment_exact,environment_exact,0.0,0.0,0.0,1.0,0.0,0.4393939393939394,0.0,99
candidate,map_b_split_lane,OP9,OP9,OP9,7007,3.0,1.0,1,0,0,2.0,0.0,0.0,0.0,0.0,0.0,93.0,115.0,0.0,208.0,208.0,environment_exact,environment_exact,environment_exact,environment_exact,environment_exact,environment_exact,0.0,0.0,0.0,1.0,0.0,0.44711538461538464,0.0,104
baseline,map_b_split_lane,OP9,OP9,OP9,7008,3.0,1.0,1,0,0,2.0,3.0,0.0,0.0,0.0,18.0,79.0,109.0,3.0,206.0,206.0,environment_exact,environment_exact,environment_exact,environment_exact,environment_exact,environment_exact,29.12621359223301,0.0,0.0,1.0,0.08737864077669903,0.38349514563106796,3.0,103
candidate,map_b_split_lane,OP9,OP9,OP9,7008,3.0,1.0,1,0,0,2.0,12.0,10.0,7.0,7.0,28.0,62.0,98.0,2.0,188.0,178.0,environment_exact,environment_exact,environment_exact,environment_exact,environment_exact,environment_exact,127.65957446808511,53.191489361702125,74.46808510638297,0.9468085106382979,0.14893617021276595,0.32978723404255317,2.0,94
baseline,map_b_split_lane,OP9,OP9,OP9,7009,3.0,1.0,1,0,0,2.0,4.0,3.0,1.0,1.0,88.0,15.0,123.0,4.0,226.0,223.0,environment_exact,environment_exact,environment_exact,environment_exact,environment_exact,environment_exact,35.39823008849557,13.274336283185841,8.849557522123893,0.9867256637168141,0.3893805309734513,0.06637168141592921,4.0,113
candidate,map_b_split_lane,OP9,OP9,OP9,7009,3.0,2.0,1,0,0,1.0,0.0,0.0,0.0,0.0,82.0,17.0,125.0,4.0,223.0,223.0,environment_exact,environment_exact,environment_exact,environment_exact,environment_exact,environment_exact,0.0,0.0,0.0,1.0,0.36607142857142855,0.07589285714285714,4.0,112
baseline,map_b_split_lane,OP9,OP9,OP9,7010,3.0,1.0,1,0,0,2.0,0.0,0.0,0.0,0.0,26.0,82.0,108.0,3.0,216.0,216.0,environment_exact,environment_exact,environment_exact,environment_exact,environment_exact,environment_exact,0.0,0.0,0.0,1.0,0.12037037037037036,0.37962962962962965,3.0,108
candidate,map_b_split_lane,OP9,OP9,OP9,7010,3.0,1.0,1,0,0,2.0,0.0,0.0,0.0,0.0,11.0,89.0,130.0,1.0,230.0,230.0,environment_exact,environment_exact,environment_exact,environment_exact,environment_exact,environment_exact,0.0,0.0,0.0,1.0,0.04782608695652174,0.3869565217391304,1.0,115
baseline,map_b_split_lane,OP9,OP9,OP9,7011,3.0,2.0,1,0,0,1.0,7.0,5.0,1.0,1.0,43.0,118.0,147.0,3.0,308.0,303.0,environment_exact,environment_exact,environment_exact,environment_exact,environment_exact,environment_exact,45.45454545454545,16.233766233766232,6.4935064935064934,0.9837662337662337,0.1396103896103896,0.38311688311688313,3.0,154
candidate,map_b_split_lane,OP9,OP9,OP9,7011,3.0,1.0,1,0,0,2.0,0.0,0.0,0.0,0.0,36.0,61.0,121.0,3.0,218.0,218.0,environment_exact,environment_exact,environment_exact,environment_exact,environment_exact,environment_exact,0.0,0.0,0.0,1.0,0.1651376146788991,0.2798165137614679,3.0,109
baseline,map_b_split_lane,OP9,OP9,OP9,7012,3.0,1.0,1,0,0,2.0,0.0,0.0,0.0,0.0,102.0,0.0,132.0,0.0,234.0,234.0,environment_exact,environment_exact,environment_exact,environment_exact,environment_exact,environment_exact,0.0,0.0,0.0,1.0,0.4358974358974359,0.0,0.0,117
candidate,map_b_split_lane,OP9,OP9,OP9,7012,3.0,2.0,1,0,0,1.0,0.0,0.0,0.0,0.0,64.0,35.0,157.0,3.0,256.0,256.0,environment_exact,environment_exact,environment_exact,environment_exact,environment_exact,environment_exact,0.0,0.0,0.0,1.0,0.25,0.13671875,3.0,128
baseline,map_b_split_lane,OP9,OP9,OP9,7013,3.0,1.0,1,0,0,2.0,0.0,0.0,0.0,0.0,0.0,101.0,109.0,0.0,210.0,210.0,environment_exact,environment_exact,environment_exact,environment_exact,environment_exact,environment_exact,0.0,0.0,0.0,1.0,0.0,0.48095238095238096,0.0,105
candidate,map_b_split_lane,OP9,OP9,OP9,7013,3.0,2.0,1,0,0,1.0,4.0,3.0,0.0,0.0,0.0,106.0,114.0,0.0,220.0,217.0,environment_exact,environment_exact,environment_exact,environment_exact,environment_exact,environment_exact,36.36363636363637,13.636363636363637,0.0,0.9863636363636363,0.0,0.4818181818181818,0.0,110
baseline,map_b_split_lane,OP9,OP9,OP9,7014,3.0,2.0,1,0,0,1.0,0.0,0.0,0.0,0.0,20.0,92.0,136.0,3.0,248.0,248.0,environment_exact,environment_exact,environment_exact,environment_exact,environment_exact,environment_exact,0.0,0.0,0.0,1.0,0.08064516129032258,0.3709677419354839,3.0,124
candidate,map_b_split_lane,OP9,OP9,OP9,7014,3.0,2.0,1,0,0,1.0,0.0,0.0,0.0,0.0,67.0,44.0,151.0,4.0,262.0,262.0,environment_exact,environment_exact,environment_exact,environment_exact,environment_exact,environment_exact,0.0,0.0,0.0,1.0,0.25572519083969464,0.16793893129770993,4.0,131
baseline,map_b_split_lane,OP9,OP9,OP9,7015,3.0,2.0,1,0,0,1.0,1.0,0.0,0.0,0.0,19.0,73.0,122.0,3.0,214.0,214.0,environment_exact,environment_exact,environment_exact,environment_exact,environment_exact,environment_exact,9.345794392523365,0.0,0.0,1.0,0.08878504672897196,0.3411214953271028,3.0,107
candidate,map_b_split_lane,OP9,OP9,OP9,7015,3.0,2.0,1,0,0,1.0,1.0,0.0,0.0,0.0,17.0,76.0,119.0,3.0,212.0,212.0,environment_exact,environment_exact,environment_exact,environment_exact,environment_exact,environment_exact,9.433962264150944,0.0,0.0,1.0,0.08018867924528301,0.3584905660377358,3.0,106
baseline,map_b_split_lane,OP9,OP9,OP9,7016,3.0,2.0,1,0,0,1.0,0.0,0.0,0.0,0.0,74.0,15.0,119.0,3.0,208.0,208.0,environment_exact,environment_exact,environment_exact,environment_exact,environment_exact,environment_exact,0.0,0.0,0.0,1.0,0.3557692307692308,0.07211538461538461,3.0,104
candidate,map_b_split_lane,OP9,OP9,OP9,7016,3.0,1.0,1,0,0,2.0,0.0,0.0,0.0,0.0,63.0,20.0,125.0,4.0,208.0,208.0,environment_exact,environment_exact,environment_exact,environment_exact,environment_exact,environment_exact,0.0,0.0,0.0,1.0,0.30288461538461536,0.09615384615384616,4.0,104
baseline,map_b_split_lane,OP9,OP9,OP9,7017,3.0,1.0,1,0,0,2.0,4.0,3.0,1.0,1.0,43.0,48.0,103.0,5.0,194.0,191.0,environment_exact,environment_exact,environment_exact,environment_exact,environment_exact,environment_exact,41.23711340206186,15.463917525773196,10.309278350515465,0.9845360824742269,0.22164948453608246,0.24742268041237114,5.0,97
candidate,map_b_split_lane,OP9,OP9,OP9,7017,3.0,1.0,1,0,0,2.0,18.0,11.0,3.0,3.0,35.0,85.0,104.0,1.0,224.0,213.0,environment_exact,environment_exact,environment_exact,environment_exact,environment_exact,environment_exact,160.71428571428572,49.107142857142854,26.785714285714285,0.9508928571428571,0.15625,0.3794642857142857,1.0,112
baseline,map_b_split_lane,OP9,OP9,OP9,7018,3.0,0.0,1,0,0,3.0,2.0,1.0,0.0,0.0,20.0,63.0,127.0,3.0,210.0,209.0,environment_exact,environment_exact,environment_exact,environment_exact,environment_exact,environment_exact,19.047619047619047,4.761904761904762,0.0,0.9952380952380953,0.09523809523809523,0.3,3.0,105
candidate,map_b_split_lane,OP9,OP9,OP9,7018,3.0,0.0,1,0,0,3.0,7.0,6.0,4.0,4.0,32.0,54.0,126.0,4.0,212.0,206.0,environment_exact,environment_exact,environment_exact,environment_exact,environment_exact,environment_exact,66.0377358490566,28.30188679245283,37.735849056603776,0.9716981132075472,0.1509433962264151,0.25471698113207547,4.0,106
baseline,map_b_split_lane,OP9,OP9,OP9,7019,3.0,2.0,1,0,0,1.0,0.0,0.0,0.0,0.0,30.0,66.0,124.0,4.0,220.0,220.0,environment_exact,environment_exact,environment_exact,environment_exact,environment_exact,environment_exact,0.0,0.0,0.0,1.0,0.13636363636363635,0.3,4.0,110
candidate,map_b_split_lane,OP9,OP9,OP9,7019,3.0,2.0,1,0,0,1.0,8.0,6.0,1.0,1.0,31.0,70.0,121.0,1.0,222.0,216.0,environment_exact,environment_exact,environment_exact,environment_exact,environment_exact,environment_exact,72.07207207207207,27.027027027027028,9.00900900900901,0.972972972972973,0.13963963963963963,0.3153153153153153,1.0,111
baseline,map_b_split_lane,OP10,OP10,OP10,7000,3.0,2.0,1,0,0,1.0,0.0,0.0,0.0,0.0,9.0,81.0,132.0,2.0,222.0,222.0,environment_exact,environment_exact,environment_exact,environment_exact,environment_exact,environment_exact,0.0,0.0,0.0,1.0,0.04054054054054054,0.36486486486486486,2.0,111
candidate,map_b_split_lane,OP10,OP10,OP10,7000,3.0,2.0,1,0,0,1.0,4.0,3.0,1.0,1.0,72.0,27.0,127.0,3.0,226.0,223.0,environment_exact,environment_exact,environment_exact,environment_exact,environment_exact,environment_exact,35.39823008849557,13.274336283185841,8.849557522123893,0.9867256637168141,0.3185840707964602,0.11946902654867257,3.0,113
baseline,map_b_split_lane,OP10,OP10,OP10,7001,3.0,2.0,1,0,0,1.0,1.0,0.0,0.0,0.0,45.0,54.0,145.0,5.0,244.0,244.0,environment_exact,environment_exact,environment_exact,environment_exact,environment_exact,environment_exact,8.19672131147541,0.0,0.0,1.0,0.18442622950819673,0.22131147540983606,5.0,122
candidate,map_b_split_lane,OP10,OP10,OP10,7001,3.0,2.0,1,0,0,1.0,0.0,0.0,0.0,0.0,70.0,15.0,131.0,3.0,216.0,216.0,environment_exact,environment_exact,environment_exact,environment_exact,environment_exact,environment_exact,0.0,0.0,0.0,1.0,0.32407407407407407,0.06944444444444445,3.0,108
baseline,map_b_split_lane,OP10,OP10,OP10,7002,3.0,1.0,1,0,0,2.0,0.0,0.0,0.0,0.0,8.0,63.0,125.0,1.0,196.0,196.0,environment_exact,environment_exact,environment_exact,environment_exact,environment_exact,environment_exact,0.0,0.0,0.0,1.0,0.04081632653061224,0.32142857142857145,1.0,98
candidate,map_b_split_lane,OP10,OP10,OP10,7002,3.0,1.0,1,0,0,2.0,4.0,2.0,0.0,0.0,8.0,82.0,106.0,1.0,196.0,194.0,environment_exact,environment_exact,environment_exact,environment_exact,environment_exact,environment_exact,40.816326530612244,10.204081632653061,0.0,0.9897959183673469,0.04081632653061224,0.41836734693877553,1.0,98
baseline,map_b_split_lane,OP10,OP10,OP10,7003,3.0,0.0,1,0,0,3.0,9.0,6.0,2.0,2.0,34.0,56.0,96.0,2.0,186.0,180.0,environment_exact,environment_exact,environment_exact,environment_exact,environment_exact,environment_exact,96.7741935483871,32.25806451612903,21.50537634408602,0.967741935483871,0.1827956989247312,0.3010752688172043,2.0,93
candidate,map_b_split_lane,OP10,OP10,OP10,7003,3.0,2.0,1,0,0,1.0,0.0,0.0,0.0,0.0,53.0,52.0,131.0,5.0,236.0,236.0,environment_exact,environment_exact,environment_exact,environment_exact,environment_exact,environment_exact,0.0,0.0,0.0,1.0,0.2245762711864407,0.22033898305084745,5.0,118
baseline,map_b_split_lane,OP10,OP10,OP10,7004,3.0,1.0,1,0,0,2.0,1.0,0.0,0.0,0.0,8.0,74.0,120.0,2.0,202.0,202.0,environment_exact,environment_exact,environment_exact,environment_exact,environment_exact,environment_exact,9.900990099009901,0.0,0.0,1.0,0.039603960396039604,0.36633663366336633,2.0,101
candidate,map_b_split_lane,OP10,OP10,OP10,7004,3.0,1.0,1,0,0,2.0,4.0,3.0,1.0,1.0,18.0,76.0,120.0,4.0,214.0,211.0,environment_exact,environment_exact,environment_exact,environment_exact,environment_exact,environment_exact,37.38317757009346,14.018691588785046,9.345794392523365,0.985981308411215,0.08411214953271028,0.35514018691588783,4.0,107
baseline,map_b_split_lane,OP10,OP10,OP10,7005,3.0,2.0,1,0,0,1.0,2.0,1.0,0.0,0.0,31.0,84.0,127.0,3.0,242.0,241.0,environment_exact,environment_exact,environment_exact,environment_exact,environment_exact,environment_exact,16.52892561983471,4.132231404958677,0.0,0.9958677685950413,0.128099173553719,0.34710743801652894,3.0,121
candidate,map_b_split_lane,OP10,OP10,OP10,7005,3.0,1.0,1,0,0,2.0,0.0,0.0,0.0,0.0,0.0,73.0,127.0,0.0,200.0,200.0,environment_exact,environment_exact,environment_exact,environment_exact,environment_exact,environment_exact,0.0,0.0,0.0,1.0,0.0,0.365,0.0,100
baseline,map_b_split_lane,OP10,OP10,OP10,7006,3.0,1.0,1,0,0,2.0,0.0,0.0,0.0,0.0,65.0,34.0,135.0,3.0,234.0,234.0,environment_exact,environment_exact,environment_exact,environment_exact,environment_exact,environment_exact,0.0,0.0,0.0,1.0,0.2777777777777778,0.1452991452991453,3.0,117
candidate,map_b_split_lane,OP10,OP10,OP10,7006,3.0,2.0,1,0,0,1.0,0.0,0.0,0.0,0.0,22.0,69.0,139.0,3.0,230.0,230.0,environment_exact,environment_exact,environment_exact,environment_exact,environment_exact,environment_exact,0.0,0.0,0.0,1.0,0.09565217391304348,0.3,3.0,115
baseline,map_b_split_lane,OP10,OP10,OP10,7007,3.0,1.0,1,0,0,2.0,1.0,0.0,0.0,0.0,0.0,67.0,113.0,0.0,180.0,180.0,environment_exact,environment_exact,environment_exact,environment_exact,environment_exact,environment_exact,11.11111111111111,0.0,0.0,1.0,0.0,0.37222222222222223,0.0,90
candidate,map_b_split_lane,OP10,OP10,OP10,7007,3.0,1.0,1,0,0,2.0,2.0,0.0,0.0,0.0,0.0,90.0,94.0,0.0,184.0,184.0,environment_exact,environment_exact,environment_exact,environment_exact,environment_exact,environment_exact,21.73913043478261,0.0,0.0,1.0,0.0,0.4891304347826087,0.0,92
baseline,map_b_split_lane,OP10,OP10,OP10,7008,3.0,1.0,1,0,0,2.0,0.0,0.0,0.0,0.0,13.0,79.0,108.0,1.0,200.0,200.0,environment_exact,environment_exact,environment_exact,environment_exact,environment_exact,environment_exact,0.0,0.0,0.0,1.0,0.065,0.395,1.0,100
candidate,map_b_split_lane,OP10,OP10,OP10,7008,2.0,3.0,0,1,0,-1.0,2.0,2.0,0.0,0.0,22.0,109.0,145.0,3.0,276.0,274.0,environment_exact,environment_exact,environment_exact,environment_exact,environment_exact,environment_exact,14.492753623188406,7.246376811594203,0.0,0.9927536231884058,0.07971014492753623,0.39492753623188404,3.0,138
baseline,map_b_split_lane,OP10,OP10,OP10,7009,3.0,2.0,1,0,0,1.0,2.0,1.0,0.0,0.0,78.0,23.0,129.0,4.0,230.0,229.0,environment_exact,environment_exact,environment_exact,environment_exact,environment_exact,environment_exact,17.391304347826086,4.3478260869565215,0.0,0.9956521739130435,0.3391304347826087,0.1,4.0,115
candidate,map_b_split_lane,OP10,OP10,OP10,7009,3.0,2.0,1,0,0,1.0,7.0,4.0,0.0,0.0,56.0,49.0,103.0,2.0,208.0,204.0,environment_exact,environment_exact,environment_exact,environment_exact,environment_exact,environment_exact,67.3076923076923,19.23076923076923,0.0,0.9807692307692307,0.2692307692307692,0.23557692307692307,2.0,104
baseline,map_b_split_lane,OP10,OP10,OP10,7010,2.0,3.0,0,1,0,-1.0,2.0,0.0,0.0,0.0,42.0,57.0,155.0,5.0,254.0,254.0,environment_exact,environment_exact,environment_exact,environment_exact,environment_exact,environment_exact,15.748031496062993,0.0,0.0,1.0,0.16535433070866143,0.22440944881889763,5.0,127
candidate,map_b_split_lane,OP10,OP10,OP10,7010,3.0,2.0,1,0,0,1.0,13.0,11.0,7.0,7.0,45.0,62.0,109.0,1.0,216.0,205.0,environment_exact,environment_exact,environment_exact,environment_exact,environment_exact,environment_exact,120.37037037037037,50.925925925925924,64.81481481481481,0.9490740740740741,0.20833333333333334,0.28703703703703703,1.0,108
baseline,map_b_split_lane,OP10,OP10,OP10,7011,3.0,2.0,1,0,0,1.0,0.0,0.0,0.0,0.0,14.0,88.0,134.0,3.0,236.0,236.0,environment_exact,environment_exact,environment_exact,environment_exact,environment_exact,environment_exact,0.0,0.0,0.0,1.0,0.059322033898305086,0.3728813559322034,3.0,118
candidate,map_b_split_lane,OP10,OP10,OP10,7011,3.0,2.0,1,0,0,1.0,0.0,0.0,0.0,0.0,0.0,82.0,120.0,0.0,202.0,202.0,environment_exact,environment_exact,environment_exact,environment_exact,environment_exact,environment_exact,0.0,0.0,0.0,1.0,0.0,0.40594059405940597,0.0,101
baseline,map_b_split_lane,OP10,OP10,OP10,7012,3.0,2.0,1,0,0,1.0,5.0,3.0,1.0,1.0,40.0,75.0,133.0,4.0,248.0,245.0,environment_exact,environment_exact,environment_exact,environment_exact,environment_exact,environment_exact,40.32258064516129,12.096774193548388,8.064516129032258,0.9879032258064516,0.16129032258064516,0.3024193548387097,4.0,124
candidate,map_b_split_lane,OP10,OP10,OP10,7012,3.0,2.0,1,0,0,1.0,1.0,0.0,0.0,0.0,67.0,44.0,143.0,2.0,254.0,254.0,environment_exact,environment_exact,environment_exact,environment_exact,environment_exact,environment_exact,7.874015748031496,0.0,0.0,1.0,0.2637795275590551,0.1732283464566929,2.0,127
baseline,map_b_split_lane,OP10,OP10,OP10,7013,3.0,2.0,1,0,0,1.0,2.0,1.0,0.0,0.0,54.0,52.0,122.0,7.0,228.0,227.0,environment_exact,environment_exact,environment_exact,environment_exact,environment_exact,environment_exact,17.54385964912281,4.385964912280702,0.0,0.9956140350877193,0.23684210526315788,0.22807017543859648,7.0,114
candidate,map_b_split_lane,OP10,OP10,OP10,7013,3.0,1.0,1,0,0,2.0,6.0,3.0,1.0,1.0,0.0,83.0,107.0,0.0,190.0,187.0,environment_exact,environment_exact,environment_exact,environment_exact,environment_exact,environment_exact,63.1578947368421,15.789473684210526,10.526315789473685,0.9842105263157894,0.0,0.4368421052631579,0.0,95
baseline,map_b_split_lane,OP10,OP10,OP10,7014,3.0,2.0,1,0,0,1.0,1.0,0.0,0.0,0.0,18.0,84.0,134.0,2.0,236.0,236.0,environment_exact,environment_exact,environment_exact,environment_exact,environment_exact,environment_exact,8.474576271186441,0.0,0.0,1.0,0.07627118644067797,0.3559322033898305,2.0,118
candidate,map_b_split_lane,OP10,OP10,OP10,7014,3.0,2.0,1,0,0,1.0,0.0,0.0,0.0,0.0,29.0,62.0,139.0,3.0,230.0,230.0,environment_exact,environment_exact,environment_exact,environment_exact,environment_exact,environment_exact,0.0,0.0,0.0,1.0,0.12608695652173912,0.26956521739130435,3.0,115
baseline,map_b_split_lane,OP10,OP10,OP10,7015,2.0,3.0,0,1,0,-1.0,4.0,2.0,0.0,0.0,31.0,94.0,173.0,4.0,298.0,296.0,environment_exact,environment_exact,environment_exact,environment_exact,environment_exact,environment_exact,26.845637583892618,6.7114093959731544,0.0,0.9932885906040269,0.1040268456375839,0.31543624161073824,4.0,149
candidate,map_b_split_lane,OP10,OP10,OP10,7015,3.0,2.0,1,0,0,1.0,0.0,0.0,0.0,0.0,32.0,66.0,108.0,3.0,206.0,206.0,environment_exact,environment_exact,environment_exact,environment_exact,environment_exact,environment_exact,0.0,0.0,0.0,1.0,0.1553398058252427,0.32038834951456313,3.0,103
baseline,map_b_split_lane,OP10,OP10,OP10,7016,3.0,2.0,1,0,0,1.0,0.0,0.0,0.0,0.0,67.0,33.0,124.0,3.0,224.0,224.0,environment_exact,environment_exact,environment_exact,environment_exact,environment_exact,environment_exact,0.0,0.0,0.0,1.0,0.29910714285714285,0.14732142857142858,3.0,112
candidate,map_b_split_lane,OP10,OP10,OP10,7016,3.0,2.0,1,0,0,1.0,0.0,0.0,0.0,0.0,70.0,19.0,145.0,4.0,234.0,234.0,environment_exact,environment_exact,environment_exact,environment_exact,environment_exact,environment_exact,0.0,0.0,0.0,1.0,0.29914529914529914,0.0811965811965812,4.0,117
baseline,map_b_split_lane,OP10,OP10,OP10,7017,3.0,1.0,1,0,0,2.0,0.0,0.0,0.0,0.0,9.0,84.0,125.0,2.0,218.0,218.0,environment_exact,environment_exact,environment_exact,environment_exact,environment_exact,environment_exact,0.0,0.0,0.0,1.0,0.04128440366972477,0.3853211009174312,2.0,109
candidate,map_b_split_lane,OP10,OP10,OP10,7017,3.0,2.0,1,0,0,1.0,11.0,6.0,3.0,3.0,0.0,105.0,105.0,0.0,210.0,204.0,environment_exact,environment_exact,environment_exact,environment_exact,environment_exact,environment_exact,104.76190476190476,28.571428571428573,28.571428571428573,0.9714285714285714,0.0,0.5,0.0,105
baseline,map_b_split_lane,OP10,OP10,OP10,7018,3.0,1.0,1,0,0,2.0,0.0,0.0,0.0,0.0,0.0,99.0,149.0,0.0,248.0,248.0,environment_exact,environment_exact,environment_exact,environment_exact,environment_exact,environment_exact,0.0,0.0,0.0,1.0,0.0,0.39919354838709675,0.0,124
candidate,map_b_split_lane,OP10,OP10,OP10,7018,3.0,1.0,1,0,0,2.0,2.0,0.0,0.0,0.0,0.0,92.0,142.0,0.0,234.0,234.0,environment_exact,environment_exact,environment_exact,environment_exact,environment_exact,environment_exact,17.094017094017094,0.0,0.0,1.0,0.0,0.39316239316239315,0.0,117
baseline,map_b_split_lane,OP10,OP10,OP10,7019,3.0,2.0,1,0,0,1.0,0.0,0.0,0.0,0.0,11.0,66.0,147.0,2.0,224.0,224.0,environment_exact,environment_exact,environment_exact,environment_exact,environment_exact,environment_exact,0.0,0.0,0.0,1.0,0.049107142857142856,0.29464285714285715,2.0,112
candidate,map_b_split_lane,OP10,OP10,OP10,7019,3.0,2.0,1,0,0,1.0,0.0,0.0,0.0,0.0,9.0,97.0,112.0,1.0,218.0,218.0,environment_exact,environment_exact,environment_exact,environment_exact,environment_exact,environment_exact,0.0,0.0,0.0,1.0,0.04128440366972477,0.44495412844036697,1.0,109
