episode_seed,blue_style,map,resolved_map,opponent,blue_first_capture_step,red_first_capture_step,blue_captured,red_captured,blue_score,red_score,capture_count,win_margin,blue_captures_by_60,red_captures_by_60,blue_home_defense_fraction,blue_forward_commitment_fraction,mean_num_attackers,mean_num_defenders,mean_num_home_defenders,blue_tag_successes,red_tag_successes,cooldown_denials,first_flag_contact_step,first_pickup_step,first_flag_drop_step,carrier_return_steps,episode_steps,ruleset_id,taggers_required,tag_min_interval_seconds,tag_nearest_only,tag_channel_seconds,suppression_attackers_required
2200001,BLUE_BOTH_ATTACK_V2,map_a,map_a_open,OP6,33,32,1,1,3,2,5,1,1,1,0.8269230769230769,0.38461538461538464,0.7692307692307693,1.2115384615384615,0.9807692307692307,3,3,1,15,16,33,56,104,RULESET_V2_AQUATICUS_10S,1,10.0,True,0.0,2
2200001,BLUE_ONE_DEFENDER_V2,map_a,map_a_open,OP6,67,93,1,1,3,1,4,2,0,0,0.9950738916256158,0.23645320197044334,0.4729064039408867,1.5172413793103448,1.4137931034482758,7,5,13,26,27,28,48,203,RULESET_V2_AQUATICUS_10S,1,10.0,True,0.0,2
2200002,BLUE_BOTH_ATTACK_V2,map_a,map_a_open,OP6,30,34,1,1,3,2,5,1,2,1,0.6,0.4588235294117647,0.9176470588235294,1.0588235294117647,0.7764705882352941,2,1,1,14,14,30,46,85,RULESET_V2_AQUATICUS_10S,1,10.0,True,0.0,2
2200002,BLUE_ONE_DEFENDER_V2,map_a,map_a_open,OP6,30,38,1,1,3,2,5,1,2,1,0.9929577464788732,0.25,0.5,1.4859154929577465,1.3380281690140845,4,2,21,14,14,30,53,142,RULESET_V2_AQUATICUS_10S,1,10.0,True,0.0,2
2200003,BLUE_BOTH_ATTACK_V2,map_a,map_a_open,OP6,30,34,1,1,3,2,5,1,1,1,0.9340659340659341,0.33516483516483514,0.6703296703296703,1.3076923076923077,1.065934065934066,3,3,3,13,14,30,49,91,RULESET_V2_AQUATICUS_10S,1,10.0,True,0.0,2
2200003,BLUE_ONE_DEFENDER_V2,map_a,map_a_open,OP6,47,241,1,0,3,0,3,3,1,0,0.9904761904761905,0.21904761904761905,0.4380952380952381,1.542857142857143,1.3238095238095238,3,1,4,27,28,47,50,105,RULESET_V2_AQUATICUS_10S,1,10.0,True,0.0,2
2200004,BLUE_BOTH_ATTACK_V2,map_a,map_a_open,OP6,32,35,1,1,2,3,5,-1,1,1,0.7015706806282722,0.4790575916230366,0.9581151832460733,1.031413612565445,0.8900523560209425,10,10,13,13,13,32,70,191,RULESET_V2_AQUATICUS_10S,1,10.0,True,0.0,2
2200004,BLUE_ONE_DEFENDER_V2,map_a,map_a_open,OP6,30,39,1,1,3,1,4,2,1,1,0.9893617021276596,0.25,0.5,1.4787234042553192,1.2446808510638299,4,0,15,13,13,30,51,94,RULESET_V2_AQUATICUS_10S,1,10.0,True,0.0,2
2200005,BLUE_BOTH_ATTACK_V2,map_a,map_a_open,OP6,40,117,1,1,3,1,4,2,1,0,0.8208955223880597,0.39925373134328357,0.7985074626865671,1.1865671641791045,0.9477611940298507,9,5,11,14,15,40,68,134,RULESET_V2_AQUATICUS_10S,1,10.0,True,0.0,2
2200005,BLUE_ONE_DEFENDER_V2,map_a,map_a_open,OP6,29,37,1,1,3,2,5,1,2,1,0.9928057553956835,0.2446043165467626,0.4892086330935252,1.4964028776978417,1.3453237410071943,3,2,20,13,13,29,50,139,RULESET_V2_AQUATICUS_10S,1,10.0,True,0.0,2
2200006,BLUE_BOTH_ATTACK_V2,map_a,map_a_open,OP6,27,33,1,1,3,2,5,1,2,1,0.6741573033707865,0.43820224719101125,0.8764044943820225,1.101123595505618,0.7528089887640449,2,2,2,11,11,27,50,89,RULESET_V2_AQUATICUS_10S,1,10.0,True,0.0,2
2200006,BLUE_ONE_DEFENDER_V2,map_a,map_a_open,OP6,28,37,1,1,3,1,4,2,2,1,0.989010989010989,0.24175824175824176,0.4835164835164835,1.4945054945054945,1.1868131868131868,3,0,12,13,13,28,48,91,RULESET_V2_AQUATICUS_10S,1,10.0,True,0.0,2
2200007,BLUE_BOTH_ATTACK_V2,map_a,map_a_open,OP6,30,241,1,0,3,0,3,3,1,0,0.6767676767676768,0.45454545454545453,0.9090909090909091,1.0707070707070707,0.797979797979798,4,3,15,13,13,30,58,99,RULESET_V2_AQUATICUS_10S,1,10.0,True,0.0,2
2200007,BLUE_ONE_DEFENDER_V2,map_a,map_a_open,OP6,32,241,1,0,3,0,3,3,1,0,0.9893617021276596,0.2553191489361702,0.5106382978723404,1.4680851063829787,1.2340425531914894,2,0,15,13,14,32,51,94,RULESET_V2_AQUATICUS_10S,1,10.0,True,0.0,2
2200008,BLUE_BOTH_ATTACK_V2,map_a,map_a_open,OP6,63,80,1,1,3,2,5,1,0,0,0.7862068965517242,0.44482758620689655,0.8896551724137931,1.096551724137931,0.9172413793103448,7,5,16,15,15,16,60,145,RULESET_V2_AQUATICUS_10S,1,10.0,True,0.0,2
2200008,BLUE_ONE_DEFENDER_V2,map_a,map_a_open,OP6,46,51,1,1,3,2,5,1,1,1,0.9938271604938271,0.23148148148148148,0.46296296296296297,1.5246913580246915,1.382716049382716,6,2,19,31,31,46,52,162,RULESET_V2_AQUATICUS_10S,1,10.0,True,0.0,2
2200009,BLUE_BOTH_ATTACK_V2,map_a,map_a_open,OP6,35,33,1,1,3,2,5,1,1,1,0.6699029126213593,0.46601941747572817,0.9320388349514563,1.0485436893203883,0.8058252427184466,4,2,5,13,13,16,57,103,RULESET_V2_AQUATICUS_10S,1,10.0,True,0.0,2
2200009,BLUE_ONE_DEFENDER_V2,map_a,map_a_open,OP6,153,113,1,1,3,2,5,1,0,0,0.9957983193277311,0.23949579831932774,0.4789915966386555,1.5126050420168067,1.4075630252100841,12,6,24,15,15,16,53,238,RULESET_V2_AQUATICUS_10S,1,10.0,True,0.0,2
2200010,BLUE_BOTH_ATTACK_V2,map_a,map_a_open,OP6,30,35,1,1,2,3,5,-1,1,1,0.8248175182481752,0.38686131386861317,0.7737226277372263,1.2116788321167884,1.072992700729927,5,8,8,14,14,30,48,137,RULESET_V2_AQUATICUS_10S,1,10.0,True,0.0,2
2200010,BLUE_ONE_DEFENDER_V2,map_a,map_a_open,OP6,30,37,1,1,3,1,4,2,2,1,0.9893617021276596,0.25,0.5,1.4787234042553192,1.2446808510638299,3,0,15,14,14,30,50,94,RULESET_V2_AQUATICUS_10S,1,10.0,True,0.0,2
2200011,BLUE_BOTH_ATTACK_V2,map_a,map_a_open,OP6,32,34,1,1,3,2,5,1,1,1,0.7157894736842105,0.4421052631578947,0.8842105263157894,1.0947368421052632,0.7684210526315789,3,1,1,14,15,32,51,95,RULESET_V2_AQUATICUS_10S,1,10.0,True,0.0,2
2200011,BLUE_ONE_DEFENDER_V2,map_a,map_a_open,OP6,73,38,1,1,3,2,5,1,0,1,0.9948717948717949,0.2128205128205128,0.4256410256410256,1.564102564102564,1.4205128205128206,5,4,18,31,31,33,51,195,RULESET_V2_AQUATICUS_10S,1,10.0,True,0.0,2
2200012,BLUE_BOTH_ATTACK_V2,map_a,map_a_open,OP6,29,34,1,1,2,3,5,-1,2,1,0.7368421052631579,0.4276315789473684,0.8552631578947368,1.131578947368421,1.0263157894736843,7,10,5,13,13,29,43,152,RULESET_V2_AQUATICUS_10S,1,10.0,True,0.0,2
2200012,BLUE_ONE_DEFENDER_V2,map_a,map_a_open,OP6,63,95,1,1,3,2,5,1,0,0,0.995,0.23,0.46,1.53,1.42,5,5,19,47,47,63,56,200,RULESET_V2_AQUATICUS_10S,1,10.0,True,0.0,2
2200013,BLUE_BOTH_ATTACK_V2,map_a,map_a_open,OP6,45,37,1,1,3,2,5,1,1,1,0.6756756756756757,0.4756756756756757,0.9513513513513514,1.037837837837838,0.8810810810810811,10,10,15,15,29,45,58,185,RULESET_V2_AQUATICUS_10S,1,10.0,True,0.0,2
2200013,BLUE_ONE_DEFENDER_V2,map_a,map_a_open,OP6,47,241,1,0,3,0,3,3,1,0,0.990990990990991,0.21621621621621623,0.43243243243243246,1.5495495495495495,1.3243243243243243,4,1,14,29,29,47,52,111,RULESET_V2_AQUATICUS_10S,1,10.0,True,0.0,2
2200014,BLUE_BOTH_ATTACK_V2,map_a,map_a_open,OP6,59,35,1,1,2,3,5,-1,1,1,0.8466666666666667,0.43666666666666665,0.8733333333333333,1.1133333333333333,0.9933333333333333,7,8,18,17,30,31,46,150,RULESET_V2_AQUATICUS_10S,1,10.0,True,0.0,2
2200014,BLUE_ONE_DEFENDER_V2,map_a,map_a_open,OP6,73,99,1,1,2,2,4,0,0,0,0.9958333333333333,0.23541666666666666,0.4708333333333333,1.5208333333333333,1.4583333333333333,9,8,27,31,31,32,38,240,RULESET_V2_AQUATICUS_10S,1,10.0,True,0.0,2
2200015,BLUE_BOTH_ATTACK_V2,map_a,map_a_open,OP6,32,34,1,1,3,1,4,2,1,1,0.8333333333333334,0.3541666666666667,0.7083333333333334,1.2708333333333333,0.9270833333333334,4,3,9,16,16,32,52,96,RULESET_V2_AQUATICUS_10S,1,10.0,True,0.0,2
2200015,BLUE_ONE_DEFENDER_V2,map_a,map_a_open,OP6,114,91,1,1,3,1,4,2,0,0,0.9945054945054945,0.21703296703296704,0.4340659340659341,1.554945054945055,1.39010989010989,7,4,16,28,28,31,50,182,RULESET_V2_AQUATICUS_10S,1,10.0,True,0.0,2
2200016,BLUE_BOTH_ATTACK_V2,map_a,map_a_open,OP6,36,33,1,1,3,2,5,1,1,1,0.6534653465346535,0.47029702970297027,0.9405940594059405,1.0396039603960396,0.7920792079207921,4,2,6,14,14,16,57,101,RULESET_V2_AQUATICUS_10S,1,10.0,True,0.0,2
2200016,BLUE_ONE_DEFENDER_V2,map_a,map_a_open,OP6,30,83,1,1,3,1,4,2,1,0,0.994535519125683,0.24043715846994534,0.4808743169398907,1.5081967213114753,1.3934426229508197,7,4,14,14,14,30,47,183,RULESET_V2_AQUATICUS_10S,1,10.0,True,0.0,2
2200017,BLUE_BOTH_ATTACK_V2,map_a,map_a_open,OP6,44,33,1,1,2,3,5,-1,1,1,0.6586826347305389,0.5059880239520959,1.0119760479041917,0.9760479041916168,0.8802395209580839,7,9,11,13,14,22,53,167,RULESET_V2_AQUATICUS_10S,1,10.0,True,0.0,2
2200017,BLUE_ONE_DEFENDER_V2,map_a,map_a_open,OP6,32,36,1,1,3,1,4,2,1,1,0.9928571428571429,0.2392857142857143,0.4785714285714286,1.5071428571428571,1.35,4,2,13,15,15,32,51,140,RULESET_V2_AQUATICUS_10S,1,10.0,True,0.0,2
2200018,BLUE_BOTH_ATTACK_V2,map_a,map_a_open,OP6,28,35,1,1,3,1,4,2,1,1,0.6527196652719666,0.4665271966527197,0.9330543933054394,1.0585774058577406,0.9539748953974896,17,15,13,13,13,28,64,239,RULESET_V2_AQUATICUS_10S,1,10.0,True,0.0,2
2200018,BLUE_ONE_DEFENDER_V2,map_a,map_a_open,OP6,75,102,1,1,3,1,4,2,0,0,0.9950980392156863,0.23284313725490197,0.46568627450980393,1.5245098039215685,1.4166666666666667,7,5,14,32,32,35,50,204,RULESET_V2_AQUATICUS_10S,1,10.0,True,0.0,2
2200019,BLUE_BOTH_ATTACK_V2,map_a,map_a_open,OP6,32,36,1,1,3,2,5,1,1,1,0.9175257731958762,0.32989690721649484,0.6597938144329897,1.3195876288659794,1.0515463917525774,3,3,1,16,16,32,51,97,RULESET_V2_AQUATICUS_10S,1,10.0,True,0.0,2
2200019,BLUE_ONE_DEFENDER_V2,map_a,map_a_open,OP6,32,39,1,1,3,1,4,2,1,1,0.9894736842105263,0.24210526315789474,0.4842105263157895,1.4947368421052631,1.263157894736842,2,0,17,16,16,32,49,95,RULESET_V2_AQUATICUS_10S,1,10.0,True,0.0,2
2200020,BLUE_BOTH_ATTACK_V2,map_a,map_a_open,OP6,29,35,1,1,3,2,5,1,1,1,0.6844919786096256,0.44385026737967914,0.8877005347593583,1.1016042780748663,0.9732620320855615,10,10,9,12,13,29,58,187,RULESET_V2_AQUATICUS_10S,1,10.0,True,0.0,2
2200020,BLUE_ONE_DEFENDER_V2,map_a,map_a_open,OP6,30,35,1,1,3,1,4,2,2,1,0.989247311827957,0.24193548387096775,0.4838709677419355,1.4946236559139785,1.2365591397849462,4,0,6,12,13,30,50,93,RULESET_V2_AQUATICUS_10S,1,10.0,True,0.0,2
2200021,BLUE_BOTH_ATTACK_V2,map_a,map_a_open,OP6,30,66,1,1,3,2,5,1,1,0,0.7047619047619048,0.45714285714285713,0.9142857142857143,1.0666666666666667,0.8571428571428571,4,4,3,11,12,30,50,105,RULESET_V2_AQUATICUS_10S,1,10.0,True,0.0,2
2200021,BLUE_ONE_DEFENDER_V2,map_a,map_a_open,OP6,28,40,1,1,3,1,4,2,1,1,0.9946524064171123,0.25133689839572193,0.5026737967914439,1.4866310160427807,1.3636363636363635,8,4,13,11,12,28,52,187,RULESET_V2_AQUATICUS_10S,1,10.0,True,0.0,2
2200022,BLUE_BOTH_ATTACK_V2,map_a,map_a_open,OP6,42,34,1,1,3,2,5,1,1,1,0.6666666666666666,0.5,1.0,0.9863945578231292,0.8231292517006803,6,6,8,15,16,23,63,147,RULESET_V2_AQUATICUS_10S,1,10.0,True,0.0,2
2200022,BLUE_ONE_DEFENDER_V2,map_a,map_a_open,OP6,32,38,1,1,3,1,4,2,1,1,0.993103448275862,0.2482758620689655,0.496551724137931,1.4896551724137932,1.3172413793103448,5,2,14,16,16,32,48,145,RULESET_V2_AQUATICUS_10S,1,10.0,True,0.0,2
2200023,BLUE_BOTH_ATTACK_V2,map_a,map_a_open,OP6,28,78,1,1,3,1,4,2,2,0,0.6551724137931034,0.4482758620689655,0.896551724137931,1.0804597701149425,0.8045977011494253,3,1,6,12,12,28,49,87,RULESET_V2_AQUATICUS_10S,1,10.0,True,0.0,2
2200023,BLUE_ONE_DEFENDER_V2,map_a,map_a_open,OP6,44,41,1,1,3,1,4,2,1,1,0.9905660377358491,0.22169811320754718,0.44339622641509435,1.5377358490566038,1.320754716981132,3,1,21,27,28,44,49,106,RULESET_V2_AQUATICUS_10S,1,10.0,True,0.0,2
2200024,BLUE_BOTH_ATTACK_V2,map_a,map_a_open,OP6,32,60,1,1,3,1,4,2,1,1,0.8260869565217391,0.3858695652173913,0.7717391304347826,1.2065217391304348,0.9565217391304348,5,2,5,15,15,32,49,92,RULESET_V2_AQUATICUS_10S,1,10.0,True,0.0,2
2200024,BLUE_ONE_DEFENDER_V2,map_a,map_a_open,OP6,42,37,1,1,3,1,4,2,1,1,0.9906542056074766,0.21962616822429906,0.4392523364485981,1.5420560747663552,1.3177570093457944,3,1,18,25,26,42,51,107,RULESET_V2_AQUATICUS_10S,1,10.0,True,0.0,2
2200025,BLUE_BOTH_ATTACK_V2,map_a,map_a_open,OP6,62,31,1,1,2,3,5,-1,0,1,0.6811594202898551,0.4891304347826087,0.9782608695652174,1.0072463768115942,0.8260869565217391,4,6,16,13,14,23,56,138,RULESET_V2_AQUATICUS_10S,1,10.0,True,0.0,2
2200025,BLUE_ONE_DEFENDER_V2,map_a,map_a_open,OP6,102,81,1,1,3,2,5,1,0,0,0.9948717948717949,0.2512820512820513,0.5025641025641026,1.4871794871794872,1.353846153846154,7,4,19,13,14,16,55,195,RULESET_V2_AQUATICUS_10S,1,10.0,True,0.0,2
2200026,BLUE_BOTH_ATTACK_V2,map_a,map_a_open,OP6,31,49,1,1,3,2,5,1,1,1,0.6576576576576577,0.4594594594594595,0.918918918918919,1.063063063063063,0.8108108108108109,4,3,8,13,13,31,56,111,RULESET_V2_AQUATICUS_10S,1,10.0,True,0.0,2
2200026,BLUE_ONE_DEFENDER_V2,map_a,map_a_open,OP6,31,36,1,1,3,1,4,2,2,1,0.995475113122172,0.26244343891402716,0.5248868778280543,1.4660633484162895,1.3755656108597285,11,5,19,13,14,31,56,221,RULESET_V2_AQUATICUS_10S,1,10.0,True,0.0,2
2200027,BLUE_BOTH_ATTACK_V2,map_a,map_a_open,OP6,31,51,1,1,3,2,5,1,2,1,0.6438356164383562,0.5,1.0,0.9908675799086758,0.863013698630137,11,11,9,15,15,31,67,219,RULESET_V2_AQUATICUS_10S,1,10.0,True,0.0,2
2200027,BLUE_ONE_DEFENDER_V2,map_a,map_a_open,OP6,31,39,1,1,3,1,4,2,1,1,0.9891304347826086,0.23369565217391305,0.4673913043478261,1.5108695652173914,1.25,3,0,13,15,15,31,48,92,RULESET_V2_AQUATICUS_10S,1,10.0,True,0.0,2
2200028,BLUE_BOTH_ATTACK_V2,map_a,map_a_open,OP6,28,31,1,1,2,3,5,-1,2,1,0.7321428571428571,0.4732142857142857,0.9464285714285714,1.0357142857142858,0.8928571428571429,3,4,12,12,12,28,49,112,RULESET_V2_AQUATICUS_10S,1,10.0,True,0.0,2
2200028,BLUE_ONE_DEFENDER_V2,map_a,map_a_open,OP6,41,37,1,1,2,3,5,-1,1,1,0.994475138121547,0.23480662983425415,0.4696132596685083,1.5193370165745856,1.441988950276243,4,5,23,24,25,41,33,181,RULESET_V2_AQUATICUS_10S,1,10.0,True,0.0,2
2200029,BLUE_BOTH_ATTACK_V2,map_a,map_a_open,OP6,32,62,1,1,3,1,4,2,1,0,0.7111111111111111,0.4111111111111111,0.8222222222222222,1.1555555555555554,0.8222222222222222,4,2,1,14,14,32,50,90,RULESET_V2_AQUATICUS_10S,1,10.0,True,0.0,2
2200029,BLUE_ONE_DEFENDER_V2,map_a,map_a_open,OP6,31,40,1,1,3,1,4,2,2,1,0.9891304347826086,0.2391304347826087,0.4782608695652174,1.5,1.2608695652173914,3,0,9,14,14,31,49,92,RULESET_V2_AQUATICUS_10S,1,10.0,True,0.0,2
2200030,BLUE_BOTH_ATTACK_V2,map_a,map_a_open,OP6,34,36,1,1,2,3,5,-1,1,1,0.6666666666666666,0.47435897435897434,0.9487179487179487,1.0341880341880343,0.8888888888888888,4,5,7,16,17,34,42,117,RULESET_V2_AQUATICUS_10S,1,10.0,True,0.0,2
2200030,BLUE_ONE_DEFENDER_V2,map_a,map_a_open,OP6,69,98,1,1,3,1,4,2,0,0,0.9946524064171123,0.23529411764705882,0.47058823529411764,1.518716577540107,1.3689839572192513,6,3,14,27,27,28,58,187,RULESET_V2_AQUATICUS_10S,1,10.0,True,0.0,2
2200031,BLUE_BOTH_ATTACK_V2,map_a,map_a_open,OP6,30,31,1,1,3,1,4,2,1,1,0.6019417475728155,0.47572815533980584,0.9514563106796117,1.029126213592233,0.7572815533980582,3,1,16,12,13,30,62,103,RULESET_V2_AQUATICUS_10S,1,10.0,True,0.0,2
2200031,BLUE_ONE_DEFENDER_V2,map_a,map_a_open,OP6,31,36,1,1,3,1,4,2,1,1,0.993103448275862,0.2482758620689655,0.496551724137931,1.4896551724137932,1.3448275862068966,4,2,16,12,13,31,50,145,RULESET_V2_AQUATICUS_10S,1,10.0,True,0.0,2
2200032,BLUE_BOTH_ATTACK_V2,map_a,map_a_open,OP6,32,35,1,1,3,2,5,1,1,1,0.8541666666666666,0.3697916666666667,0.7395833333333334,1.2395833333333333,0.9791666666666666,3,3,7,14,14,32,52,96,RULESET_V2_AQUATICUS_10S,1,10.0,True,0.0,2
2200032,BLUE_ONE_DEFENDER_V2,map_a,map_a_open,OP6,56,84,1,1,3,1,4,2,1,0,0.9946236559139785,0.2446236559139785,0.489247311827957,1.5,1.3978494623655915,7,4,13,39,39,56,47,186,RULESET_V2_AQUATICUS_10S,1,10.0,True,0.0,2
