blue_style,red_style,map,episode_index,episode_seed,success,blue_score,red_score,win_margin,steps,return,outcome,time_to_first_score,collision_free,zone_coverage,split_detector_first_trigger_step,split_detector_active_steps,split_detector_max_lateral_sep,split_detector_max_teammate_dist,conversion_phase_first_step,carrier_intercept_attempts
BLUE_ESCORT,OP6_IMMEDIATE_DUAL_RUSH,map_b_split_lane,0,661001,0,1,3,-2,220,-9.29608517268207,loss,52.0,0,0.5600000023841858,-1,0,0.0,0.0,-1,0
BLUE_RUSH,OP6_IMMEDIATE_DUAL_RUSH,map_b_split_lane,0,661001,0,0,3,-3,181,-7.069063151240698,loss,99.0,0,0.5999999642372131,-1,0,0.0,0.0,-1,0
BLUE_SPLIT,OP6_IMMEDIATE_DUAL_RUSH,map_b_split_lane,0,661001,1,3,1,2,133,-2.9322395869821776,win,40.0,1,0.7999999523162842,-1,0,0.0,0.0,-1,0
BLUE_TURTLE,OP6_IMMEDIATE_DUAL_RUSH,map_b_split_lane,0,661001,0,0,1,-1,240,-9.607728576491354,loss,45.0,0,0.7999999523162842,-1,0,0.0,0.0,-1,0
BLUE_ESCORT,OP6_IMMEDIATE_DUAL_RUSH,map_b_split_lane,1,661002,0,1,3,-2,166,-5.656556764733978,loss,48.0,0,0.5999999642372131,-1,0,0.0,0.0,-1,0
BLUE_RUSH,OP6_IMMEDIATE_DUAL_RUSH,map_b_split_lane,1,661002,0,2,3,-1,190,-6.792266784934327,loss,41.0,0,0.7599999904632568,-1,0,0.0,0.0,-1,0
BLUE_SPLIT,OP6_IMMEDIATE_DUAL_RUSH,map_b_split_lane,1,661002,1,3,2,1,110,-5.137493582034949,win,38.0,1,0.8799999952316284,-1,0,0.0,0.0,-1,0
BLUE_TURTLE,OP6_IMMEDIATE_DUAL_RUSH,map_b_split_lane,1,661002,0,0,1,-1,240,-10.062806300469674,loss,77.0,0,0.8799999952316284,-1,0,0.0,0.0,-1,0
BLUE_ESCORT,OP6_IMMEDIATE_DUAL_RUSH,map_b_split_lane,2,661003,0,1,3,-2,107,-3.0333252534619533,loss,32.0,1,0.6399999856948853,-1,0,0.0,0.0,-1,0
BLUE_RUSH,OP6_IMMEDIATE_DUAL_RUSH,map_b_split_lane,2,661003,0,1,3,-2,118,-4.545694619842834,loss,36.0,1,0.7599999904632568,-1,0,0.0,0.0,-1,0
BLUE_SPLIT,OP6_IMMEDIATE_DUAL_RUSH,map_b_split_lane,2,661003,1,3,1,2,144,-4.474438631295925,win,32.0,1,0.8799999952316284,-1,0,0.0,0.0,-1,0
BLUE_TURTLE,OP6_IMMEDIATE_DUAL_RUSH,map_b_split_lane,2,661003,0,0,2,-2,240,-11.910250074317446,loss,113.0,0,0.7999999523162842,-1,0,0.0,0.0,-1,0
BLUE_ESCORT,OP6_IMMEDIATE_DUAL_RUSH,map_b_split_lane,3,661004,0,0,3,-3,138,-6.430183461052366,loss,32.0,1,0.47999998927116394,-1,0,0.0,0.0,-1,0
BLUE_RUSH,OP6_IMMEDIATE_DUAL_RUSH,map_b_split_lane,3,661004,0,1,3,-2,126,-4.338827351344662,loss,34.0,0,0.5999999642372131,-1,0,0.0,0.0,-1,0
BLUE_SPLIT,OP6_IMMEDIATE_DUAL_RUSH,map_b_split_lane,3,661004,1,3,2,1,97,-2.300232472451171,win,33.0,1,0.7999999523162842,-1,0,0.0,0.0,-1,0
BLUE_TURTLE,OP6_IMMEDIATE_DUAL_RUSH,map_b_split_lane,3,661004,0,0,1,-1,240,-9.246152263134718,loss,41.0,0,0.7599999904632568,-1,0,0.0,0.0,-1,0
BLUE_ESCORT,OP6_IMMEDIATE_DUAL_RUSH,map_b_split_lane,4,661005,0,2,3,-1,154,-5.634657073242124,loss,36.0,0,0.5999999642372131,-1,0,0.0,0.0,-1,0
BLUE_RUSH,OP6_IMMEDIATE_DUAL_RUSH,map_b_split_lane,4,661005,0,0,3,-3,128,-5.623491664300673,loss,34.0,1,0.4399999976158142,-1,0,0.0,0.0,-1,0
BLUE_SPLIT,OP6_IMMEDIATE_DUAL_RUSH,map_b_split_lane,4,661005,0,2,3,-1,108,-5.64057217669324,loss,35.0,1,0.7999999523162842,-1,0,0.0,0.0,-1,0
BLUE_TURTLE,OP6_IMMEDIATE_DUAL_RUSH,map_b_split_lane,4,661005,0,0,1,-1,240,-11.484304264828097,loss,220.0,0,0.7199999690055847,-1,0,0.0,0.0,-1,0
BLUE_ESCORT,OP6_IMMEDIATE_DUAL_RUSH,map_b_split_lane,5,661006,0,0,3,-3,132,-6.177447176014539,loss,35.0,1,0.47999998927116394,-1,0,0.0,0.0,-1,0
BLUE_RUSH,OP6_IMMEDIATE_DUAL_RUSH,map_b_split_lane,5,661006,0,0,3,-3,167,-7.9824729366082465,loss,35.0,1,0.4399999976158142,-1,0,0.0,0.0,-1,0
BLUE_SPLIT,OP6_IMMEDIATE_DUAL_RUSH,map_b_split_lane,5,661006,1,3,2,1,100,-2.6674356804578565,win,34.0,1,0.7999999523162842,-1,0,0.0,0.0,-1,0
BLUE_TURTLE,OP6_IMMEDIATE_DUAL_RUSH,map_b_split_lane,5,661006,0,0,3,-3,206,-9.409879183280282,loss,43.0,0,0.9199999570846558,-1,0,0.0,0.0,-1,0
BLUE_ESCORT,OP6_IMMEDIATE_DUAL_RUSH,map_b_split_lane,6,661007,0,1,3,-2,148,-5.31523508389364,loss,33.0,0,0.7599999904632568,-1,0,0.0,0.0,-1,0
BLUE_RUSH,OP6_IMMEDIATE_DUAL_RUSH,map_b_split_lane,6,661007,0,0,3,-3,146,-6.491938607272459,loss,37.0,0,0.7199999690055847,-1,0,0.0,0.0,-1,0
BLUE_SPLIT,OP6_IMMEDIATE_DUAL_RUSH,map_b_split_lane,6,661007,1,3,2,1,106,-2.3899549833731726,win,33.0,1,0.8799999952316284,-1,0,0.0,0.0,-1,0
BLUE_TURTLE,OP6_IMMEDIATE_DUAL_RUSH,map_b_split_lane,6,661007,0,0,3,-3,131,-7.995068530086428,loss,43.0,1,0.9199999570846558,-1,0,0.0,0.0,-1,0
BLUE_ESCORT,OP6_IMMEDIATE_DUAL_RUSH,map_b_split_lane,7,661008,0,0,3,-3,157,-8.889121785556199,loss,39.0,0,0.5999999642372131,-1,0,0.0,0.0,-1,0
BLUE_RUSH,OP6_IMMEDIATE_DUAL_RUSH,map_b_split_lane,7,661008,0,0,3,-3,153,-6.210664082318544,loss,36.0,0,0.7199999690055847,-1,0,0.0,0.0,-1,0
BLUE_SPLIT,OP6_IMMEDIATE_DUAL_RUSH,map_b_split_lane,7,661008,1,3,1,2,88,-1.6663973669928964,win,33.0,1,0.8399999737739563,-1,0,0.0,0.0,-1,0
BLUE_TURTLE,OP6_IMMEDIATE_DUAL_RUSH,map_b_split_lane,7,661008,0,1,2,-1,240,-7.707076161663281,loss,43.0,0,0.8399999737739563,-1,0,0.0,0.0,-1,0
BLUE_ESCORT,OP6_IMMEDIATE_DUAL_RUSH,map_b_split_lane,8,661009,0,0,3,-3,150,-8.131577672000276,loss,33.0,1,0.6399999856948853,-1,0,0.0,0.0,-1,0
BLUE_RUSH,OP6_IMMEDIATE_DUAL_RUSH,map_b_split_lane,8,661009,0,0,3,-3,155,-6.671896342741093,loss,35.0,1,0.5600000023841858,-1,0,0.0,0.0,-1,0
BLUE_SPLIT,OP6_IMMEDIATE_DUAL_RUSH,map_b_split_lane,8,661009,1,3,1,2,101,-1.8279655218066182,win,33.0,1,0.9199999570846558,-1,0,0.0,0.0,-1,0
BLUE_TURTLE,OP6_IMMEDIATE_DUAL_RUSH,map_b_split_lane,8,661009,0,0,1,-1,240,-10.463619773916434,loss,116.0,0,0.8399999737739563,-1,0,0.0,0.0,-1,0
BLUE_ESCORT,OP6_IMMEDIATE_DUAL_RUSH,map_b_split_lane,9,661010,0,0,3,-3,123,-7.042931600299198,loss,38.0,1,0.5199999809265137,-1,0,0.0,0.0,-1,0
BLUE_RUSH,OP6_IMMEDIATE_DUAL_RUSH,map_b_split_lane,9,661010,0,1,3,-2,124,-4.876339313341305,loss,34.0,1,0.6399999856948853,-1,0,0.0,0.0,-1,0
BLUE_SPLIT,OP6_IMMEDIATE_DUAL_RUSH,map_b_split_lane,9,661010,1,3,2,1,100,-2.315578659516177,win,32.0,1,0.8799999952316284,-1,0,0.0,0.0,-1,0
BLUE_TURTLE,OP6_IMMEDIATE_DUAL_RUSH,map_b_split_lane,9,661010,0,1,1,0,240,-7.429681509616785,draw,143.0,0,0.6800000071525574,-1,0,0.0,0.0,-1,0
BLUE_ESCORT,OP6_IMMEDIATE_DUAL_RUSH,map_b_split_lane,10,661011,0,1,3,-2,116,-4.472470675944351,loss,31.0,0,0.5999999642372131,-1,0,0.0,0.0,-1,0
BLUE_RUSH,OP6_IMMEDIATE_DUAL_RUSH,map_b_split_lane,10,661011,0,0,3,-3,157,-6.854940417833859,loss,35.0,0,0.6399999856948853,-1,0,0.0,0.0,-1,0
BLUE_SPLIT,OP6_IMMEDIATE_DUAL_RUSH,map_b_split_lane,10,661011,1,3,2,1,95,-2.8848210236174054,win,34.0,1,0.7599999904632568,-1,0,0.0,0.0,-1,0
BLUE_TURTLE,OP6_IMMEDIATE_DUAL_RUSH,map_b_split_lane,10,661011,0,0,2,-2,240,-8.863871166948229,loss,114.0,1,0.7599999904632568,-1,0,0.0,0.0,-1,0
BLUE_ESCORT,OP6_IMMEDIATE_DUAL_RUSH,map_b_split_lane,11,661012,0,0,3,-3,224,-10.140213822975056,loss,101.0,0,0.7199999690055847,-1,0,0.0,0.0,-1,0
BLUE_RUSH,OP6_IMMEDIATE_DUAL_RUSH,map_b_split_lane,11,661012,0,1,3,-2,131,-4.8963204658648465,loss,41.0,1,0.8799999952316284,-1,0,0.0,0.0,-1,0
BLUE_SPLIT,OP6_IMMEDIATE_DUAL_RUSH,map_b_split_lane,11,661012,1,3,1,2,101,-2.7741669886272575,win,36.0,1,0.9199999570846558,-1,0,0.0,0.0,-1,0
BLUE_TURTLE,OP6_IMMEDIATE_DUAL_RUSH,map_b_split_lane,11,661012,1,2,0,2,240,-3.1717495890625287,win,81.0,0,0.6800000071525574,-1,0,0.0,0.0,-1,0
BLUE_ESCORT,OP6_IMMEDIATE_DUAL_RUSH,map_b_split_lane,12,661013,0,1,3,-2,141,-6.5392468162754085,loss,36.0,0,0.6800000071525574,-1,0,0.0,0.0,-1,0
BLUE_RUSH,OP6_IMMEDIATE_DUAL_RUSH,map_b_split_lane,12,661013,0,1,3,-2,138,-5.606924614243326,loss,34.0,1,0.5600000023841858,-1,0,0.0,0.0,-1,0
BLUE_SPLIT,OP6_IMMEDIATE_DUAL_RUSH,map_b_split_lane,12,661013,0,2,3,-1,110,-4.142328316142084,loss,37.0,1,0.7999999523162842,-1,0,0.0,0.0,-1,0
BLUE_TURTLE,OP6_IMMEDIATE_DUAL_RUSH,map_b_split_lane,12,661013,1,1,0,1,240,-5.473256328055868,win,238.0,0,0.5999999642372131,-1,0,0.0,0.0,-1,0
BLUE_ESCORT,OP6_IMMEDIATE_DUAL_RUSH,map_b_split_lane,13,661014,0,0,3,-3,158,-8.113456633203896,loss,36.0,0,0.5199999809265137,-1,0,0.0,0.0,-1,0
BLUE_RUSH,OP6_IMMEDIATE_DUAL_RUSH,map_b_split_lane,13,661014,0,1,3,-2,135,-4.559381005703472,loss,40.0,1,0.7599999904632568,-1,0,0.0,0.0,-1,0
BLUE_SPLIT,OP6_IMMEDIATE_DUAL_RUSH,map_b_split_lane,13,661014,1,3,1,2,85,-1.3945087495085318,win,36.0,0,0.7999999523162842,-1,0,0.0,0.0,-1,0
BLUE_TURTLE,OP6_IMMEDIATE_DUAL_RUSH,map_b_split_lane,13,661014,0,0,2,-2,240,-8.07525409583468,loss,136.0,0,0.8799999952316284,-1,0,0.0,0.0,-1,0
BLUE_ESCORT,OP6_IMMEDIATE_DUAL_RUSH,map_b_split_lane,14,661015,0,0,3,-3,144,-7.489761425968027,loss,34.0,1,0.47999998927116394,-1,0,0.0,0.0,-1,0
BLUE_RUSH,OP6_IMMEDIATE_DUAL_RUSH,map_b_split_lane,14,661015,0,0,3,-3,129,-6.11526542835054,loss,37.0,1,0.5199999809265137,-1,0,0.0,0.0,-1,0
BLUE_SPLIT,OP6_IMMEDIATE_DUAL_RUSH,map_b_split_lane,14,661015,1,3,2,1,103,-3.8463065367832314,win,34.0,0,0.7999999523162842,-1,0,0.0,0.0,-1,0
BLUE_TURTLE,OP6_IMMEDIATE_DUAL_RUSH,map_b_split_lane,14,661015,0,0,0,0,240,-8.171581112892454,draw,,0,0.35999998450279236,-1,0,0.0,0.0,-1,0
BLUE_ESCORT,OP6_IMMEDIATE_DUAL_RUSH,map_b_split_lane,15,661016,0,0,3,-3,131,-5.3460416173620615,loss,38.0,0,0.5600000023841858,-1,0,0.0,0.0,-1,0
BLUE_RUSH,OP6_IMMEDIATE_DUAL_RUSH,map_b_split_lane,15,661016,0,1,3,-2,131,-4.9258597901207395,loss,36.0,1,0.5999999642372131,-1,0,0.0,0.0,-1,0
BLUE_SPLIT,OP6_IMMEDIATE_DUAL_RUSH,map_b_split_lane,15,661016,1,3,2,1,99,-2.3157281866297126,win,35.0,1,0.8799999952316284,-1,0,0.0,0.0,-1,0
BLUE_TURTLE,OP6_IMMEDIATE_DUAL_RUSH,map_b_split_lane,15,661016,0,0,2,-2,240,-11.683488628739724,loss,70.0,0,0.9199999570846558,-1,0,0.0,0.0,-1,0
BLUE_ESCORT,OP7_DEEP_FORTRESS,map_b_split_lane,0,761001,0,0,0,0,240,-15.7305209285405,draw,,0,0.3999999761581421,-1,0,0.0,0.0,-1,0
BLUE_RUSH,OP7_DEEP_FORTRESS,map_b_split_lane,0,761001,0,0,0,0,240,-16.62745672854362,draw,,0,0.5199999809265137,-1,0,0.0,0.0,-1,0
BLUE_SPLIT,OP7_DEEP_FORTRESS,map_b_split_lane,0,761001,1,3,1,2,200,-8.7232663082832,win,69.0,0,0.8799999952316284,-1,0,0.0,0.0,-1,0
BLUE_TURTLE,OP7_DEEP_FORTRESS,map_b_split_lane,0,761001,0,0,0,0,240,-19.074985289451433,draw,,0,0.3999999761581421,-1,0,0.0,0.0,-1,0
BLUE_ESCORT,OP7_DEEP_FORTRESS,map_b_split_lane,1,761002,0,1,2,-1,240,-11.780282637191704,loss,115.0,0,0.6399999856948853,-1,0,0.0,0.0,-1,0
BLUE_RUSH,OP7_DEEP_FORTRESS,map_b_split_lane,1,761002,0,0,0,0,240,-18.423195688577835,draw,,0,0.7199999690055847,-1,0,0.0,0.0,-1,0
BLUE_SPLIT,OP7_DEEP_FORTRESS,map_b_split_lane,1,761002,1,1,0,1,240,-14.16356544883456,win,128.0,0,0.8799999952316284,-1,0,0.0,0.0,-1,0
BLUE_TURTLE,OP7_DEEP_FORTRESS,map_b_split_lane,1,761002,0,0,0,0,240,-16.502280922839418,draw,,0,0.7599999904632568,-1,0,0.0,0.0,-1,0
BLUE_ESCORT,OP7_DEEP_FORTRESS,map_b_split_lane,2,761003,0,0,1,-1,240,-13.18767244546325,loss,82.0,0,0.5199999809265137,-1,0,0.0,0.0,-1,0
BLUE_RUSH,OP7_DEEP_FORTRESS,map_b_split_lane,2,761003,0,0,0,0,240,-17.033935556042707,draw,,0,0.6399999856948853,-1,0,0.0,0.0,-1,0
BLUE_SPLIT,OP7_DEEP_FORTRESS,map_b_split_lane,2,761003,1,3,0,3,208,-8.42184240030474,win,129.0,1,0.8799999952316284,-1,0,0.0,0.0,-1,0
BLUE_TURTLE,OP7_DEEP_FORTRESS,map_b_split_lane,2,761003,0,0,0,0,240,-14.357124515197938,draw,,0,0.5999999642372131,-1,0,0.0,0.0,-1,0
BLUE_ESCORT,OP7_DEEP_FORTRESS,map_b_split_lane,3,761004,0,1,2,-1,240,-13.987394757277798,loss,107.0,0,0.7199999690055847,-1,0,0.0,0.0,-1,0
BLUE_RUSH,OP7_DEEP_FORTRESS,map_b_split_lane,3,761004,0,0,0,0,240,-16.066277354460908,draw,,0,0.5999999642372131,-1,0,0.0,0.0,-1,0
BLUE_SPLIT,OP7_DEEP_FORTRESS,map_b_split_lane,3,761004,1,2,1,1,240,-12.093574824248208,win,134.0,1,0.9199999570846558,-1,0,0.0,0.0,-1,0
BLUE_TURTLE,OP7_DEEP_FORTRESS,map_b_split_lane,3,761004,0,0,0,0,240,-13.203281140478794,draw,,0,0.7199999690055847,-1,0,0.0,0.0,-1,0
BLUE_ESCORT,OP7_DEEP_FORTRESS,map_b_split_lane,4,761005,0,0,0,0,240,-15.321251967630815,draw,,0,0.47999998927116394,-1,0,0.0,0.0,-1,0
BLUE_RUSH,OP7_DEEP_FORTRESS,map_b_split_lane,4,761005,0,0,0,0,240,-16.866762859222945,draw,,0,0.4399999976158142,-1,0,0.0,0.0,-1,0
BLUE_SPLIT,OP7_DEEP_FORTRESS,map_b_split_lane,4,761005,0,0,0,0,240,-14.56697027926566,draw,,1,0.8399999737739563,-1,0,0.0,0.0,-1,0
BLUE_TURTLE,OP7_DEEP_FORTRESS,map_b_split_lane,4,761005,0,0,0,0,240,-16.478634665196296,draw,,0,0.5999999642372131,-1,0,0.0,0.0,-1,0
BLUE_ESCORT,OP7_DEEP_FORTRESS,map_b_split_lane,5,761006,0,0,0,0,240,-15.828965580381919,draw,,0,0.47999998927116394,-1,0,0.0,0.0,-1,0
BLUE_RUSH,OP7_DEEP_FORTRESS,map_b_split_lane,5,761006,0,0,1,-1,240,-15.640731114457594,loss,218.0,0,0.5999999642372131,-1,0,0.0,0.0,-1,0
BLUE_SPLIT,OP7_DEEP_FORTRESS,map_b_split_lane,5,761006,0,0,1,-1,240,-14.363848933484405,loss,228.0,0,0.8799999952316284,-1,0,0.0,0.0,-1,0
BLUE_TURTLE,OP7_DEEP_FORTRESS,map_b_split_lane,5,761006,0,0,1,-1,240,-11.324946260865545,loss,205.0,0,0.8399999737739563,-1,0,0.0,0.0,-1,0
BLUE_ESCORT,OP7_DEEP_FORTRESS,map_b_split_lane,6,761007,0,0,1,-1,240,-15.517296117730439,loss,105.0,0,0.5600000023841858,-1,0,0.0,0.0,-1,0
BLUE_RUSH,OP7_DEEP_FORTRESS,map_b_split_lane,6,761007,0,0,2,-2,240,-17.049164728392498,loss,100.0,0,0.5999999642372131,-1,0,0.0,0.0,-1,0
BLUE_SPLIT,OP7_DEEP_FORTRESS,map_b_split_lane,6,761007,1,3,0,3,156,-4.511121121584438,win,111.0,0,0.9599999785423279,-1,0,0.0,0.0,-1,0
BLUE_TURTLE,OP7_DEEP_FORTRESS,map_b_split_lane,6,761007,0,0,0,0,240,-14.537396740866825,draw,,0,0.7199999690055847,-1,0,0.0,0.0,-1,0
BLUE_ESCORT,OP7_DEEP_FORTRESS,map_b_split_lane,7,761008,0,0,0,0,240,-15.937514244840713,draw,,1,0.7599999904632568,-1,0,0.0,0.0,-1,0
BLUE_RUSH,OP7_DEEP_FORTRESS,map_b_split_lane,7,761008,0,0,0,0,240,-16.97335149513674,draw,,0,0.7999999523162842,-1,0,0.0,0.0,-1,0
BLUE_SPLIT,OP7_DEEP_FORTRESS,map_b_split_lane,7,761008,1,3,2,1,170,-6.204673196916701,win,55.0,1,1.0,-1,0,0.0,0.0,-1,0
BLUE_TURTLE,OP7_DEEP_FORTRESS,map_b_split_lane,7,761008,0,0,0,0,240,-17.128323829267174,draw,,0,0.7599999904632568,-1,0,0.0,0.0,-1,0
BLUE_ESCORT,OP7_DEEP_FORTRESS,map_b_split_lane,8,761009,0,0,1,-1,240,-14.714375828480115,loss,148.0,0,0.5600000023841858,-1,0,0.0,0.0,-1,0
BLUE_RUSH,OP7_DEEP_FORTRESS,map_b_split_lane,8,761009,0,0,0,0,240,-15.76290963491192,draw,,0,0.4399999976158142,-1,0,0.0,0.0,-1,0
BLUE_SPLIT,OP7_DEEP_FORTRESS,map_b_split_lane,8,761009,0,0,0,0,240,-14.324921936611645,draw,,1,0.8399999737739563,-1,0,0.0,0.0,-1,0
BLUE_TURTLE,OP7_DEEP_FORTRESS,map_b_split_lane,8,761009,0,0,1,-1,240,-11.986043782017077,loss,193.0,0,0.7599999904632568,-1,0,0.0,0.0,-1,0
BLUE_ESCORT,OP7_DEEP_FORTRESS,map_b_split_lane,9,761010,0,0,1,-1,240,-14.9530235514394,loss,221.0,0,0.4399999976158142,-1,0,0.0,0.0,-1,0
BLUE_RUSH,OP7_DEEP_FORTRESS,map_b_split_lane,9,761010,0,0,0,0,240,-16.540310584096005,draw,,0,0.4399999976158142,-1,0,0.0,0.0,-1,0
BLUE_SPLIT,OP7_DEEP_FORTRESS,map_b_split_lane,9,761010,1,3,0,3,83,-0.6784865332592744,win,38.0,1,0.7599999904632568,-1,0,0.0,0.0,-1,0
BLUE_TURTLE,OP7_DEEP_FORTRESS,map_b_split_lane,9,761010,0,0,0,0,240,-16.631624924193602,draw,,0,0.6800000071525574,-1,0,0.0,0.0,-1,0
BLUE_ESCORT,OP7_DEEP_FORTRESS,map_b_split_lane,10,761011,0,1,2,-1,240,-14.955835668399232,loss,74.0,0,0.6800000071525574,-1,0,0.0,0.0,-1,0
BLUE_RUSH,OP7_DEEP_FORTRESS,map_b_split_lane,10,761011,0,0,0,0,240,-13.44893649725418,draw,,1,0.5999999642372131,-1,0,0.0,0.0,-1,0
BLUE_SPLIT,OP7_DEEP_FORTRESS,map_b_split_lane,10,761011,1,3,0,3,89,-0.8686346411413979,win,44.0,1,0.7999999523162842,-1,0,0.0,0.0,-1,0
BLUE_TURTLE,OP7_DEEP_FORTRESS,map_b_split_lane,10,761011,0,0,0,0,240,-14.98868254601257,draw,,0,0.5999999642372131,-1,0,0.0,0.0,-1,0
BLUE_ESCORT,OP7_DEEP_FORTRESS,map_b_split_lane,11,761012,0,0,1,-1,240,-16.487700091674924,loss,185.0,0,0.6399999856948853,-1,0,0.0,0.0,-1,0
BLUE_RUSH,OP7_DEEP_FORTRESS,map_b_split_lane,11,761012,0,0,0,0,240,-17.14700547073153,draw,,1,0.5600000023841858,-1,0,0.0,0.0,-1,0
BLUE_SPLIT,OP7_DEEP_FORTRESS,map_b_split_lane,11,761012,0,0,0,0,240,-15.39271390470094,draw,,1,0.7599999904632568,-1,0,0.0,0.0,-1,0
BLUE_TURTLE,OP7_DEEP_FORTRESS,map_b_split_lane,11,761012,0,0,0,0,240,-12.534627226676093,draw,,0,0.5999999642372131,-1,0,0.0,0.0,-1,0
BLUE_ESCORT,OP7_DEEP_FORTRESS,map_b_split_lane,12,761013,0,0,2,-2,240,-14.436981772916624,loss,68.0,0,0.5999999642372131,-1,0,0.0,0.0,-1,0
BLUE_RUSH,OP7_DEEP_FORTRESS,map_b_split_lane,12,761013,0,0,0,0,240,-14.818888611131115,draw,,0,0.5600000023841858,-1,0,0.0,0.0,-1,0
BLUE_SPLIT,OP7_DEEP_FORTRESS,map_b_split_lane,12,761013,1,3,1,2,189,-7.639582825562684,win,137.0,0,0.9199999570846558,-1,0,0.0,0.0,-1,0
BLUE_TURTLE,OP7_DEEP_FORTRESS,map_b_split_lane,12,761013,0,0,0,0,240,-16.937795289384667,draw,,0,0.6399999856948853,-1,0,0.0,0.0,-1,0
BLUE_ESCORT,OP7_DEEP_FORTRESS,map_b_split_lane,13,761014,0,0,0,0,240,-13.015915051248157,draw,,0,0.7599999904632568,-1,0,0.0,0.0,-1,0
BLUE_RUSH,OP7_DEEP_FORTRESS,map_b_split_lane,13,761014,0,0,0,0,240,-14.385272487503244,draw,,1,0.6399999856948853,-1,0,0.0,0.0,-1,0
BLUE_SPLIT,OP7_DEEP_FORTRESS,map_b_split_lane,13,761014,0,0,0,0,240,-16.30300562843331,draw,,1,0.9199999570846558,-1,0,0.0,0.0,-1,0
BLUE_TURTLE,OP7_DEEP_FORTRESS,map_b_split_lane,13,761014,0,0,0,0,240,-10.797613631788408,draw,,0,0.7599999904632568,-1,0,0.0,0.0,-1,0
BLUE_ESCORT,OP7_DEEP_FORTRESS,map_b_split_lane,14,761015,0,1,1,0,240,-14.015863151027588,draw,191.0,0,0.47999998927116394,-1,0,0.0,0.0,-1,0
BLUE_RUSH,OP7_DEEP_FORTRESS,map_b_split_lane,14,761015,0,0,0,0,240,-14.432224370772019,draw,,0,0.6399999856948853,-1,0,0.0,0.0,-1,0
BLUE_SPLIT,OP7_DEEP_FORTRESS,map_b_split_lane,14,761015,1,3,0,3,84,-1.1263108349248796,win,41.0,1,0.8799999952316284,-1,0,0.0,0.0,-1,0
BLUE_TURTLE,OP7_DEEP_FORTRESS,map_b_split_lane,14,761015,0,0,0,0,240,-14.295779628446326,draw,,0,0.6399999856948853,-1,0,0.0,0.0,-1,0
BLUE_ESCORT,OP7_DEEP_FORTRESS,map_b_split_lane,15,761016,0,0,1,-1,240,-15.369832188705914,loss,74.0,0,0.6800000071525574,-1,0,0.0,0.0,-1,0
BLUE_RUSH,OP7_DEEP_FORTRESS,map_b_split_lane,15,761016,0,0,1,-1,240,-15.228695299447281,loss,147.0,0,0.6800000071525574,-1,0,0.0,0.0,-1,0
BLUE_SPLIT,OP7_DEEP_FORTRESS,map_b_split_lane,15,761016,1,3,0,3,97,-1.0797335377137642,win,40.0,1,0.7599999904632568,-1,0,0.0,0.0,-1,0
BLUE_TURTLE,OP7_DEEP_FORTRESS,map_b_split_lane,15,761016,0,0,2,-2,240,-12.951207576785237,loss,42.0,0,0.7599999904632568,-1,0,0.0,0.0,-1,0
BLUE_ESCORT,OP8_PROTECTED_CARRIER_ESCORT,map_b_split_lane,0,861001,0,0,0,0,240,-12.65554678440094,draw,,0,0.6399999856948853,-1,0,0.0,0.0,-1,0
BLUE_RUSH,OP8_PROTECTED_CARRIER_ESCORT,map_b_split_lane,0,861001,0,0,0,0,240,-16.68351349295699,draw,,0,0.6800000071525574,-1,0,0.0,0.0,-1,0
BLUE_SPLIT,OP8_PROTECTED_CARRIER_ESCORT,map_b_split_lane,0,861001,1,2,0,2,240,-10.783767538863685,win,173.0,1,0.8399999737739563,-1,0,0.0,0.0,-1,0
BLUE_TURTLE,OP8_PROTECTED_CARRIER_ESCORT,map_b_split_lane,0,861001,0,0,0,0,240,-12.693112353270408,draw,,0,0.7199999690055847,-1,0,0.0,0.0,-1,0
BLUE_ESCORT,OP8_PROTECTED_CARRIER_ESCORT,map_b_split_lane,1,861002,0,0,0,0,240,-10.161132440814981,draw,,0,0.6800000071525574,-1,0,0.0,0.0,-1,0
BLUE_RUSH,OP8_PROTECTED_CARRIER_ESCORT,map_b_split_lane,1,861002,0,0,0,0,240,-15.71567214661627,draw,,0,0.6399999856948853,-1,0,0.0,0.0,-1,0
BLUE_SPLIT,OP8_PROTECTED_CARRIER_ESCORT,map_b_split_lane,1,861002,1,3,0,3,112,-2.2782147599791642,win,47.0,1,0.8799999952316284,-1,0,0.0,0.0,-1,0
BLUE_TURTLE,OP8_PROTECTED_CARRIER_ESCORT,map_b_split_lane,1,861002,0,0,0,0,240,-12.818713538901648,draw,,0,0.7199999690055847,-1,0,0.0,0.0,-1,0
BLUE_ESCORT,OP8_PROTECTED_CARRIER_ESCORT,map_b_split_lane,2,861003,0,0,0,0,240,-11.681100288929883,draw,,0,0.6399999856948853,-1,0,0.0,0.0,-1,0
BLUE_RUSH,OP8_PROTECTED_CARRIER_ESCORT,map_b_split_lane,2,861003,0,0,0,0,240,-14.481772082930547,draw,,0,0.7199999690055847,-1,0,0.0,0.0,-1,0
BLUE_SPLIT,OP8_PROTECTED_CARRIER_ESCORT,map_b_split_lane,2,861003,1,3,0,3,120,-2.705183772050077,win,55.0,1,0.8799999952316284,-1,0,0.0,0.0,-1,0
BLUE_TURTLE,OP8_PROTECTED_CARRIER_ESCORT,map_b_split_lane,2,861003,0,0,0,0,240,-16.098876620468218,draw,,0,0.6800000071525574,-1,0,0.0,0.0,-1,0
BLUE_ESCORT,OP8_PROTECTED_CARRIER_ESCORT,map_b_split_lane,3,861004,0,0,0,0,240,-11.53834937006468,draw,,0,0.7599999904632568,-1,0,0.0,0.0,-1,0
BLUE_RUSH,OP8_PROTECTED_CARRIER_ESCORT,map_b_split_lane,3,861004,0,0,0,0,240,-15.59757321451616,draw,,0,0.8799999952316284,-1,0,0.0,0.0,-1,0
BLUE_SPLIT,OP8_PROTECTED_CARRIER_ESCORT,map_b_split_lane,3,861004,1,3,0,3,90,-0.8832139839068986,win,39.0,1,0.9599999785423279,-1,0,0.0,0.0,-1,0
BLUE_TURTLE,OP8_PROTECTED_CARRIER_ESCORT,map_b_split_lane,3,861004,0,0,0,0,240,-12.649981384834973,draw,,0,0.7199999690055847,-1,0,0.0,0.0,-1,0
BLUE_ESCORT,OP8_PROTECTED_CARRIER_ESCORT,map_b_split_lane,4,861005,0,0,0,0,240,-11.568011608411325,draw,,0,0.7599999904632568,-1,0,0.0,0.0,-1,0
BLUE_RUSH,OP8_PROTECTED_CARRIER_ESCORT,map_b_split_lane,4,861005,0,0,0,0,240,-15.129542399314232,draw,,1,0.6800000071525574,-1,0,0.0,0.0,-1,0
BLUE_SPLIT,OP8_PROTECTED_CARRIER_ESCORT,map_b_split_lane,4,861005,1,3,0,3,234,-12.22268682102822,win,178.0,1,0.9599999785423279,-1,0,0.0,0.0,-1,0
BLUE_TURTLE,OP8_PROTECTED_CARRIER_ESCORT,map_b_split_lane,4,861005,0,0,0,0,240,-13.04147515715158,draw,,0,0.6399999856948853,-1,0,0.0,0.0,-1,0
BLUE_RUSH,OP8_PROTECTED_CARRIER_ESCORT,map_b_split_lane,5,861006,0,0,0,0,240,-16.560242745355936,draw,,1,0.5999999642372131,-1,0,0.0,0.0,-1,0
BLUE_SPLIT,OP8_PROTECTED_CARRIER_ESCORT,map_b_split_lane,5,861006,1,3,0,3,126,-4.199882236798658,win,75.0,1,0.8399999737739563,-1,0,0.0,0.0,-1,0
BLUE_TURTLE,OP8_PROTECTED_CARRIER_ESCORT,map_b_split_lane,5,861006,0,0,0,0,240,-16.237824457872193,draw,,0,0.5199999809265137,-1,0,0.0,0.0,-1,0
BLUE_ESCORT,OP8_PROTECTED_CARRIER_ESCORT,map_b_split_lane,5,861006,0,1,1,0,240,-11.991789713065373,draw,178.0,0,0.6800000071525574,-1,0,0.0,0.0,-1,10
BLUE_RUSH,OP8_PROTECTED_CARRIER_ESCORT,map_b_split_lane,6,861007,0,0,0,0,240,-14.93927336257184,draw,,0,0.7599999904632568,-1,0,0.0,0.0,-1,20
BLUE_TURTLE,OP8_PROTECTED_CARRIER_ESCORT,map_b_split_lane,6,861007,0,0,0,0,240,-12.620092768629547,draw,,0,0.7599999904632568,-1,0,0.0,0.0,-1,10
BLUE_SPLIT,OP8_PROTECTED_CARRIER_ESCORT,map_b_split_lane,6,861007,1,3,0,3,212,-9.253289607000625,win,42.0,0,0.9599999785423279,-1,0,0.0,0.0,-1,37
BLUE_ESCORT,OP8_PROTECTED_CARRIER_ESCORT,map_b_split_lane,6,861007,0,0,0,0,240,-11.831063481105957,draw,,0,0.6399999856948853,-1,0,0.0,0.0,-1,20
BLUE_RUSH,OP8_PROTECTED_CARRIER_ESCORT,map_b_split_lane,7,861008,0,0,0,0,240,-15.150072152289795,draw,,0,0.5999999642372131,-1,0,0.0,0.0,-1,20
BLUE_TURTLE,OP8_PROTECTED_CARRIER_ESCORT,map_b_split_lane,7,861008,0,0,0,0,240,-10.171775145659922,draw,,0,0.4399999976158142,-1,0,0.0,0.0,-1,30
BLUE_SPLIT,OP8_PROTECTED_CARRIER_ESCORT,map_b_split_lane,7,861008,1,3,0,3,91,-1.2524781165993772,win,43.0,1,0.7199999690055847,-1,0,0.0,0.0,-1,0
BLUE_ESCORT,OP8_PROTECTED_CARRIER_ESCORT,map_b_split_lane,7,861008,0,1,1,0,240,-10.695478260313394,draw,136.0,0,0.6800000071525574,-1,0,0.0,0.0,-1,20
BLUE_RUSH,OP8_PROTECTED_CARRIER_ESCORT,map_b_split_lane,8,861009,0,0,0,0,240,-13.542396611097502,draw,,1,0.6800000071525574,-1,0,0.0,0.0,-1,38
BLUE_TURTLE,OP8_PROTECTED_CARRIER_ESCORT,map_b_split_lane,8,861009,0,0,0,0,240,-11.258663219079608,draw,,0,0.6800000071525574,-1,0,0.0,0.0,-1,10
BLUE_SPLIT,OP8_PROTECTED_CARRIER_ESCORT,map_b_split_lane,8,861009,1,3,0,3,186,-8.029321445654205,win,126.0,0,0.8399999737739563,-1,0,0.0,0.0,-1,21
BLUE_ESCORT,OP8_PROTECTED_CARRIER_ESCORT,map_b_split_lane,8,861009,0,0,0,0,240,-12.558037343696924,draw,,0,0.6800000071525574,-1,0,0.0,0.0,-1,11
BLUE_RUSH,OP8_PROTECTED_CARRIER_ESCORT,map_b_split_lane,9,861010,0,0,0,0,240,-15.34557061950909,draw,,0,0.6800000071525574,-1,0,0.0,0.0,-1,30
BLUE_TURTLE,OP8_PROTECTED_CARRIER_ESCORT,map_b_split_lane,9,861010,0,0,0,0,240,-14.362002082110848,draw,,0,0.7199999690055847,-1,0,0.0,0.0,-1,10
BLUE_SPLIT,OP8_PROTECTED_CARRIER_ESCORT,map_b_split_lane,9,861010,1,3,0,3,89,-0.8844974851235747,win,38.0,1,0.8799999952316284,-1,0,0.0,0.0,-1,0
BLUE_ESCORT,OP8_PROTECTED_CARRIER_ESCORT,map_b_split_lane,9,861010,0,0,2,-2,240,-11.606680000259075,loss,152.0,0,0.5999999642372131,-1,0,0.0,0.0,-1,30
BLUE_RUSH,OP8_PROTECTED_CARRIER_ESCORT,map_b_split_lane,10,861011,0,0,0,0,240,-15.349622256879229,draw,,0,0.7999999523162842,-1,0,0.0,0.0,-1,20
BLUE_TURTLE,OP8_PROTECTED_CARRIER_ESCORT,map_b_split_lane,10,861011,0,0,0,0,240,-13.335200626810547,draw,,0,0.7599999904632568,-1,0,0.0,0.0,-1,0
BLUE_SPLIT,OP8_PROTECTED_CARRIER_ESCORT,map_b_split_lane,10,861011,1,3,0,3,98,-1.3662973096361384,win,41.0,1,0.8399999737739563,-1,0,0.0,0.0,-1,10
BLUE_ESCORT,OP8_PROTECTED_CARRIER_ESCORT,map_b_split_lane,10,861011,0,0,0,0,240,-11.358181987394346,draw,,1,0.6800000071525574,-1,0,0.0,0.0,-1,10
BLUE_RUSH,OP8_PROTECTED_CARRIER_ESCORT,map_b_split_lane,11,861012,0,0,0,0,240,-16.564634765614755,draw,,0,0.6800000071525574,-1,0,0.0,0.0,-1,0
BLUE_TURTLE,OP8_PROTECTED_CARRIER_ESCORT,map_b_split_lane,11,861012,0,0,0,0,240,-14.384230840485543,draw,,0,0.5999999642372131,-1,0,0.0,0.0,-1,10
BLUE_SPLIT,OP8_PROTECTED_CARRIER_ESCORT,map_b_split_lane,11,861012,1,3,0,3,177,-5.991719653567998,win,87.0,1,0.8399999737739563,-1,0,0.0,0.0,-1,30
BLUE_ESCORT,OP8_PROTECTED_CARRIER_ESCORT,map_b_split_lane,11,861012,0,0,0,0,240,-13.934990133391693,draw,,0,0.6399999856948853,-1,0,0.0,0.0,-1,0
BLUE_RUSH,OP8_PROTECTED_CARRIER_ESCORT,map_b_split_lane,12,861013,0,0,0,0,240,-15.667268527264241,draw,,0,0.6800000071525574,-1,0,0.0,0.0,-1,0
BLUE_TURTLE,OP8_PROTECTED_CARRIER_ESCORT,map_b_split_lane,12,861013,0,0,0,0,240,-13.192575547058368,draw,,0,0.7599999904632568,-1,0,0.0,0.0,-1,0
BLUE_SPLIT,OP8_PROTECTED_CARRIER_ESCORT,map_b_split_lane,12,861013,1,3,1,2,89,-1.432113452901831,win,45.0,1,0.8799999952316284,-1,0,0.0,0.0,-1,10
BLUE_ESCORT,OP8_PROTECTED_CARRIER_ESCORT,map_b_split_lane,12,861013,0,0,0,0,240,-13.855233442998724,draw,,0,0.7199999690055847,-1,0,0.0,0.0,-1,0
BLUE_RUSH,OP8_PROTECTED_CARRIER_ESCORT,map_b_split_lane,13,861014,0,0,0,0,240,-16.382990502388566,draw,,0,0.7199999690055847,-1,0,0.0,0.0,-1,23
BLUE_TURTLE,OP8_PROTECTED_CARRIER_ESCORT,map_b_split_lane,13,861014,0,0,0,0,240,-15.256854134146124,draw,,0,0.6800000071525574,-1,0,0.0,0.0,-1,0
BLUE_SPLIT,OP8_PROTECTED_CARRIER_ESCORT,map_b_split_lane,13,861014,1,3,0,3,90,-1.4807036731217522,win,39.0,1,0.8399999737739563,-1,0,0.0,0.0,-1,10
BLUE_ESCORT,OP8_PROTECTED_CARRIER_ESCORT,map_b_split_lane,13,861014,0,0,1,-1,240,-10.470169768232154,loss,205.0,0,0.6800000071525574,-1,0,0.0,0.0,-1,30
BLUE_RUSH,OP8_PROTECTED_CARRIER_ESCORT,map_b_split_lane,14,861015,0,0,0,0,240,-15.601630505465437,draw,,0,0.6800000071525574,-1,0,0.0,0.0,-1,11
BLUE_TURTLE,OP8_PROTECTED_CARRIER_ESCORT,map_b_split_lane,14,861015,0,0,0,0,240,-14.065984287502943,draw,,0,0.6800000071525574,-1,0,0.0,0.0,-1,10
BLUE_SPLIT,OP8_PROTECTED_CARRIER_ESCORT,map_b_split_lane,14,861015,1,3,1,2,86,-1.1699843086671535,win,36.0,1,0.7999999523162842,-1,0,0.0,0.0,-1,20
BLUE_ESCORT,OP8_PROTECTED_CARRIER_ESCORT,map_b_split_lane,14,861015,0,1,1,0,240,-11.177826472587185,draw,110.0,0,0.6399999856948853,-1,0,0.0,0.0,-1,20
BLUE_RUSH,OP8_PROTECTED_CARRIER_ESCORT,map_b_split_lane,15,861016,0,0,0,0,240,-14.266664323877194,draw,,0,0.8399999737739563,-1,0,0.0,0.0,-1,20
BLUE_TURTLE,OP8_PROTECTED_CARRIER_ESCORT,map_b_split_lane,15,861016,0,0,0,0,240,-12.966150208230829,draw,,0,0.7999999523162842,-1,0,0.0,0.0,-1,10
BLUE_SPLIT,OP8_PROTECTED_CARRIER_ESCORT,map_b_split_lane,15,861016,1,3,0,3,107,-2.8395876917638816,win,46.0,1,0.9199999570846558,-1,0,0.0,0.0,-1,20
BLUE_ESCORT,OP8_PROTECTED_CARRIER_ESCORT,map_b_split_lane,15,861016,0,0,0,0,240,-11.432683362130774,draw,,0,0.7199999690055847,-1,0,0.0,0.0,-1,40
BLUE_RUSH,OP9_SPLIT_LANE_FEINT,map_b_split_lane,0,961001,0,0,0,0,240,-15.65560399388778,draw,,0,0.6800000071525574,-1,0,0.0,0.0,-1,19
BLUE_TURTLE,OP9_SPLIT_LANE_FEINT,map_b_split_lane,0,961001,0,0,1,-1,240,-9.6286389612942,loss,116.0,0,0.9199999570846558,-1,0,0.0,0.0,-1,3
BLUE_SPLIT,OP9_SPLIT_LANE_FEINT,map_b_split_lane,0,961001,1,3,0,3,187,-7.039199518621899,win,138.0,0,0.8799999952316284,-1,0,0.0,0.0,-1,16
BLUE_ESCORT,OP9_SPLIT_LANE_FEINT,map_b_split_lane,0,961001,0,0,2,-2,240,-14.61844182643108,loss,161.0,0,0.6399999856948853,-1,0,0.0,0.0,-1,10
BLUE_RUSH,OP9_SPLIT_LANE_FEINT,map_b_split_lane,1,961002,0,0,0,0,240,-16.235743330267724,draw,,0,0.5999999642372131,-1,0,0.0,0.0,-1,10
BLUE_TURTLE,OP9_SPLIT_LANE_FEINT,map_b_split_lane,1,961002,0,0,1,-1,240,-9.789245618972927,loss,155.0,0,0.7599999904632568,-1,0,0.0,0.0,-1,10
BLUE_SPLIT,OP9_SPLIT_LANE_FEINT,map_b_split_lane,1,961002,1,3,0,3,200,-7.915988029359141,win,115.0,1,0.8799999952316284,-1,0,0.0,0.0,-1,21
BLUE_ESCORT,OP9_SPLIT_LANE_FEINT,map_b_split_lane,1,961002,0,0,0,0,240,-13.824234348081518,draw,,0,0.6399999856948853,-1,0,0.0,0.0,-1,6
BLUE_RUSH,OP9_SPLIT_LANE_FEINT,map_b_split_lane,2,961003,0,0,0,0,240,-15.32098886523454,draw,,1,0.6399999856948853,-1,0,0.0,0.0,-1,14
BLUE_TURTLE,OP9_SPLIT_LANE_FEINT,map_b_split_lane,2,961003,0,0,0,0,240,-10.127415016875602,draw,,0,0.5999999642372131,-1,0,0.0,0.0,-1,9
BLUE_SPLIT,OP9_SPLIT_LANE_FEINT,map_b_split_lane,2,961003,1,3,0,3,174,-6.673691860276449,win,105.0,0,0.8799999952316284,-1,0,0.0,0.0,-1,21
BLUE_ESCORT,OP9_SPLIT_LANE_FEINT,map_b_split_lane,2,961003,0,0,0,0,240,-13.247287453064928,draw,,0,0.5999999642372131,-1,0,0.0,0.0,-1,16
BLUE_RUSH,OP9_SPLIT_LANE_FEINT,map_b_split_lane,3,961004,0,0,0,0,240,-15.150940769904992,draw,,0,0.7599999904632568,-1,0,0.0,0.0,-1,21
BLUE_TURTLE,OP9_SPLIT_LANE_FEINT,map_b_split_lane,3,961004,0,0,0,0,240,-10.403372686589137,draw,,0,0.7599999904632568,-1,0,0.0,0.0,-1,6
BLUE_SPLIT,OP9_SPLIT_LANE_FEINT,map_b_split_lane,3,961004,1,3,0,3,112,-1.7814575803931803,win,51.0,1,0.9199999570846558,-1,0,0.0,0.0,-1,16
BLUE_ESCORT,OP9_SPLIT_LANE_FEINT,map_b_split_lane,3,961004,0,0,0,0,240,-11.5550896077184,draw,,0,0.7199999690055847,-1,0,0.0,0.0,-1,18
BLUE_RUSH,OP9_SPLIT_LANE_FEINT,map_b_split_lane,4,961005,0,0,0,0,240,-15.887685183057329,draw,,0,0.5999999642372131,-1,0,0.0,0.0,-1,13
BLUE_TURTLE,OP9_SPLIT_LANE_FEINT,map_b_split_lane,4,961005,0,0,0,0,240,-11.585942091594916,draw,,0,0.7199999690055847,-1,0,0.0,0.0,-1,6
BLUE_SPLIT,OP9_SPLIT_LANE_FEINT,map_b_split_lane,4,961005,1,3,1,2,130,-5.165356293216973,win,85.0,1,0.8399999737739563,-1,0,0.0,0.0,-1,17
BLUE_ESCORT,OP9_SPLIT_LANE_FEINT,map_b_split_lane,4,961005,0,0,0,0,240,-13.660517085489118,draw,,0,0.6399999856948853,-1,0,0.0,0.0,-1,12
BLUE_RUSH,OP9_SPLIT_LANE_FEINT,map_b_split_lane,5,961006,0,0,0,0,240,-17.386438173867646,draw,,1,0.5999999642372131,-1,0,0.0,0.0,-1,12
BLUE_TURTLE,OP9_SPLIT_LANE_FEINT,map_b_split_lane,5,961006,0,0,0,0,240,-13.463305088313064,draw,,0,0.7599999904632568,-1,0,0.0,0.0,-1,4
BLUE_SPLIT,OP9_SPLIT_LANE_FEINT,map_b_split_lane,5,961006,1,3,0,3,139,-3.736447121042147,win,57.0,0,0.9199999570846558,-1,0,0.0,0.0,-1,18
BLUE_ESCORT,OP9_SPLIT_LANE_FEINT,map_b_split_lane,5,961006,0,0,0,0,240,-13.705476988718146,draw,,0,0.47999998927116394,-1,0,0.0,0.0,-1,3
BLUE_RUSH,OP9_SPLIT_LANE_FEINT,map_b_split_lane,6,961007,0,0,1,-1,240,-15.438991315721069,loss,105.0,0,0.6800000071525574,-1,0,0.0,0.0,-1,15
BLUE_TURTLE,OP9_SPLIT_LANE_FEINT,map_b_split_lane,6,961007,0,0,0,0,240,-9.733991360961227,draw,,0,0.6399999856948853,-1,0,0.0,0.0,-1,11
BLUE_SPLIT,OP9_SPLIT_LANE_FEINT,map_b_split_lane,6,961007,1,3,0,3,100,-2.2598808458424173,win,44.0,1,0.8799999952316284,-1,0,0.0,0.0,-1,12
BLUE_ESCORT,OP9_SPLIT_LANE_FEINT,map_b_split_lane,6,961007,0,0,1,-1,240,-11.23149020288838,loss,71.0,0,0.6800000071525574,-1,0,0.0,0.0,-1,10
BLUE_RUSH,OP9_SPLIT_LANE_FEINT,map_b_split_lane,7,961008,0,0,0,0,240,-14.706990493432386,draw,,1,0.7999999523162842,-1,0,0.0,0.0,-1,21
BLUE_TURTLE,OP9_SPLIT_LANE_FEINT,map_b_split_lane,7,961008,0,0,1,-1,240,-11.25923795075505,loss,199.0,0,0.9199999570846558,-1,0,0.0,0.0,-1,3
BLUE_SPLIT,OP9_SPLIT_LANE_FEINT,map_b_split_lane,7,961008,1,3,0,3,102,-2.3729458169782447,win,40.0,1,0.9599999785423279,-1,0,0.0,0.0,-1,14
BLUE_ESCORT,OP9_SPLIT_LANE_FEINT,map_b_split_lane,7,961008,0,0,0,0,240,-14.335627766384277,draw,,1,0.7599999904632568,-1,0,0.0,0.0,-1,18
BLUE_RUSH,OP9_SPLIT_LANE_FEINT,map_b_split_lane,8,961009,0,0,0,0,240,-15.471606035367586,draw,,0,0.6800000071525574,-1,0,0.0,0.0,-1,16
BLUE_TURTLE,OP9_SPLIT_LANE_FEINT,map_b_split_lane,8,961009,0,0,0,0,240,-13.506493274267996,draw,,0,0.7599999904632568,-1,0,0.0,0.0,-1,3
BLUE_SPLIT,OP9_SPLIT_LANE_FEINT,map_b_split_lane,8,961009,1,3,0,3,92,-0.9737466519582085,win,39.0,1,0.7999999523162842,-1,0,0.0,0.0,-1,12
BLUE_ESCORT,OP9_SPLIT_LANE_FEINT,map_b_split_lane,8,961009,0,0,0,0,240,-14.670216037426144,draw,,0,0.7199999690055847,-1,0,0.0,0.0,-1,7
BLUE_RUSH,OP9_SPLIT_LANE_FEINT,map_b_split_lane,9,961010,0,0,0,0,240,-16.6422187750577,draw,,1,0.6800000071525574,-1,0,0.0,0.0,-1,9
BLUE_TURTLE,OP9_SPLIT_LANE_FEINT,map_b_split_lane,9,961010,0,0,0,0,240,-9.31745020129165,draw,,0,0.7599999904632568,-1,0,0.0,0.0,-1,6
BLUE_SPLIT,OP9_SPLIT_LANE_FEINT,map_b_split_lane,9,961010,1,3,0,3,93,-0.8923875409527682,win,45.0,1,0.7599999904632568,-1,0,0.0,0.0,-1,10
BLUE_ESCORT,OP9_SPLIT_LANE_FEINT,map_b_split_lane,9,961010,0,0,0,0,240,-11.505936173751252,draw,,0,0.7199999690055847,-1,0,0.0,0.0,-1,18
BLUE_RUSH,OP9_SPLIT_LANE_FEINT,map_b_split_lane,10,961011,0,0,0,0,240,-17.59078513731947,draw,,0,0.47999998927116394,-1,0,0.0,0.0,-1,7
BLUE_TURTLE,OP9_SPLIT_LANE_FEINT,map_b_split_lane,10,961011,0,0,0,0,240,-10.738133700710023,draw,,0,0.7199999690055847,-1,0,0.0,0.0,-1,6
BLUE_SPLIT,OP9_SPLIT_LANE_FEINT,map_b_split_lane,10,961011,1,3,0,3,140,-4.596052665321622,win,46.0,0,0.8399999737739563,-1,0,0.0,0.0,-1,14
BLUE_ESCORT,OP9_SPLIT_LANE_FEINT,map_b_split_lane,10,961011,0,0,0,0,240,-14.718815130356234,draw,,0,0.5199999809265137,-1,0,0.0,0.0,-1,15
BLUE_RUSH,OP9_SPLIT_LANE_FEINT,map_b_split_lane,11,961012,0,0,0,0,240,-16.26377518445952,draw,,0,0.6800000071525574,-1,0,0.0,0.0,-1,18
BLUE_TURTLE,OP9_SPLIT_LANE_FEINT,map_b_split_lane,11,961012,0,0,0,0,240,-9.704947880964028,draw,,0,0.7199999690055847,-1,0,0.0,0.0,-1,6
BLUE_SPLIT,OP9_SPLIT_LANE_FEINT,map_b_split_lane,11,961012,1,3,0,3,156,-5.198172874748707,win,42.0,0,0.7999999523162842,-1,0,0.0,0.0,-1,16
BLUE_ESCORT,OP9_SPLIT_LANE_FEINT,map_b_split_lane,11,961012,1,1,0,1,240,-10.959518718213076,win,122.0,0,0.6800000071525574,-1,0,0.0,0.0,-1,16
BLUE_RUSH,OP9_SPLIT_LANE_FEINT,map_b_split_lane,12,961013,0,0,0,0,240,-15.680627826615819,draw,,0,0.6800000071525574,-1,0,0.0,0.0,-1,9
BLUE_TURTLE,OP9_SPLIT_LANE_FEINT,map_b_split_lane,12,961013,0,0,0,0,240,-13.379702699632617,draw,,0,0.7599999904632568,-1,0,0.0,0.0,-1,3
BLUE_SPLIT,OP9_SPLIT_LANE_FEINT,map_b_split_lane,12,961013,1,3,0,3,99,-1.4514309818623587,win,39.0,1,0.8799999952316284,-1,0,0.0,0.0,-1,16
BLUE_ESCORT,OP9_SPLIT_LANE_FEINT,map_b_split_lane,12,961013,0,0,0,0,240,-14.699768219346879,draw,,0,0.7199999690055847,-1,0,0.0,0.0,-1,15
BLUE_RUSH,OP9_SPLIT_LANE_FEINT,map_b_split_lane,13,961014,0,0,0,0,240,-15.62968626266229,draw,,0,0.5999999642372131,-1,0,0.0,0.0,-1,6
BLUE_TURTLE,OP9_SPLIT_LANE_FEINT,map_b_split_lane,13,961014,0,0,0,0,240,-9.919500125630293,draw,,0,0.5999999642372131,-1,0,0.0,0.0,-1,6
BLUE_SPLIT,OP9_SPLIT_LANE_FEINT,map_b_split_lane,13,961014,1,3,0,3,90,-1.254035566787934,win,43.0,1,0.7999999523162842,-1,0,0.0,0.0,-1,14
BLUE_ESCORT,OP9_SPLIT_LANE_FEINT,map_b_split_lane,13,961014,0,0,2,-2,240,-14.9512018757232,loss,113.0,0,0.6399999856948853,-1,0,0.0,0.0,-1,9
BLUE_RUSH,OP9_SPLIT_LANE_FEINT,map_b_split_lane,14,961015,0,0,0,0,240,-16.28119223503745,draw,,1,0.47999998927116394,-1,0,0.0,0.0,-1,16
BLUE_TURTLE,OP9_SPLIT_LANE_FEINT,map_b_split_lane,14,961015,0,0,0,0,240,-14.932274160557427,draw,,0,0.6800000071525574,-1,0,0.0,0.0,-1,3
BLUE_SPLIT,OP9_SPLIT_LANE_FEINT,map_b_split_lane,14,961015,1,3,0,3,230,-8.66628087341087,win,60.0,0,0.8799999952316284,-1,0,0.0,0.0,-1,25
BLUE_ESCORT,OP9_SPLIT_LANE_FEINT,map_b_split_lane,14,961015,0,0,0,0,240,-15.139584990189178,draw,,1,0.5199999809265137,-1,0,0.0,0.0,-1,6
BLUE_RUSH,OP9_SPLIT_LANE_FEINT,map_b_split_lane,15,961016,0,0,0,0,240,-16.895700014865724,draw,,0,0.6800000071525574,-1,0,0.0,0.0,-1,9
BLUE_TURTLE,OP9_SPLIT_LANE_FEINT,map_b_split_lane,15,961016,0,0,0,0,240,-12.258264102769317,draw,,0,0.6800000071525574,-1,0,0.0,0.0,-1,3
BLUE_SPLIT,OP9_SPLIT_LANE_FEINT,map_b_split_lane,15,961016,1,3,0,3,164,-6.180841642868472,win,56.0,1,0.8799999952316284,-1,0,0.0,0.0,-1,16
BLUE_ESCORT,OP9_SPLIT_LANE_FEINT,map_b_split_lane,15,961016,0,0,0,0,240,-14.914713930658763,draw,,0,0.6399999856948853,-1,0,0.0,0.0,-1,9
BLUE_RUSH,OP10_AGGRESSIVE_INTERCEPTOR,map_b_split_lane,0,1061001,0,0,0,0,240,-15.895548175627482,draw,,1,0.7199999690055847,-1,0,0.0,0.0,-1,0
BLUE_TURTLE,OP10_AGGRESSIVE_INTERCEPTOR,map_b_split_lane,0,1061001,0,0,2,-2,240,-9.807142730540363,loss,86.0,0,0.8799999952316284,-1,0,0.0,0.0,-1,56
BLUE_SPLIT,OP10_AGGRESSIVE_INTERCEPTOR,map_b_split_lane,0,1061001,1,3,0,3,116,-2.0784903132007457,win,58.0,1,0.8799999952316284,-1,0,0.0,0.0,-1,28
BLUE_ESCORT,OP10_AGGRESSIVE_INTERCEPTOR,map_b_split_lane,0,1061001,0,0,0,0,240,-14.524842859013006,draw,,0,0.7599999904632568,-1,0,0.0,0.0,-1,0
BLUE_RUSH,OP10_AGGRESSIVE_INTERCEPTOR,map_b_split_lane,1,1061002,0,0,1,-1,240,-14.674662270103,loss,93.0,0,0.6800000071525574,-1,0,0.0,0.0,-1,29
BLUE_TURTLE,OP10_AGGRESSIVE_INTERCEPTOR,map_b_split_lane,1,1061002,0,0,0,0,240,-11.767183936838592,draw,,0,0.6800000071525574,-1,0,0.0,0.0,-1,0
BLUE_SPLIT,OP10_AGGRESSIVE_INTERCEPTOR,map_b_split_lane,1,1061002,1,1,0,1,240,-13.61382600440993,win,55.0,1,0.8399999737739563,-1,0,0.0,0.0,-1,30
BLUE_ESCORT,OP10_AGGRESSIVE_INTERCEPTOR,map_b_split_lane,1,1061002,0,1,1,0,240,-12.463476486853324,draw,50.0,0,0.6800000071525574,-1,0,0.0,0.0,-1,0
BLUE_RUSH,OP10_AGGRESSIVE_INTERCEPTOR,map_b_split_lane,2,1061003,0,0,1,-1,240,-14.263773270824458,loss,156.0,1,0.5999999642372131,-1,0,0.0,0.0,-1,56
BLUE_TURTLE,OP10_AGGRESSIVE_INTERCEPTOR,map_b_split_lane,2,1061003,0,0,1,-1,240,-11.959216496383306,loss,85.0,0,0.7599999904632568,-1,0,0.0,0.0,-1,28
BLUE_SPLIT,OP10_AGGRESSIVE_INTERCEPTOR,map_b_split_lane,2,1061003,0,0,0,0,240,-15.886208448326215,draw,,0,0.9199999570846558,-1,0,0.0,0.0,-1,0
BLUE_ESCORT,OP10_AGGRESSIVE_INTERCEPTOR,map_b_split_lane,2,1061003,0,0,0,0,240,-12.664469260111218,draw,,0,0.6399999856948853,-1,0,0.0,0.0,-1,27
BLUE_RUSH,OP10_AGGRESSIVE_INTERCEPTOR,map_b_split_lane,3,1061004,0,1,2,-1,240,-12.404889633937273,loss,93.0,0,0.7199999690055847,-1,0,0.0,0.0,-1,58
BLUE_TURTLE,OP10_AGGRESSIVE_INTERCEPTOR,map_b_split_lane,3,1061004,0,0,0,0,240,-10.86969223379856,draw,,0,0.7199999690055847,-1,0,0.0,0.0,-1,32
BLUE_SPLIT,OP10_AGGRESSIVE_INTERCEPTOR,map_b_split_lane,3,1061004,1,3,0,3,99,-2.0268853600136936,win,45.0,1,0.8799999952316284,-1,0,0.0,0.0,-1,75
BLUE_ESCORT,OP10_AGGRESSIVE_INTERCEPTOR,map_b_split_lane,3,1061004,1,1,0,1,240,-12.919313841266558,win,235.0,0,0.7199999690055847,-1,0,0.0,0.0,-1,0
BLUE_RUSH,OP10_AGGRESSIVE_INTERCEPTOR,map_b_split_lane,4,1061005,0,0,1,-1,240,-13.347039070242317,loss,122.0,0,0.6399999856948853,-1,0,0.0,0.0,-1,50
BLUE_TURTLE,OP10_AGGRESSIVE_INTERCEPTOR,map_b_split_lane,4,1061005,0,0,0,0,240,-12.321691668685162,draw,,0,0.6399999856948853,-1,0,0.0,0.0,-1,37
BLUE_SPLIT,OP10_AGGRESSIVE_INTERCEPTOR,map_b_split_lane,4,1061005,0,0,0,0,240,-16.068687449704157,draw,,1,0.7999999523162842,-1,0,0.0,0.0,-1,0
BLUE_ESCORT,OP10_AGGRESSIVE_INTERCEPTOR,map_b_split_lane,4,1061005,0,1,1,0,240,-11.201077122066636,draw,178.0,1,0.5999999642372131,-1,0,0.0,0.0,-1,28
BLUE_RUSH,OP10_AGGRESSIVE_INTERCEPTOR,map_b_split_lane,5,1061006,0,0,1,-1,240,-15.907510374789126,loss,91.0,0,0.6399999856948853,-1,0,0.0,0.0,-1,0
BLUE_TURTLE,OP10_AGGRESSIVE_INTERCEPTOR,map_b_split_lane,5,1061006,0,0,0,0,240,-12.201886055758223,draw,,0,0.6399999856948853,-1,0,0.0,0.0,-1,28
BLUE_SPLIT,OP10_AGGRESSIVE_INTERCEPTOR,map_b_split_lane,5,1061006,0,0,0,0,240,-16.46359386315453,draw,,0,0.9199999570846558,-1,0,0.0,0.0,-1,0
BLUE_ESCORT,OP10_AGGRESSIVE_INTERCEPTOR,map_b_split_lane,5,1061006,0,1,2,-1,240,-12.109163332905155,loss,175.0,0,0.5999999642372131,-1,0,0.0,0.0,-1,57
BLUE_RUSH,OP10_AGGRESSIVE_INTERCEPTOR,map_b_split_lane,6,1061007,0,1,2,-1,240,-13.039437446655938,loss,82.0,0,0.6800000071525574,-1,0,0.0,0.0,-1,85
BLUE_TURTLE,OP10_AGGRESSIVE_INTERCEPTOR,map_b_split_lane,6,1061007,0,0,1,-1,240,-15.701273736107396,loss,43.0,0,0.7199999690055847,-1,0,0.0,0.0,-1,0
BLUE_SPLIT,OP10_AGGRESSIVE_INTERCEPTOR,map_b_split_lane,6,1061007,1,3,1,2,239,-11.337430526531534,win,57.0,0,0.8399999737739563,-1,0,0.0,0.0,-1,76
BLUE_ESCORT,OP10_AGGRESSIVE_INTERCEPTOR,map_b_split_lane,6,1061007,0,1,1,0,240,-12.906561712356051,draw,216.0,0,0.6399999856948853,-1,0,0.0,0.0,-1,0
BLUE_RUSH,OP10_AGGRESSIVE_INTERCEPTOR,map_b_split_lane,7,1061008,0,0,1,-1,240,-13.885755696916021,loss,178.0,0,0.6399999856948853,-1,0,0.0,0.0,-1,52
BLUE_TURTLE,OP10_AGGRESSIVE_INTERCEPTOR,map_b_split_lane,7,1061008,0,0,1,-1,240,-12.626513051014626,loss,154.0,0,0.7199999690055847,-1,0,0.0,0.0,-1,28
BLUE_SPLIT,OP10_AGGRESSIVE_INTERCEPTOR,map_b_split_lane,7,1061008,1,2,1,1,240,-13.059367135021603,win,65.0,1,0.9199999570846558,-1,0,0.0,0.0,-1,28
BLUE_ESCORT,OP10_AGGRESSIVE_INTERCEPTOR,map_b_split_lane,7,1061008,0,0,0,0,240,-16.5219966522709,draw,,0,0.6399999856948853,-1,0,0.0,0.0,-1,0
BLUE_RUSH,OP10_AGGRESSIVE_INTERCEPTOR,map_b_split_lane,8,1061009,0,0,0,0,240,-15.850513827463146,draw,,0,0.7199999690055847,-1,0,0.0,0.0,-1,15
BLUE_TURTLE,OP10_AGGRESSIVE_INTERCEPTOR,map_b_split_lane,8,1061009,0,0,1,-1,240,-12.237631024967413,loss,83.0,0,0.8399999737739563,-1,0,0.0,0.0,-1,28
BLUE_SPLIT,OP10_AGGRESSIVE_INTERCEPTOR,map_b_split_lane,8,1061009,0,0,0,0,240,-15.807347808207851,draw,,0,0.9199999570846558,-1,0,0.0,0.0,-1,0
BLUE_ESCORT,OP10_AGGRESSIVE_INTERCEPTOR,map_b_split_lane,8,1061009,0,0,0,0,240,-16.12901167795644,draw,,0,0.7199999690055847,-1,0,0.0,0.0,-1,0
BLUE_RUSH,OP10_AGGRESSIVE_INTERCEPTOR,map_b_split_lane,9,1061010,0,0,0,0,240,-14.812548294808948,draw,,1,0.6399999856948853,-1,0,0.0,0.0,-1,35
BLUE_TURTLE,OP10_AGGRESSIVE_INTERCEPTOR,map_b_split_lane,9,1061010,1,3,2,1,206,-5.1680822706839535,win,121.0,0,0.7599999904632568,-1,0,0.0,0.0,-1,87
BLUE_SPLIT,OP10_AGGRESSIVE_INTERCEPTOR,map_b_split_lane,9,1061010,0,0,0,0,240,-14.36997961049201,draw,,1,0.8799999952316284,-1,0,0.0,0.0,-1,0
BLUE_ESCORT,OP10_AGGRESSIVE_INTERCEPTOR,map_b_split_lane,9,1061010,1,1,0,1,240,-13.52646143664606,win,104.0,0,0.5600000023841858,-1,0,0.0,0.0,-1,0
BLUE_RUSH,OP10_AGGRESSIVE_INTERCEPTOR,map_b_split_lane,10,1061011,0,0,1,-1,240,-13.962816908446257,loss,140.0,0,0.5199999809265137,-1,0,0.0,0.0,-1,28
BLUE_TURTLE,OP10_AGGRESSIVE_INTERCEPTOR,map_b_split_lane,10,1061011,0,0,2,-2,240,-11.460417416092241,loss,76.0,0,0.7599999904632568,-1,0,0.0,0.0,-1,56
BLUE_SPLIT,OP10_AGGRESSIVE_INTERCEPTOR,map_b_split_lane,10,1061011,0,0,0,0,240,-15.651485834387131,draw,,1,0.8399999737739563,-1,0,0.0,0.0,-1,0
BLUE_ESCORT,OP10_AGGRESSIVE_INTERCEPTOR,map_b_split_lane,10,1061011,0,0,0,0,240,-15.071032470819773,draw,,0,0.5600000023841858,-1,0,0.0,0.0,-1,0
BLUE_RUSH,OP10_AGGRESSIVE_INTERCEPTOR,map_b_split_lane,11,1061012,0,0,1,-1,240,-16.613998396816896,loss,229.0,0,0.47999998927116394,-1,0,0.0,0.0,-1,28
BLUE_TURTLE,OP10_AGGRESSIVE_INTERCEPTOR,map_b_split_lane,11,1061012,0,0,1,-1,240,-11.747789142798865,loss,95.0,0,0.7199999690055847,-1,0,0.0,0.0,-1,85
BLUE_SPLIT,OP10_AGGRESSIVE_INTERCEPTOR,map_b_split_lane,11,1061012,0,2,2,0,240,-14.002970162255224,draw,79.0,1,0.7999999523162842,-1,0,0.0,0.0,-1,77
BLUE_ESCORT,OP10_AGGRESSIVE_INTERCEPTOR,map_b_split_lane,11,1061012,0,1,1,0,240,-12.700131416175282,draw,108.0,0,0.5199999809265137,-1,0,0.0,0.0,-1,56
BLUE_RUSH,OP10_AGGRESSIVE_INTERCEPTOR,map_b_split_lane,12,1061013,0,0,0,0,240,-17.013716114743147,draw,,1,0.5999999642372131,-1,0,0.0,0.0,-1,0
BLUE_TURTLE,OP10_AGGRESSIVE_INTERCEPTOR,map_b_split_lane,12,1061013,0,0,1,-1,240,-13.801159042603103,loss,159.0,0,0.7999999523162842,-1,0,0.0,0.0,-1,28
BLUE_SPLIT,OP10_AGGRESSIVE_INTERCEPTOR,map_b_split_lane,12,1061013,0,0,0,0,240,-14.789750337804435,draw,,0,0.8399999737739563,-1,0,0.0,0.0,-1,0
BLUE_ESCORT,OP10_AGGRESSIVE_INTERCEPTOR,map_b_split_lane,12,1061013,0,0,0,0,240,-14.951183935801964,draw,,0,0.6399999856948853,-1,0,0.0,0.0,-1,0
BLUE_RUSH,OP10_AGGRESSIVE_INTERCEPTOR,map_b_split_lane,13,1061014,0,1,1,0,240,-14.796435780066531,draw,174.0,1,0.5600000023841858,-1,0,0.0,0.0,-1,29
BLUE_TURTLE,OP10_AGGRESSIVE_INTERCEPTOR,map_b_split_lane,13,1061014,0,0,0,0,240,-13.341467186110094,draw,,0,0.7199999690055847,-1,0,0.0,0.0,-1,0
BLUE_SPLIT,OP10_AGGRESSIVE_INTERCEPTOR,map_b_split_lane,13,1061014,1,3,1,2,84,-1.4536767367389984,win,43.0,1,0.7999999523162842,-1,0,0.0,0.0,-1,28
BLUE_ESCORT,OP10_AGGRESSIVE_INTERCEPTOR,map_b_split_lane,13,1061014,0,0,0,0,240,-15.885804477380589,draw,,0,0.4399999976158142,-1,0,0.0,0.0,-1,0
BLUE_RUSH,OP10_AGGRESSIVE_INTERCEPTOR,map_b_split_lane,14,1061015,0,0,1,-1,240,-12.874581378593575,loss,98.0,1,0.7199999690055847,-1,0,0.0,0.0,-1,56
BLUE_TURTLE,OP10_AGGRESSIVE_INTERCEPTOR,map_b_split_lane,14,1061015,0,0,0,0,240,-12.753371467348188,draw,,0,0.7599999904632568,-1,0,0.0,0.0,-1,0
BLUE_SPLIT,OP10_AGGRESSIVE_INTERCEPTOR,map_b_split_lane,14,1061015,0,2,3,-1,154,-7.807820080139209,loss,80.0,1,0.9199999570846558,-1,0,0.0,0.0,-1,56
BLUE_ESCORT,OP10_AGGRESSIVE_INTERCEPTOR,map_b_split_lane,14,1061015,0,0,2,-2,240,-13.264429983799346,loss,159.0,0,0.6399999856948853,-1,0,0.0,0.0,-1,28
BLUE_RUSH,OP10_AGGRESSIVE_INTERCEPTOR,map_b_split_lane,15,1061016,0,0,1,-1,240,-14.989883506845217,loss,97.0,0,0.47999998927116394,-1,0,0.0,0.0,-1,67
BLUE_TURTLE,OP10_AGGRESSIVE_INTERCEPTOR,map_b_split_lane,15,1061016,0,0,2,-2,240,-12.010138598503545,loss,42.0,0,0.5999999642372131,-1,0,0.0,0.0,-1,29
BLUE_SPLIT,OP10_AGGRESSIVE_INTERCEPTOR,map_b_split_lane,15,1061016,0,0,0,0,240,-15.839073921379168,draw,,0,0.9199999570846558,-1,0,0.0,0.0,-1,0
BLUE_ESCORT,OP10_AGGRESSIVE_INTERCEPTOR,map_b_split_lane,15,1061016,0,2,3,-1,161,-6.116109584749211,loss,39.0,0,0.6800000071525574,-1,0,0.0,0.0,-1,56
