opponent,map,episode_index,episode_seed,c0_json,outcome_z0,outcome_z3
OP9_SPLIT_LANE_FEINT,map_b_split_lane,0,9101,"[0.07476440072059631, 0.011505227535963058, 0.03312813490629196, 0.009142584167420864, 0.6141754388809204, 0.45322179794311523, 0.044148389250040054, 0.18661069869995117, 0.5949969291687012, 0.5068291425704956, 0.0, 0.0, 0.0, 0.0, 0.0, 0.0, 0.0, 0.0, 0.0, 0.4931708574295044, 0.40500307083129883, 0.6650243997573853, 0.9076917171478271, 1.0, 1.0, 0.0, 0.7074279189109802, 0.5235133767127991, 0.0, 0.0, 0.0, 0.5, 0.2261284738779068, 0.0]",2.0,2.0
OP9_SPLIT_LANE_FEINT,map_b_split_lane,1,9102,"[0.12176380306482315, 0.6038111448287964, 0.03547358885407448, 0.0015077445423230529, 0.6192300319671631, 0.19791467487812042, 0.014824463054537773, 0.08761168271303177, 0.5102424025535583, 0.5674362778663635, 0.0, 0.0, 0.0, 0.0, 0.0, 0.0, 0.0, 0.0, 0.0, 0.4325637221336365, 0.48975759744644165, 0.7507626414299011, 0.9243853092193604, 1.0, 1.0, 0.0, 0.6471187472343445, 0.5741270184516907, 0.0, 0.0, 0.0, 0.5, 0.12436264753341675, 0.0]",2.0,2.0
OP9_SPLIT_LANE_FEINT,map_b_split_lane,2,9103,"[0.14085491001605988, 0.5045530200004578, 0.03554755076766014, 0.12883923947811127, 0.6075926423072815, 0.6384100317955017, 0.04769521206617355, 0.01992901973426342, 0.4252161979675293, 0.5563185214996338, 0.0, 0.0, 0.0, 0.0, 0.0, 0.0, 0.0, 0.0, 0.0, 0.4436814785003662, 0.5747838020324707, 0.8920100331306458, 0.7318966388702393, 1.0, 1.0, 0.0, 0.50383061170578, 0.45387697219848633, 0.0, 0.0, 0.5, 0.0, 0.18534459173679352, 0.0]",2.0,2.0
OP9_SPLIT_LANE_FEINT,map_b_split_lane,3,9104,"[0.036851488053798676, 0.5633649230003357, 0.01012273970991373, 0.02183653600513935, 0.6173035502433777, 0.5038182735443115, 0.04125707969069481, 0.020601768046617508, 0.5850849151611328, 0.5217055678367615, 0.0, 0.0, 0.0, 0.0, 0.0, 0.0, 0.0, 0.0, 0.0, 0.4782944321632385, 0.4149150848388672, 0.81053227186203, 0.8679498434066772, 1.0, 1.0, 0.0, 0.5843887329101562, 0.5322759747505188, 0.0, 0.0, 0.5, 1.0, 0.07018359005451202, 0.0]",2.0,1.0
OP9_SPLIT_LANE_FEINT,map_b_split_lane,4,9105,"[0.050408124923706055, 0.35781872272491455, 0.04566836357116699, 0.1655023843050003, 0.5697991251945496, 0.3087528347969055, 0.05846412107348442, 0.29663267731666565, 0.5327382683753967, 0.5075126886367798, 0.0, 0.0, 0.0, 0.0, 0.0, 0.0, 0.0, 0.0, 0.0, 0.4924873113632202, 0.46726173162460327, 0.8283477425575256, 0.7326677441596985, 1.0, 1.0, 0.0, 0.6159799695014954, 0.4232896864414215, 0.0, 0.0, 1.0, 0.0, 0.4740268588066101, 0.0]",1.0,2.0
OP9_SPLIT_LANE_FEINT,map_b_split_lane,5,9106,"[0.08548816293478012, 0.537905216217041, 0.03908826783299446, 0.1077292189002037, 0.5635887980461121, 0.29243671894073486, 0.04634464159607887, 0.2841702103614807, 0.5588645339012146, 0.564460039138794, 0.0, 0.0, 0.0, 0.0, 0.0, 0.0, 0.0, 0.0, 0.0, 0.43553996086120605, 0.4411354660987854, 0.9196131825447083, 0.7767692804336548, 1.0, 1.0, 0.0, 0.6133310198783875, 0.4902409613132477, 0.0, 0.0, 0.5, 0.0, 0.402525931596756, 0.0]",1.0,1.0
OP9_SPLIT_LANE_FEINT,map_b_split_lane,6,9107,"[0.018862953409552574, 0.46592068672180176, 0.0027196910232305527, 0.10490256547927856, 0.5835422873497009, 0.4834134578704834, 0.029835501685738564, 0.06956417113542557, 0.5849452018737793, 0.4867451786994934, 0.0, 0.0, 0.0, 0.0, 0.0, 0.0, 0.0, 0.0, 0.0, 0.5132548213005066, 0.4150547981262207, 0.9449243545532227, 0.9233442544937134, 1.0, 1.0, 0.0, 0.5785844922065735, 0.540153443813324, 0.0, 0.0, 0.5, 1.0, 0.1806301772594452, 0.0]",2.0,1.0
OP9_SPLIT_LANE_FEINT,map_b_split_lane,7,9108,"[0.04819559305906296, 0.1529187709093094, 0.01761556603014469, 0.08891717344522476, 0.6093876957893372, 0.4375380277633667, 0.004254606552422047, 0.16569454967975616, 0.546764612197876, 0.5490458011627197, 0.0, 0.0, 0.0, 0.0, 0.0, 0.0, 0.0, 0.0, 0.0, 0.4509541988372803, 0.453235387802124, 0.8881751298904419, 0.9173240661621094, 1.0, 1.0, 0.0, 0.6512057781219482, 0.5486523509025574, 0.0, 0.0, 0.5, 0.5, 0.2563944458961487, 0.0]",2.0,1.0
OP9_SPLIT_LANE_FEINT,map_b_split_lane,8,9109,"[0.0737408995628357, 0.6644397974014282, 0.043006207793951035, 0.005578287411481142, 0.6293726563453674, 0.5347679257392883, 0.03325750678777695, 0.05728770047426224, 0.5785241723060608, 0.5770035982131958, 0.0, 0.0, 0.0, 0.0, 0.0, 0.0, 0.0, 0.0, 0.0, 0.4229964017868042, 0.4214758276939392, 0.692085862159729, 0.8616124987602234, 1.0, 1.0, 0.0, 0.5728088021278381, 0.4856663942337036, 0.0, 0.0, 0.0, 0.5, 0.10960802435874939, 0.0]",1.0,1.0
OP9_SPLIT_LANE_FEINT,map_b_split_lane,9,9110,"[0.12249810248613358, 0.4879004955291748, 0.0380895622074604, 0.030027877539396286, 0.6105282306671143, 0.34332048892974854, 0.023777971044182777, 0.05888405442237854, 0.45263832807540894, 0.5206476449966431, 0.0, 0.0, 0.0, 0.0, 0.0, 0.0, 0.0, 0.0, 0.0, 0.47935235500335693, 0.5473616719245911, 0.8623033165931702, 0.941063404083252, 1.0, 1.0, 0.0, 0.5132445096969604, 0.4601028561592102, 0.0, 0.0, 1.0, 1.0, 0.11200618743896484, 0.0]",2.0,1.0
OP9_SPLIT_LANE_FEINT,map_b_split_lane,10,9111,"[0.11709893494844437, 0.39736875891685486, 0.011760791763663292, 0.14846482872962952, 0.528002917766571, 0.33280494809150696, 0.0017567144241183996, 0.004279068671166897, 0.48363882303237915, 0.4562225341796875, 0.0, 0.0, 0.0, 0.0, 0.0, 0.0, 0.0, 0.0, 0.0, 0.5437774658203125, 0.5163611769676208, 0.8802802562713623, 0.9268409609794617, 1.0, 1.0, 0.0, 0.44061052799224854, 0.40528467297554016, 0.0, 0.0, 1.0, 1.0, 0.15355557203292847, 0.0]",2.0,2.0
OP9_SPLIT_LANE_FEINT,map_b_split_lane,11,9112,"[0.06563517451286316, 0.31710147857666016, 0.012872661463916302, 0.09695738554000854, 0.6119000911712646, 0.21643449366092682, 0.04005376994609833, 0.05733494088053703, 0.526024341583252, 0.5375400185585022, 0.0, 0.0, 0.0, 0.0, 0.0, 0.0, 0.0, 0.0, 0.0, 0.4624599814414978, 0.47397565841674805, 0.9389942288398743, 0.9053552746772766, 1.0, 1.0, 0.0, 0.567482590675354, 0.5226609706878662, 0.0, 0.0, 1.0, 1.0, 0.16774815320968628, 0.0]",1.0,1.0
OP9_SPLIT_LANE_FEINT,map_b_split_lane,12,9113,"[0.1225338727235794, 0.08264149725437164, 0.027751101180911064, 0.031425245106220245, 0.6309300065040588, 0.36515963077545166, 0.0005807835841551423, 0.12938939034938812, 0.5427601337432861, 0.5718986988067627, 0.0, 0.0, 0.0, 0.0, 0.0, 0.0, 0.0, 0.0, 0.0, 0.4281013011932373, 0.45723986625671387, 0.7593065500259399, 0.8786251544952393, 1.0, 1.0, 0.0, 0.5939390659332275, 0.5143168568611145, 0.0, 0.0, 0.0, 1.0, 0.1713152825832367, 0.0]",1.0,1.0
OP9_SPLIT_LANE_FEINT,map_b_split_lane,13,9114,"[0.0822310745716095, 0.3965527415275574, 0.06200198829174042, 0.10148513317108154, 0.5533274412155151, 0.3266371190547943, 0.037183720618486404, 0.28332504630088806, 0.46053650975227356, 0.542826235294342, 0.0, 0.0, 0.0, 0.0, 0.0, 0.0, 0.0, 0.0, 0.0, 0.45717376470565796, 0.5394635200500488, 0.9060525298118591, 0.7433751225471497, 1.0, 1.0, 0.0, 0.5623235702514648, 0.44910845160484314, 0.0, 0.0, 1.0, 0.0, 0.4046809673309326, 0.0]",1.0,1.0
OP9_SPLIT_LANE_FEINT,map_b_split_lane,14,9115,"[0.06921219825744629, 0.4831402003765106, 0.06877120584249496, 0.1634846031665802, 0.5199724435806274, 0.4273725152015686, 0.014446153305470943, 0.18971529603004456, 0.5480082035064697, 0.47797176241874695, 0.0, 0.0, 0.0, 0.0, 0.0, 0.0, 0.0, 0.0, 0.0, 0.5220282077789307, 0.4519917964935303, 0.9219814538955688, 0.8663196563720703, 1.0, 1.0, 0.0, 0.5161734819412231, 0.3687278628349304, 0.0, 0.0, 0.5, 0.5, 0.3676248788833618, 0.0]",2.0,2.0
OP9_SPLIT_LANE_FEINT,map_b_split_lane,15,9116,"[0.07094746083021164, 0.24208566546440125, 0.0314677432179451, 0.20728449523448944, 0.5785835981369019, 0.5489054918289185, 0.041972193866968155, 0.04883771389722824, 0.5696768164634705, 0.4883952736854553, 0.0, 0.0, 0.0, 0.0, 0.0, 0.0, 0.0, 0.0, 0.0, 0.5116047263145447, 0.43032318353652954, 0.8992218971252441, 0.8399449586868286, 1.0, 1.0, 0.0, 0.6252306699752808, 0.4997100532054901, 0.0, 0.0, 0.5, 0.5, 0.27405500411987305, 0.0]",1.0,1.0
OP9_SPLIT_LANE_FEINT,map_b_split_lane,16,9117,"[0.08273209631443024, 0.4724056124687195, 0.025447921827435493, 0.1226062998175621, 0.627892792224884, 0.15804876387119293, 0.02644933946430683, 0.14903028309345245, 0.5437695980072021, 0.5854789018630981, 0.0, 0.0, 0.0, 0.0, 0.0, 0.0, 0.0, 0.0, 0.0, 0.41452109813690186, 0.45623040199279785, 0.9860585331916809, 0.9292829632759094, 1.0, 1.0, 0.0, 0.6560046076774597, 0.5985843539237976, 0.0, 0.0, 0.5, 0.5, 0.2765785753726959, 0.0]",1.0,1.0
OP9_SPLIT_LANE_FEINT,map_b_split_lane,17,9118,"[0.07160289585590363, 0.29607775807380676, 0.010966873727738857, 0.2761935293674469, 0.5780026912689209, 0.5288670659065247, 0.025647537782788277, 0.11873293668031693, 0.5627163648605347, 0.5359346866607666, 0.0, 0.0, 0.0, 0.0, 0.0, 0.0, 0.0, 0.0, 0.0, 0.4640653133392334, 0.43728363513946533, 0.7809608578681946, 0.9433591365814209, 1.0, 1.0, 0.0, 0.6218972206115723, 0.4757864475250244, 0.0, 0.0, 0.0, 0.5, 0.3978825807571411, 0.0]",1.0,2.0
OP9_SPLIT_LANE_FEINT,map_b_split_lane,18,9119,"[0.14249688386917114, 0.43939295411109924, 0.023989785462617874, 0.11735770106315613, 0.5970450639724731, 0.33477407693862915, 0.012362918816506863, 0.24562089145183563, 0.47971490025520325, 0.5618040561676025, 0.0, 0.0, 0.0, 0.0, 0.0, 0.0, 0.0, 0.0, 0.0, 0.43819594383239746, 0.5202851295471191, 0.9427471160888672, 0.7725693583488464, 1.0, 1.0, 0.0, 0.534813642501831, 0.4188633859157562, 0.0, 0.0, 0.5, 0.0, 0.3657163977622986, 0.0]",2.0,2.0
OP9_SPLIT_LANE_FEINT,map_b_split_lane,19,9120,"[0.05879976227879524, 0.1352255940437317, 0.0499662384390831, 0.11445058882236481, 0.5584363341331482, 0.20727387070655823, 0.04498916491866112, 0.10544267296791077, 0.594201922416687, 0.509293258190155, 0.0, 0.0, 0.0, 0.0, 0.0, 0.0, 0.0, 0.0, 0.0, 0.49070674180984497, 0.405798077583313, 0.879089891910553, 0.9590935707092285, 1.0, 1.0, 0.0, 0.5277135968208313, 0.4127189815044403, 0.0, 0.0, 0.5, 0.5, 0.2395215630531311, 0.0]",1.0,1.0
OP9_SPLIT_LANE_FEINT,map_b_split_lane,20,9121,"[0.09768660366535187, 0.33031564950942993, 0.04712704196572304, 0.21831104159355164, 0.5675246119499207, 0.40331733226776123, 0.0027833105996251106, 0.17345724999904633, 0.5162257552146912, 0.514681875705719, 0.0, 0.0, 0.0, 0.0, 0.0, 0.0, 0.0, 0.0, 0.0, 0.485318124294281, 0.48377424478530884, 0.8038886785507202, 0.8725458979606628, 1.0, 1.0, 0.0, 0.5481396317481995, 0.4415147602558136, 0.0, 0.0, 0.5, 0.5, 0.39681941270828247, 0.0]",1.0,1.0
OP9_SPLIT_LANE_FEINT,map_b_split_lane,21,9122,"[0.043715428560972214, 0.16625499725341797, 0.010806157253682613, 0.045462965965270996, 0.6016409397125244, 0.31441590189933777, 0.06626953184604645, 0.0008633697871118784, 0.5855687260627747, 0.4663793444633484, 0.0, 0.0, 0.0, 0.0, 0.0, 0.0, 0.0, 0.0, 0.0, 0.5336206555366516, 0.41443127393722534, 0.8532136082649231, 0.9231070280075073, 1.0, 1.0, 0.0, 0.5793998837471008, 0.512677788734436, 0.0, 0.0, 0.5, 1.0, 0.11300474405288696, 0.0]",2.0,2.0
OP9_SPLIT_LANE_FEINT,map_b_split_lane,22,9123,"[0.11477982997894287, 0.14575885236263275, 0.009839785285294056, 0.0609060674905777, 0.609663188457489, 0.06225307285785675, 0.0014045691350474954, 0.004057140089571476, 0.5173897743225098, 0.6094805002212524, 0.0, 0.0, 0.0, 0.0, 0.0, 0.0, 0.0, 0.0, 0.0, 0.39051949977874756, 0.48261022567749023, 0.8491759896278381, 0.7126661539077759, 1.0, 1.0, 0.0, 0.5052871704101562, 0.48399433493614197, 0.0, 0.0, 0.5, 0.0, 0.0659891813993454, 0.0]",1.0,1.0
OP9_SPLIT_LANE_FEINT,map_b_split_lane,23,9124,"[0.10366605222225189, 0.5860491991043091, 0.04251709207892418, 0.00853237695991993, 0.5270687937736511, 0.17307397723197937, 0.03064214251935482, 0.05146266147494316, 0.5070059895515442, 0.48480018973350525, 0.0, 0.0, 0.0, 0.0, 0.0, 0.0, 0.0, 0.0, 0.0, 0.5151997804641724, 0.4929940104484558, 0.7636619210243225, 0.8639014959335327, 1.0, 1.0, 0.0, 0.5947852730751038, 0.5421716570854187, 0.0, 0.0, 0.0, 0.5, 0.10325924307107925, 0.0]",-1.0,-1.0
OP9_SPLIT_LANE_FEINT,map_b_split_lane,24,9125,"[0.04910246282815933, 0.3338315188884735, 0.033475011587142944, 0.05312018841505051, 0.579245388507843, 0.5867204666137695, 0.0289720818400383, 0.0022179021034389734, 0.5195379257202148, 0.5322760939598083, 0.0, 0.0, 0.0, 0.0, 0.0, 0.0, 0.0, 0.0, 0.0, 0.46772390604019165, 0.48046207427978516, 0.9645561575889587, 0.7645056247711182, 1.0, 1.0, 0.0, 0.588425874710083, 0.507706344127655, 0.0, 0.0, 1.0, 0.0, 0.091844841837883, 0.0]",1.0,1.0
OP9_SPLIT_LANE_FEINT,map_b_split_lane,25,9126,"[0.09121493995189667, 0.302222341299057, 0.042548831552267075, 0.23786619305610657, 0.5119211673736572, 0.49840208888053894, 0.01642838679254055, 0.0042393323965370655, 0.5495296716690063, 0.4474492371082306, 0.0, 0.0, 0.0, 0.0, 0.0, 0.0, 0.0, 0.0, 0.0, 0.5525507926940918, 0.45047032833099365, 0.8121668100357056, 0.8341348171234131, 1.0, 1.0, 0.0, 0.5204572081565857, 0.4491806626319885, 0.0, 0.0, 0.5, 1.0, 0.25860828161239624, 0.0]",1.0,1.0
OP9_SPLIT_LANE_FEINT,map_b_split_lane,26,9127,"[0.07918589562177658, 0.26873287558555603, 0.0728386864066124, 0.244106262922287, 0.521828830242157, 0.3713158071041107, 0.023722827434539795, 0.028471006080508232, 0.47643208503723145, 0.4298887252807617, 0.0, 0.0, 0.0, 0.0, 0.0, 0.0, 0.0, 0.0, 0.0, 0.5701112747192383, 0.5235679149627686, 0.8211595416069031, 0.9434870481491089, 1.0, 1.0, 0.0, 0.5093448162078857, 0.3640785813331604, 0.0, 0.0, 0.5, 1.0, 0.29180073738098145, 0.0]",1.0,1.0
OP9_SPLIT_LANE_FEINT,map_b_split_lane,27,9128,"[0.08197244256734848, 0.4700106978416443, 0.05939950793981552, 0.0757773369550705, 0.5687012672424316, 0.33326175808906555, 0.050198350101709366, 0.29019880294799805, 0.49824655055999756, 0.5228458046913147, 0.0, 0.0, 0.0, 0.0, 0.0, 0.0, 0.0, 0.0, 0.0, 0.4771541953086853, 0.5017534494400024, 0.9369754195213318, 0.7177547216415405, 1.0, 1.0, 0.0, 0.5792019367218018, 0.38504648208618164, 0.0, 0.0, 0.5, 0.0, 0.3907918930053711, 0.0]",2.0,2.0
OP9_SPLIT_LANE_FEINT,map_b_split_lane,28,9129,"[0.13986216485500336, 0.30811822414398193, 0.013325944542884827, 0.005038824398070574, 0.5690305233001709, 0.3645499050617218, 0.029818188399076462, 0.15133023262023926, 0.4506880044937134, 0.48906785249710083, 0.0, 0.0, 0.0, 0.0, 0.0, 0.0, 0.0, 0.0, 0.0, 0.5109321475028992, 0.5493119955062866, 0.9310916662216187, 0.8466496467590332, 1.0, 1.0, 0.0, 0.4571974277496338, 0.3963451385498047, 0.0, 0.0, 1.0, 1.0, 0.16848672926425934, 0.0]",1.0,1.0
OP9_SPLIT_LANE_FEINT,map_b_split_lane,29,9130,"[0.11855550110340118, 0.2147669941186905, 0.008734327740967274, 0.03714269772171974, 0.5706475973129272, 0.2571367025375366, 0.044233862310647964, 0.18104414641857147, 0.5016255378723145, 0.533525824546814, 0.0, 0.0, 0.0, 0.0, 0.0, 0.0, 0.0, 0.0, 0.0, 0.46647417545318604, 0.49837446212768555, 0.8910914659500122, 0.9142482280731201, 1.0, 1.0, 0.0, 0.4887917935848236, 0.4118356704711914, 0.0, 0.0, 1.0, 0.5, 0.22452540695667267, 0.0]",-1.0,1.0
OP9_SPLIT_LANE_FEINT,map_b_split_lane,30,9131,"[0.06748289614915848, 0.5508366823196411, 0.06488446891307831, 0.0417323112487793, 0.5387209057807922, 0.6196192502975464, 0.04130854830145836, 0.02094074711203575, 0.5261018872261047, 0.4920981824398041, 0.0, 0.0, 0.0, 0.0, 0.0, 0.0, 0.0, 0.0, 0.0, 0.5079017877578735, 0.47389811277389526, 0.830190122127533, 0.7338700294494629, 1.0, 1.0, 0.0, 0.4775961935520172, 0.3650961220264435, 0.0, 0.0, 0.5, 0.0, 0.12345966696739197, 0.0]",-1.0,1.0
OP9_SPLIT_LANE_FEINT,map_b_split_lane,31,9132,"[0.08690211921930313, 0.5028354525566101, 0.08159051835536957, 0.007294287905097008, 0.6122336387634277, 0.27891862392425537, 0.04111860319972038, 0.2679882049560547, 0.4552564322948456, 0.5364606976509094, 0.0, 0.0, 0.0, 0.0, 0.0, 0.0, 0.0, 0.0, 0.0, 0.4635393023490906, 0.544743537902832, 0.8303144574165344, 0.8043444156646729, 1.0, 1.0, 0.0, 0.6191055178642273, 0.4058857262134552, 0.0, 0.0, 1.0, 0.5, 0.35304027795791626, 0.0]",2.0,1.0
OP12_LATE_CONVERTER,map_b_split_lane,0,10101,"[0.0572655089199543, 0.23191973567008972, 0.023210717365145683, 0.11132043600082397, 0.6067432165145874, 0.3870052695274353, 0.04234214127063751, 0.23062114417552948, 0.5206667184829712, 0.5598792433738708, 0.0, 0.0, 0.0, 0.0, 0.0, 0.0, 0.0, 0.0, 0.0, 0.44012075662612915, 0.4793332815170288, 0.9857968688011169, 0.797061562538147, 1.0, 1.0, 0.0, 0.624435305595398, 0.5563012957572937, 0.0, 0.0, 0.5, 0.0, 0.34819039702415466, 0.0]",1.0,1.0
OP12_LATE_CONVERTER,map_b_split_lane,1,10102,"[0.07757605612277985, 0.3182891011238098, 0.06546851247549057, 0.23696359992027283, 0.6459224820137024, 0.31944170594215393, 0.008632011711597443, 0.11795391142368317, 0.5004429221153259, 0.572749674320221, 0.0, 0.0, 0.0, 0.0, 0.0, 0.0, 0.0, 0.0, 0.0, 0.42725032567977905, 0.4995570778846741, 0.7857226133346558, 0.9086569547653198, 1.0, 1.0, 0.0, 0.6257722973823547, 0.508103609085083, 0.0, 0.0, 0.0, 1.0, 0.3641104996204376, 0.0]",2.0,2.0
OP12_LATE_CONVERTER,map_b_split_lane,2,10103,"[0.1423695832490921, 0.5116409659385681, 0.005023664329200983, 0.04366413876414299, 0.5141358971595764, 0.3859034478664398, 0.011912132613360882, 0.00180380092933774, 0.47760409116744995, 0.4328625798225403, 0.0, 0.0, 0.0, 0.0, 0.0, 0.0, 0.0, 0.0, 0.0, 0.5671374201774597, 0.52239590883255, 0.8675878643989563, 0.9190247654914856, 1.0, 1.0, 0.0, 0.39480823278427124, 0.37360280752182007, 0.0, 0.0, 0.5, 1.0, 0.056000106036663055, 0.0]",1.0,1.0
OP12_LATE_CONVERTER,map_b_split_lane,3,10104,"[0.10478462278842926, 0.25352349877357483, 0.06358855217695236, 0.006563031580299139, 0.5391149520874023, 0.36826521158218384, 0.007984669879078865, 0.030191171914339066, 0.4426480829715729, 0.46260398626327515, 0.0, 0.0, 0.0, 0.0, 0.0, 0.0, 0.0, 0.0, 0.0, 0.5373960137367249, 0.5573519468307495, 0.8893963098526001, 0.9438816905021667, 1.0, 1.0, 0.0, 0.4504472017288208, 0.3866726756095886, 0.0, 0.0, 1.0, 1.0, 0.09515552967786789, 0.0]",1.0,1.0
OP12_LATE_CONVERTER,map_b_split_lane,4,10105,"[0.07153696566820145, 0.3161197006702423, 0.06146010011434555, 0.18867763876914978, 0.5376642346382141, 0.4249090552330017, 0.0056021930649876595, 0.18184854090213776, 0.4918736517429352, 0.47439831495285034, 0.0, 0.0, 0.0, 0.0, 0.0, 0.0, 0.0, 0.0, 0.0, 0.5256016850471497, 0.5081263780593872, 0.8364325165748596, 0.8697435855865479, 1.0, 1.0, 0.0, 0.5378971695899963, 0.4227491617202759, 0.0, 0.0, 0.5, 0.5, 0.3803701400756836, 0.0]",1.0,1.0
OP12_LATE_CONVERTER,map_b_split_lane,5,10106,"[0.1523626297712326, 0.4625895917415619, 0.0013573983451351523, 0.12749530375003815, 0.6093317866325378, 0.2112257033586502, 0.02222861908376217, 0.08475361764431, 0.44770148396492004, 0.5195921659469604, 0.0, 0.0, 0.0, 0.0, 0.0, 0.0, 0.0, 0.0, 0.0, 0.48040783405303955, 0.5522985458374023, 0.9149630069732666, 0.9407629370689392, 1.0, 1.0, 0.0, 0.5375699996948242, 0.4351447522640228, 0.0, 0.0, 0.5, 0.5, 0.21512266993522644, 0.0]",3.0,3.0
OP12_LATE_CONVERTER,map_b_split_lane,6,10107,"[0.11440836638212204, 0.3900677263736725, 0.013329447247087955, 0.0981663167476654, 0.6095966696739197, 0.33387669920921326, 0.002500050002709031, 0.0034585369285196066, 0.4773014783859253, 0.5366310477256775, 0.0, 0.0, 0.0, 0.0, 0.0, 0.0, 0.0, 0.0, 0.0, 0.4633689522743225, 0.5226985216140747, 0.916017472743988, 0.9826880693435669, 1.0, 1.0, 0.0, 0.5075662136077881, 0.4815070927143097, 0.0, 0.0, 1.0, 1.0, 0.10333467274904251, 0.0]",2.0,1.0
OP12_LATE_CONVERTER,map_b_split_lane,7,10108,"[0.04814239591360092, 0.44138839840888977, 0.03541724011301994, 0.12684042751789093, 0.5446146130561829, 0.35161876678466797, 0.047401804476976395, 0.27625539898872375, 0.5602430701255798, 0.5071054100990295, 0.0, 0.0, 0.0, 0.0, 0.0, 0.0, 0.0, 0.0, 0.0, 0.49289458990097046, 0.43975692987442017, 0.9301162362098694, 0.7216636538505554, 1.0, 1.0, 0.0, 0.5824406743049622, 0.4179311990737915, 0.0, 0.0, 0.5, 0.0, 0.41198500990867615, 0.0]",-1.0,-1.0
OP12_LATE_CONVERTER,map_b_split_lane,8,10109,"[0.11822813004255295, 0.3469851016998291, 0.01750449649989605, 0.07100999355316162, 0.5721625685691833, 0.3681237995624542, 0.04413270950317383, 0.19074751436710358, 0.47173094749450684, 0.5012945532798767, 0.0, 0.0, 0.0, 0.0, 0.0, 0.0, 0.0, 0.0, 0.0, 0.4987054467201233, 0.5282690525054932, 0.9289119839668274, 0.8231636881828308, 1.0, 1.0, 0.0, 0.49827998876571655, 0.4499296545982361, 0.0, 0.0, 1.0, 0.5, 0.2689220607280731, 0.0]",1.0,1.0
OP12_LATE_CONVERTER,map_b_split_lane,9,10110,"[0.09326298534870148, 0.5442798137664795, 0.024689342826604843, 0.0946422889828682, 0.63497394323349, 0.557968258857727, 0.006823878735303879, 0.061490822583436966, 0.49255114793777466, 0.5754702091217041, 0.0, 0.0, 0.0, 0.0, 0.0, 0.0, 0.0, 0.0, 0.0, 0.4245297908782959, 0.5074488520622253, 0.892930269241333, 0.8545277118682861, 1.0, 1.0, 0.0, 0.5535011291503906, 0.5123433470726013, 0.0, 0.0, 0.5, 0.5, 0.15967793762683868, 0.0]",2.0,2.0
OP12_LATE_CONVERTER,map_b_split_lane,10,10111,"[0.12719659507274628, 0.2977117598056793, 0.00902771670371294, 0.05039086565375328, 0.5864168405532837, 0.2662852704524994, 0.05347956717014313, 0.21154607832431793, 0.4768015146255493, 0.5504028797149658, 0.0, 0.0, 0.0, 0.0, 0.0, 0.0, 0.0, 0.0, 0.0, 0.4495971202850342, 0.5231984853744507, 0.9522297978401184, 0.8697895407676697, 1.0, 1.0, 0.0, 0.5101362466812134, 0.4409862756729126, 0.0, 0.0, 1.0, 0.5, 0.2693944573402405, 0.0]",1.0,1.0
OP12_LATE_CONVERTER,map_b_split_lane,11,10112,"[0.16284963488578796, 0.5945956110954285, 0.005474429111927748, 0.00953375268727541, 0.5625877380371094, 0.14941160380840302, 0.04714497923851013, 0.07847314327955246, 0.5000320672988892, 0.4621463716030121, 0.0, 0.0, 0.0, 0.0, 0.0, 0.0, 0.0, 0.0, 0.0, 0.5378535985946655, 0.49996793270111084, 0.7528018951416016, 0.8479485511779785, 1.0, 1.0, 0.0, 0.5986647605895996, 0.505754828453064, 0.0, 0.0, 0.0, 0.5, 0.1025398001074791, 0.0]",1.0,1.0
OP12_LATE_CONVERTER,map_b_split_lane,12,10113,"[0.09898019582033157, 0.37841933965682983, 0.06279580295085907, 0.14220884442329407, 0.5621328949928284, 0.33567726612091064, 0.05128391832113266, 0.24224720895290375, 0.46996551752090454, 0.4940284192562103, 0.0, 0.0, 0.0, 0.0, 0.0, 0.0, 0.0, 0.0, 0.0, 0.5059715509414673, 0.5300344824790955, 0.8776831030845642, 0.7581799030303955, 1.0, 1.0, 0.0, 0.5387294888496399, 0.3537439703941345, 0.0, 0.0, 1.0, 0.0, 0.4030724763870239, 0.0]",1.0,1.0
OP12_LATE_CONVERTER,map_b_split_lane,13,10114,"[0.0989336147904396, 0.3668500781059265, 0.07071426510810852, 0.2968389391899109, 0.524759829044342, 0.04022388905286789, 0.021216757595539093, 0.0151628153398633, 0.5162325501441956, 0.5433701276779175, 0.0, 0.0, 0.0, 0.0, 0.0, 0.0, 0.0, 0.0, 0.0, 0.4566298723220825, 0.48376744985580444, 0.6996921300888062, 0.696791410446167, 1.0, 1.0, 0.0, 0.5771090388298035, 0.3369072675704956, 0.0, 0.0, 0.0, 0.0, 0.33122363686561584, 0.0]",-1.0,-1.0
OP12_LATE_CONVERTER,map_b_split_lane,14,10115,"[0.04172952100634575, 0.42534634470939636, 0.03829726576805115, 0.13348445296287537, 0.573401689529419, 0.381355345249176, 0.05945829674601555, 0.17797283828258514, 0.5246536135673523, 0.48867011070251465, 0.0, 0.0, 0.0, 0.0, 0.0, 0.0, 0.0, 0.0, 0.0, 0.5113298892974854, 0.4753463864326477, 0.937609076499939, 0.8464950919151306, 1.0, 1.0, 0.0, 0.5757412314414978, 0.5097272396087646, 0.0, 0.0, 0.5, 0.5, 0.3265119194984436, 0.0]",2.0,2.0
OP12_LATE_CONVERTER,map_b_split_lane,15,10116,"[0.15677306056022644, 0.2508847117424011, 0.006929034832865, 0.22820664942264557, 0.6274861097335815, 0.33385148644447327, 0.03023119457066059, 0.11946263164281845, 0.4683356285095215, 0.5446243286132812, 0.0, 0.0, 0.0, 0.0, 0.0, 0.0, 0.0, 0.0, 0.0, 0.45537567138671875, 0.5316643714904785, 0.85160231590271, 0.8852636814117432, 1.0, 1.0, 0.0, 0.5394464135169983, 0.4740475118160248, 0.0, 0.0, 0.5, 1.0, 0.3515402674674988, 0.0]",2.0,2.0
OP12_LATE_CONVERTER,map_b_split_lane,16,10117,"[0.07961630076169968, 0.31709131598472595, 0.04811926931142807, 0.10778342932462692, 0.579572319984436, 0.3384186029434204, 0.01706903614103794, 0.04452470690011978, 0.47864866256713867, 0.49539801478385925, 0.0, 0.0, 0.0, 0.0, 0.0, 0.0, 0.0, 0.0, 0.0, 0.5046019554138184, 0.5213513374328613, 0.908684253692627, 0.9702826142311096, 1.0, 1.0, 0.0, 0.5134409666061401, 0.4540692865848541, 0.0, 0.0, 1.0, 1.0, 0.16572138667106628, 0.0]",1.0,1.0
OP12_LATE_CONVERTER,map_b_split_lane,17,10118,"[0.06896084547042847, 0.21443916857242584, 0.043887216597795486, 0.19162659347057343, 0.571193277835846, 0.5708744525909424, 0.02726936712861061, 0.06648024916648865, 0.49100884795188904, 0.5488852858543396, 0.0, 0.0, 0.0, 0.0, 0.0, 0.0, 0.0, 0.0, 0.0, 0.4511147141456604, 0.5089911222457886, 0.9326716661453247, 0.8491371870040894, 1.0, 1.0, 0.0, 0.6344376802444458, 0.48920443654060364, 0.0, 0.0, 0.5, 0.5, 0.26844367384910583, 0.0]",1.0,1.0
OP12_LATE_CONVERTER,map_b_split_lane,18,10119,"[0.14356596767902374, 0.25707605481147766, 0.02286124788224697, 0.20591671764850616, 0.6034883260726929, 0.06626439839601517, 0.037956997752189636, 0.034429341554641724, 0.49264562129974365, 0.5902119278907776, 0.0, 0.0, 0.0, 0.0, 0.0, 0.0, 0.0, 0.0, 0.0, 0.4097880721092224, 0.5073543787002563, 0.879682183265686, 0.7439326047897339, 1.0, 1.0, 0.0, 0.5327575206756592, 0.39957165718078613, 0.0, 0.0, 0.5, 0.0, 0.2584275007247925, 0.0]",2.0,1.0
OP12_LATE_CONVERTER,map_b_split_lane,19,10120,"[0.11672524362802505, 0.3260030150413513, 0.018873583525419235, 0.29708313941955566, 0.5545727610588074, 0.17398007214069366, 0.009898170828819275, 0.04502793028950691, 0.5674708485603333, 0.5117632746696472, 0.0, 0.0, 0.0, 0.0, 0.0, 0.0, 0.0, 0.0, 0.0, 0.4882367253303528, 0.43252915143966675, 0.7291041612625122, 0.8605732321739197, 1.0, 1.0, 0.0, 0.5434247851371765, 0.4211287796497345, 0.0, 0.0, 0.0, 0.5, 0.3437850773334503, 0.0]",1.0,1.0
OP12_LATE_CONVERTER,map_b_split_lane,20,10121,"[0.023275215178728104, 0.1378740668296814, 0.003560756566002965, 0.05199018120765686, 0.5509012937545776, 0.28121912479400635, 0.05196378007531166, 0.22519978880882263, 0.6039324998855591, 0.5214448571205139, 0.0, 0.0, 0.0, 0.0, 0.0, 0.0, 0.0, 0.0, 0.0, 0.4785551428794861, 0.3960675001144409, 0.8285509943962097, 0.8471236228942871, 1.0, 1.0, 0.0, 0.5868353247642517, 0.4730451703071594, 0.0, 0.0, 0.5, 0.5, 0.2832292318344116, 0.0]",1.0,1.0
OP12_LATE_CONVERTER,map_b_split_lane,21,10122,"[0.07869980484247208, 0.44145911931991577, 0.024003740400075912, 0.1390260010957718, 0.6031803488731384, 0.3845690190792084, 0.03241962566971779, 0.1957467943429947, 0.5009523630142212, 0.5490639805793762, 0.0, 0.0, 0.0, 0.0, 0.0, 0.0, 0.0, 0.0, 0.0, 0.4509360194206238, 0.4990476369857788, 0.9396938681602478, 0.8316826820373535, 1.0, 1.0, 0.0, 0.5764686465263367, 0.5160647034645081, 0.0, 0.0, 0.5, 0.5, 0.33949631452560425, 0.0]",1.0,1.0
OP12_LATE_CONVERTER,map_b_split_lane,22,10123,"[0.10418049246072769, 0.5217304229736328, 0.04528448358178139, 0.11505027860403061, 0.6168386340141296, 0.46505698561668396, 0.04030321165919304, 0.15222276747226715, 0.45469021797180176, 0.5074610710144043, 0.0, 0.0, 0.0, 0.0, 0.0, 0.0, 0.0, 0.0, 0.0, 0.4925389289855957, 0.5453097820281982, 0.9050016403198242, 0.9524756073951721, 1.0, 1.0, 0.0, 0.5490244030952454, 0.4372599422931671, 0.0, 0.0, 0.5, 0.5, 0.28110945224761963, 0.0]",1.0,1.0
OP12_LATE_CONVERTER,map_b_split_lane,23,10124,"[0.16568076610565186, 0.28400951623916626, 0.004000191111117601, 0.02978397347033024, 0.5807201862335205, 0.4366600811481476, 0.06360465288162231, 0.03245118632912636, 0.4331883490085602, 0.44926971197128296, 0.0, 0.0, 0.0, 0.0, 0.0, 0.0, 0.0, 0.0, 0.0, 0.550730288028717, 0.5668116807937622, 0.8933418393135071, 0.9019723534584045, 1.0, 1.0, 0.0, 0.4431299567222595, 0.3590066134929657, 0.0, 0.0, 1.0, 1.0, 0.10145610570907593, 0.0]",1.0,0.0
OP12_LATE_CONVERTER,map_b_split_lane,24,10125,"[0.10420828312635422, 0.3184429705142975, 0.06516112387180328, 0.22044377028942108, 0.5837280750274658, 0.2418888658285141, 0.03292029723525047, 0.230091854929924, 0.46977508068084717, 0.558634877204895, 0.0, 0.0, 0.0, 0.0, 0.0, 0.0, 0.0, 0.0, 0.0, 0.441365122795105, 0.5302249193191528, 0.7900428771972656, 0.8805486559867859, 1.0, 1.0, 0.0, 0.5774893164634705, 0.4522553086280823, 0.0, 0.0, 0.0, 0.5, 0.46230757236480713, 0.0]",1.0,1.0
OP12_LATE_CONVERTER,map_b_split_lane,25,10126,"[0.08999694883823395, 0.4036712646484375, 0.05877029150724411, 0.2364252656698227, 0.64512699842453, 0.3829095959663391, 0.008965680375695229, 0.2679978907108307, 0.4891439378261566, 0.6303049921989441, 0.0, 0.0, 0.0, 0.0, 0.0, 0.0, 0.0, 0.0, 0.0, 0.3696950078010559, 0.510856032371521, 0.798001766204834, 0.7555325031280518, 1.0, 1.0, 0.0, 0.6536080241203308, 0.5080282092094421, 0.0, 0.0, 0.0, 0.0, 0.5117681622505188, 0.0]",2.0,2.0
OP12_LATE_CONVERTER,map_b_split_lane,26,10127,"[0.14706718921661377, 0.5246641635894775, 0.002195977373048663, 0.12698371708393097, 0.5497951507568359, 0.5238147974014282, 0.052766744047403336, 0.08170340955257416, 0.4582988917827606, 0.43541857600212097, 0.0, 0.0, 0.0, 0.0, 0.0, 0.0, 0.0, 0.0, 0.0, 0.5645813941955566, 0.541701078414917, 0.9137040972709656, 0.8633943796157837, 1.0, 1.0, 0.0, 0.42981794476509094, 0.354949027299881, 0.0, 0.0, 0.5, 0.5, 0.22426408529281616, 0.0]",1.0,1.0
OP12_LATE_CONVERTER,map_b_split_lane,27,10128,"[0.0987163782119751, 0.4150869846343994, 0.07492996007204056, 0.2396702617406845, 0.558390200138092, 0.3345482647418976, 0.0039566620253026485, 0.10924337059259415, 0.5228669047355652, 0.4920678436756134, 0.0, 0.0, 0.0, 0.0, 0.0, 0.0, 0.0, 0.0, 0.0, 0.507932186126709, 0.4771330952644348, 0.815786600112915, 0.8984363675117493, 1.0, 1.0, 0.0, 0.5375198721885681, 0.4353221654891968, 0.0, 0.0, 0.5, 1.0, 0.36042520403862, 0.0]",2.0,2.0
OP12_LATE_CONVERTER,map_b_split_lane,28,10129,"[0.11145513504743576, 0.10612606257200241, 0.022361235693097115, 0.05391924828290939, 0.519878625869751, 0.4169141352176666, 0.006255098152905703, 0.14542053639888763, 0.5057113766670227, 0.462756872177124, 0.0, 0.0, 0.0, 0.0, 0.0, 0.0, 0.0, 0.0, 0.0, 0.537243127822876, 0.4942886233329773, 0.7964619994163513, 0.8888924717903137, 1.0, 1.0, 0.0, 0.5284329056739807, 0.40784016251564026, 0.0, 0.0, 0.0, 0.5, 0.2039271742105484, 0.0]",1.0,2.0
OP12_LATE_CONVERTER,map_b_split_lane,29,10130,"[0.08588757365942001, 0.25739994645118713, 0.04251052811741829, 0.11039608716964722, 0.6095119714736938, 0.5847167372703552, 0.03691983222961426, 0.05258997902274132, 0.5158040523529053, 0.5327038764953613, 0.0, 0.0, 0.0, 0.0, 0.0, 0.0, 0.0, 0.0, 0.0, 0.46729612350463867, 0.4841959476470947, 0.9691782593727112, 0.8191747665405273, 1.0, 1.0, 0.0, 0.6289631724357605, 0.5541418194770813, 0.0, 0.0, 0.5, 0.5, 0.18255367875099182, 0.0]",2.0,1.0
OP12_LATE_CONVERTER,map_b_split_lane,30,10131,"[0.11658107489347458, 0.2352590262889862, 0.015208467841148376, 0.15056952834129333, 0.609641432762146, 0.4902571737766266, 0.02762456238269806, 5.748830517404713e-05, 0.5007094144821167, 0.5292506217956543, 0.0, 0.0, 0.0, 0.0, 0.0, 0.0, 0.0, 0.0, 0.0, 0.4707493782043457, 0.4992905855178833, 0.9554821848869324, 0.8620358109474182, 1.0, 1.0, 0.0, 0.5729643106460571, 0.4918457269668579, 0.0, 0.0, 0.5, 1.0, 0.17896027863025665, 0.0]",1.0,1.0
OP12_LATE_CONVERTER,map_b_split_lane,31,10132,"[0.08114567399024963, 0.5726187229156494, 0.07755129039287567, 0.04333522170782089, 0.5692458748817444, 0.40070098638534546, 0.002279807347804308, 0.22834108769893646, 0.4759717583656311, 0.5282996296882629, 0.0, 0.0, 0.0, 0.0, 0.0, 0.0, 0.0, 0.0, 0.0, 0.47170037031173706, 0.5240282416343689, 0.8034735321998596, 0.8156303763389587, 1.0, 1.0, 0.0, 0.5630336999893188, 0.42471086978912354, 0.0, 0.0, 0.5, 0.5, 0.3171902000904083, 0.0]",1.0,1.0
OP11_ADAPTIVE_EXPLOITER,map_b_split_lane,0,11101,"[0.026342961937189102, 0.33727994561195374, 0.0055673797614872456, 0.21587353944778442, 0.5397270321846008, 0.4087762236595154, 0.018569733947515488, 0.2024482935667038, 0.6031166315078735, 0.4738960862159729, 0.0, 0.0, 0.0, 0.0, 0.0, 0.0, 0.0, 0.0, 0.0, 0.5261039137840271, 0.39688336849212646, 0.7966637015342712, 0.8324986696243286, 1.0, 1.0, 0.0, 0.591011643409729, 0.5075367093086243, 0.0, 0.0, 0.0, 0.5, 0.4192435145378113, 0.0]",1.0,1.0
OP11_ADAPTIVE_EXPLOITER,map_b_split_lane,1,11102,"[0.07930650562047958, 0.3679620027542114, 0.03786969557404518, 0.29801252484321594, 0.5906997919082642, 0.24666036665439606, 0.02236153371632099, 0.008558069355785847, 0.5608530640602112, 0.5072503685951233, 0.0, 0.0, 0.0, 0.0, 0.0, 0.0, 0.0, 0.0, 0.0, 0.4927496314048767, 0.4391469359397888, 0.7126147747039795, 0.8963698148727417, 1.0, 1.0, 0.0, 0.5983637571334839, 0.4877210259437561, 0.0, 0.0, 0.0, 1.0, 0.3243522644042969, 0.0]",2.0,2.0
OP11_ADAPTIVE_EXPLOITER,map_b_split_lane,2,11103,"[0.08967147767543793, 0.1995503306388855, 0.05668511241674423, 0.17168667912483215, 0.6565067768096924, 0.1819203943014145, 0.0001861879281932488, 0.17320726811885834, 0.4550279378890991, 0.5856120586395264, 0.0, 0.0, 0.0, 0.0, 0.0, 0.0, 0.0, 0.0, 0.0, 0.41438794136047363, 0.5449720621109009, 0.9223146438598633, 0.9446977972984314, 1.0, 1.0, 0.0, 0.6160584688186646, 0.5102183818817139, 0.0, 0.0, 0.5, 0.5, 0.35400980710983276, 0.0]",2.0,2.0
OP11_ADAPTIVE_EXPLOITER,map_b_split_lane,3,11104,"[0.08597849309444427, 0.445496529340744, 0.048962559551000595, 0.1726800799369812, 0.5816522240638733, 0.5018330216407776, 0.038667138665914536, 0.07506635785102844, 0.5359798669815063, 0.5224237442016602, 0.0, 0.0, 0.0, 0.0, 0.0, 0.0, 0.0, 0.0, 0.0, 0.47757625579833984, 0.46402013301849365, 0.9125140309333801, 0.9242910146713257, 1.0, 1.0, 0.0, 0.5313687324523926, 0.4101265072822571, 0.0, 0.0, 0.5, 0.5, 0.2639274001121521, 0.0]",2.0,2.0
OP11_ADAPTIVE_EXPLOITER,map_b_split_lane,4,11105,"[0.07949841022491455, 0.43781578540802, 0.021517543122172356, 0.1908995807170868, 0.6463054418563843, 0.4261173903942108, 0.02158259227871895, 0.1327846348285675, 0.5534307360649109, 0.5908446907997131, 0.0, 0.0, 0.0, 0.0, 0.0, 0.0, 0.0, 0.0, 0.0, 0.40915530920028687, 0.4465692639350891, 0.8926056623458862, 0.9100273847579956, 1.0, 1.0, 0.0, 0.6114012002944946, 0.5283396244049072, 0.0, 0.0, 0.5, 0.5, 0.3266356587409973, 0.0]",2.0,2.0
OP11_ADAPTIVE_EXPLOITER,map_b_split_lane,5,11106,"[0.07974319159984589, 0.505653977394104, 0.034959618002176285, 0.10968095809221268, 0.5839805603027344, 0.42313867807388306, 0.012269217520952225, 0.04146592691540718, 0.48818445205688477, 0.5017891526222229, 0.0, 0.0, 0.0, 0.0, 0.0, 0.0, 0.0, 0.0, 0.0, 0.4982108473777771, 0.5118155479431152, 0.9388875365257263, 0.9593685865402222, 1.0, 1.0, 0.0, 0.5229380130767822, 0.4572322368621826, 0.0, 0.0, 0.5, 1.0, 0.15836071968078613, 0.0]",1.0,1.0
OP11_ADAPTIVE_EXPLOITER,map_b_split_lane,6,11107,"[0.1629713773727417, 0.1368294358253479, 0.009067380800843239, 0.08219821751117706, 0.6127154231071472, 0.6426126956939697, 0.03686119616031647, 0.02488704025745392, 0.4495997130870819, 0.5947539210319519, 0.0, 0.0, 0.0, 0.0, 0.0, 0.0, 0.0, 0.0, 0.0, 0.4052460789680481, 0.5504002571105957, 0.8315821886062622, 0.7314060926437378, 1.0, 1.0, 0.0, 0.6799585819244385, 0.6034849286079407, 0.0, 0.0, 0.5, 0.0, 0.1271727979183197, 0.0]",2.0,2.0
OP11_ADAPTIVE_EXPLOITER,map_b_split_lane,7,11108,"[0.09200457483530045, 0.2379552721977234, 0.02707786113023758, 0.22482725977897644, 0.5232476592063904, 0.3602721691131592, 0.003838718170300126, 0.13909073173999786, 0.4941810071468353, 0.46781671047210693, 0.0, 0.0, 0.0, 0.0, 0.0, 0.0, 0.0, 0.0, 0.0, 0.5321832895278931, 0.5058189630508423, 0.8805394172668457, 0.8444812297821045, 1.0, 1.0, 0.0, 0.5119736194610596, 0.40964052081108093, 0.0, 0.0, 0.5, 1.0, 0.3655956983566284, 0.0]",-1.0,2.0
OP11_ADAPTIVE_EXPLOITER,map_b_split_lane,8,11109,"[0.08816152065992355, 0.5385106205940247, 0.07517015188932419, 0.10598529875278473, 0.5776810646057129, 0.3367794454097748, 0.01926807314157486, 0.15445104241371155, 0.4447762072086334, 0.5067627429962158, 0.0, 0.0, 0.0, 0.0, 0.0, 0.0, 0.0, 0.0, 0.0, 0.4932372570037842, 0.555223822593689, 0.8782822489738464, 0.8558746576309204, 1.0, 1.0, 0.0, 0.5528265237808228, 0.3994189500808716, 0.0, 0.0, 0.5, 1.0, 0.28558453917503357, 0.0]",2.0,2.0
OP11_ADAPTIVE_EXPLOITER,map_b_split_lane,9,11110,"[0.09668164700269699, 0.1742730736732483, 0.02772735245525837, 0.11966966837644577, 0.5924348831176758, 0.2237829864025116, 0.060207854956388474, 0.1294063925743103, 0.4803449511528015, 0.5293108820915222, 0.0, 0.0, 0.0, 0.0, 0.0, 0.0, 0.0, 0.0, 0.0, 0.4706891179084778, 0.5196550488471985, 0.9197694659233093, 0.9483967423439026, 1.0, 1.0, 0.0, 0.5265445113182068, 0.4540289044380188, 0.0, 0.0, 0.5, 0.5, 0.265566885471344, 0.0]",1.0,1.0
OP11_ADAPTIVE_EXPLOITER,map_b_split_lane,10,11111,"[0.03839677572250366, 0.09224486351013184, 0.019782494753599167, 0.06343201547861099, 0.5780578255653381, 0.621788501739502, 0.06507505476474762, 0.019853156059980392, 0.5778008103370667, 0.5278251767158508, 0.0, 0.0, 0.0, 0.0, 0.0, 0.0, 0.0, 0.0, 0.0, 0.47217482328414917, 0.42219918966293335, 0.8017270565032959, 0.7480767965316772, 1.0, 1.0, 0.0, 0.7590864300727844, 0.66558837890625, 0.0, 0.0, 0.5, 0.0, 0.13448132574558258, 0.0]",1.0,1.0
OP11_ADAPTIVE_EXPLOITER,map_b_split_lane,11,11112,"[0.10293237119913101, 0.31869596242904663, 0.05769876763224602, 0.2554079294204712, 0.6314613819122314, 0.35193324089050293, 0.005324799567461014, 0.2455562800168991, 0.5274605751037598, 0.6066322922706604, 0.0, 0.0, 0.0, 0.0, 0.0, 0.0, 0.0, 0.0, 0.0, 0.3933677077293396, 0.47253942489624023, 0.7779828906059265, 0.7547763586044312, 1.0, 1.0, 0.0, 0.6305411458015442, 0.47810065746307373, 0.0, 0.0, 0.0, 0.0, 0.5074581503868103, 0.0]",1.0,1.0
OP11_ADAPTIVE_EXPLOITER,map_b_split_lane,12,11113,"[0.04314647987484932, 0.39714866876602173, 0.026859421283006668, 0.22736921906471252, 0.5454378724098206, 0.28034543991088867, 0.03139606490731239, 0.19963130354881287, 0.5961709022521973, 0.46100470423698425, 0.0, 0.0, 0.0, 0.0, 0.0, 0.0, 0.0, 0.0, 0.0, 0.5389952659606934, 0.40382909774780273, 0.8083367347717285, 0.8465343713760376, 1.0, 1.0, 0.0, 0.5911040306091309, 0.46696895360946655, 0.0, 0.0, 0.5, 0.5, 0.43103528022766113, 0.0]",2.0,2.0
OP11_ADAPTIVE_EXPLOITER,map_b_split_lane,13,11114,"[0.054189395159482956, 0.2749571204185486, 0.008907987736165524, 0.1402028203010559, 0.5109651684761047, 0.1326119750738144, 0.0014398543862625957, 0.010522610507905483, 0.5591635704040527, 0.48925453424453735, 0.0, 0.0, 0.0, 0.0, 0.0, 0.0, 0.0, 0.0, 0.0, 0.5107454657554626, 0.44083642959594727, 0.9333515763282776, 0.7716748118400574, 1.0, 1.0, 0.0, 0.49639037251472473, 0.4466075599193573, 0.0, 0.0, 0.5, 0.0, 0.15110617876052856, 0.0]",1.0,1.0
OP11_ADAPTIVE_EXPLOITER,map_b_split_lane,14,11115,"[0.1169687807559967, 0.018010234460234642, 0.058568794280290604, 0.001750639989040792, 0.611803412437439, 0.47109246253967285, 0.04177349805831909, 0.07378269731998444, 0.5408053398132324, 0.53471839427948, 0.0, 0.0, 0.0, 0.0, 0.0, 0.0, 0.0, 0.0, 0.0, 0.46528160572052, 0.4591946601867676, 0.6624815464019775, 0.9316284656524658, 1.0, 1.0, 0.0, 0.6770768761634827, 0.6091508865356445, 0.0, 0.0, 0.0, 1.0, 0.14338240027427673, 0.0]",1.0,1.0
OP11_ADAPTIVE_EXPLOITER,map_b_split_lane,15,11116,"[0.11854961514472961, 0.3033944368362427, 0.03062690608203411, 0.3006930947303772, 0.6331052780151367, 0.5742208361625671, 0.02751285769045353, 0.03235672786831856, 0.5710145235061646, 0.5670620799064636, 0.0, 0.0, 0.0, 0.0, 0.0, 0.0, 0.0, 0.0, 0.0, 0.4329379200935364, 0.42898547649383545, 0.7488752603530884, 0.8116343021392822, 1.0, 1.0, 0.0, 0.647964358329773, 0.5213959217071533, 0.0, 0.0, 0.0, 0.5, 0.34472137689590454, 0.0]",2.0,2.0
OP11_ADAPTIVE_EXPLOITER,map_b_split_lane,16,11117,"[0.12141991406679153, 0.24932216107845306, 0.011135505512356758, 0.04203697293996811, 0.6084372401237488, 0.5307506918907166, 0.06119459867477417, 0.06780222803354263, 0.490788072347641, 0.5358241200447083, 0.0, 0.0, 0.0, 0.0, 0.0, 0.0, 0.0, 0.0, 0.0, 0.46417587995529175, 0.5092118978500366, 0.9262828826904297, 0.8708798885345459, 1.0, 1.0, 0.0, 0.5710425972938538, 0.5341352820396423, 0.0, 0.0, 1.0, 0.5, 0.13482096791267395, 0.0]",2.0,1.0
OP11_ADAPTIVE_EXPLOITER,map_b_split_lane,17,11118,"[0.0833752229809761, 0.2343982607126236, 0.03814585879445076, 0.1656452864408493, 0.5138973593711853, 0.32996100187301636, 0.013203023932874203, 0.02449643984436989, 0.48176807165145874, 0.42998459935188293, 0.0, 0.0, 0.0, 0.0, 0.0, 0.0, 0.0, 0.0, 0.0, 0.5700154304504395, 0.5182319283485413, 0.9311303496360779, 0.911797285079956, 1.0, 1.0, 0.0, 0.4682236313819885, 0.3819037079811096, 0.0, 0.0, 0.5, 1.0, 0.19780874252319336, 0.0]",1.0,1.0
OP11_ADAPTIVE_EXPLOITER,map_b_split_lane,18,11119,"[0.059601858258247375, 0.4450623095035553, 0.016344185918569565, 0.15654000639915466, 0.6077941060066223, 0.6423945426940918, 0.027999501675367355, 0.005081291776150465, 0.5615612864494324, 0.5828259587287903, 0.0, 0.0, 0.0, 0.0, 0.0, 0.0, 0.0, 0.0, 0.0, 0.4171740412712097, 0.4384387135505676, 0.9294116497039795, 0.715445876121521, 1.0, 1.0, 0.0, 0.5998902320861816, 0.5051124691963196, 0.0, 0.0, 0.5, 0.0, 0.18584777414798737, 0.0]",1.0,1.0
OP11_ADAPTIVE_EXPLOITER,map_b_split_lane,19,11120,"[0.08762665838003159, 0.11688550561666489, 0.052010755985975266, 0.08301978558301926, 0.5619609951972961, 0.4220066964626312, 0.011225459165871143, 0.19478145241737366, 0.5613316893577576, 0.49636948108673096, 0.0, 0.0, 0.0, 0.0, 0.0, 0.0, 0.0, 0.0, 0.0, 0.503630518913269, 0.43866831064224243, 0.8423948287963867, 0.8640241622924805, 1.0, 1.0, 0.0, 0.594223141670227, 0.4543011784553528, 0.0, 0.0, 0.5, 0.5, 0.2930709719657898, 0.0]",2.0,2.0
OP11_ADAPTIVE_EXPLOITER,map_b_split_lane,20,11121,"[0.008722524158656597, 0.36794325709342957, 0.004789466038346291, 0.05901584029197693, 0.5615585446357727, 0.26989689469337463, 0.06514984369277954, 0.20417465269565582, 0.5892211198806763, 0.4424290359020233, 0.0, 0.0, 0.0, 0.0, 0.0, 0.0, 0.0, 0.0, 0.0, 0.5575709342956543, 0.41077888011932373, 0.9274522662162781, 0.8403989672660828, 1.0, 1.0, 0.0, 0.5961758494377136, 0.4947240352630615, 0.0, 0.0, 1.0, 0.5, 0.2735269069671631, 0.0]",1.0,2.0
OP11_ADAPTIVE_EXPLOITER,map_b_split_lane,21,11122,"[0.06079670414328575, 0.3793671727180481, 0.026396799832582474, 0.009193897247314453, 0.6191768646240234, 0.12691037356853485, 0.025583475828170776, 0.04206252470612526, 0.5141159892082214, 0.5878852009773254, 0.0, 0.0, 0.0, 0.0, 0.0, 0.0, 0.0, 0.0, 0.0, 0.41211479902267456, 0.48588401079177856, 0.9765926599502563, 0.8103124499320984, 1.0, 1.0, 0.0, 0.6147539615631104, 0.5812498927116394, 0.0, 0.0, 1.0, 0.5, 0.07718387991189957, 0.0]",1.0,1.0
OP11_ADAPTIVE_EXPLOITER,map_b_split_lane,22,11123,"[0.0914207175374031, 0.44889527559280396, 0.08425042778253555, 0.19940561056137085, 0.5790938138961792, 0.43854182958602905, 0.0322093665599823, 0.029700228944420815, 0.4379139244556427, 0.4793727397918701, 0.0, 0.0, 0.0, 0.0, 0.0, 0.0, 0.0, 0.0, 0.0, 0.5206272602081299, 0.5620861053466797, 0.852196216583252, 0.922606885433197, 1.0, 1.0, 0.0, 0.5280718207359314, 0.40397074818611145, 0.0, 0.0, 0.5, 1.0, 0.26028603315353394, 0.0]",1.0,1.0
OP11_ADAPTIVE_EXPLOITER,map_b_split_lane,23,11124,"[0.045022644102573395, 0.4338917136192322, 0.036697689443826675, 0.011680223979055882, 0.5247702598571777, 0.34840917587280273, 0.002021076390519738, 0.08637120574712753, 0.5274098515510559, 0.46120914816856384, 0.0, 0.0, 0.0, 0.0, 0.0, 0.0, 0.0, 0.0, 0.0, 0.5387908220291138, 0.4725901484489441, 0.9073251485824585, 0.8899509310722351, 1.0, 1.0, 0.0, 0.49507445096969604, 0.4452018439769745, 0.0, 0.0, 1.0, 1.0, 0.1249065101146698, 0.0]",-1.0,-1.0
OP11_ADAPTIVE_EXPLOITER,map_b_split_lane,24,11125,"[0.12095420062541962, 0.40981757640838623, 0.03021962009370327, 0.08547843247652054, 0.5531439185142517, 0.6141903400421143, 0.01625072956085205, 0.0068382085300982, 0.4508145749568939, 0.5307917594909668, 0.0, 0.0, 0.0, 0.0, 0.0, 0.0, 0.0, 0.0, 0.0, 0.4692082405090332, 0.5491853952407837, 0.9143974781036377, 0.7382201552391052, 1.0, 1.0, 0.0, 0.48652327060699463, 0.46001529693603516, 0.0, 0.0, 1.0, 0.0, 0.10829390585422516, 0.0]",-1.0,1.0
OP11_ADAPTIVE_EXPLOITER,map_b_split_lane,25,11126,"[0.09934370219707489, 0.541886031627655, 0.05511796474456787, 0.009209424257278442, 0.6334863305091858, 0.3094228208065033, 0.0027943362947553396, 0.12764506042003632, 0.4883193373680115, 0.5661746263504028, 0.0, 0.0, 0.0, 0.0, 0.0, 0.0, 0.0, 0.0, 0.0, 0.43382537364959717, 0.5116806626319885, 0.8189293742179871, 0.911378026008606, 1.0, 1.0, 0.0, 0.5948019027709961, 0.4896913170814514, 0.0, 0.0, 0.5, 1.0, 0.1835576891899109, 0.0]",2.0,2.0
OP11_ADAPTIVE_EXPLOITER,map_b_split_lane,26,11127,"[0.12288478016853333, 0.5370886325836182, 0.03407501056790352, 0.05574863404035568, 0.605085015296936, 0.28175124526023865, 0.040831685066223145, 0.19698011875152588, 0.462101012468338, 0.5091697573661804, 0.0, 0.0, 0.0, 0.0, 0.0, 0.0, 0.0, 0.0, 0.0, 0.4908302426338196, 0.5378990173339844, 0.8458302021026611, 0.8695284128189087, 1.0, 1.0, 0.0, 0.5699488520622253, 0.4073018729686737, 0.0, 0.0, 0.5, 0.5, 0.26650527119636536, 0.0]",2.0,2.0
OP11_ADAPTIVE_EXPLOITER,map_b_split_lane,27,11128,"[0.05771966651082039, 0.2915412485599518, 0.04087303951382637, 0.012417237274348736, 0.6042174100875854, 0.5629644393920898, 0.014293817803263664, 0.09133005142211914, 0.5048898458480835, 0.5603824853897095, 0.0, 0.0, 0.0, 0.0, 0.0, 0.0, 0.0, 0.0, 0.0, 0.4396175146102905, 0.4951101541519165, 0.9431048035621643, 0.8806335926055908, 1.0, 1.0, 0.0, 0.6166003346443176, 0.5462878346443176, 0.0, 0.0, 1.0, 0.5, 0.135159432888031, 0.0]",2.0,2.0
OP11_ADAPTIVE_EXPLOITER,map_b_split_lane,28,11129,"[0.0346977598965168, 0.309486448764801, 0.02503131330013275, 0.04403578117489815, 0.6289632320404053, 0.013848597183823586, 0.035341180860996246, 0.0025495151057839394, 0.5413117408752441, 0.6249595284461975, 0.0, 0.0, 0.0, 0.0, 0.0, 0.0, 0.0, 0.0, 0.0, 0.3750404715538025, 0.45868825912475586, 0.9890183210372925, 0.6576652526855469, 1.0, 1.0, 0.0, 0.6659135222434998, 0.6341595649719238, 0.0, 0.0, 1.0, 0.0, 0.08608592301607132, 0.0]",1.0,1.0
OP11_ADAPTIVE_EXPLOITER,map_b_split_lane,29,11130,"[0.07153280824422836, 0.2708148658275604, 0.0045197270810604095, 0.07167207449674606, 0.5603645443916321, 0.3329647481441498, 0.027269652113318443, 0.2245682328939438, 0.5251048803329468, 0.5053778886795044, 0.0, 0.0, 0.0, 0.0, 0.0, 0.0, 0.0, 0.0, 0.0, 0.4946221113204956, 0.4748951196670532, 0.9877116680145264, 0.7850016355514526, 1.0, 1.0, 0.0, 0.5460286736488342, 0.5051063895225525, 0.0, 0.0, 1.0, 0.0, 0.29803231358528137, 0.0]",2.0,2.0
OP11_ADAPTIVE_EXPLOITER,map_b_split_lane,30,11131,"[0.12407084554433823, 0.0870567336678505, 0.04605724290013313, 0.004424293991178274, 0.6528922319412231, 0.39496323466300964, 0.014154497534036636, 0.18611270189285278, 0.5090028643608093, 0.586168646812439, 0.0, 0.0, 0.0, 0.0, 0.0, 0.0, 0.0, 0.0, 0.0, 0.41383135318756104, 0.4909971356391907, 0.737825870513916, 0.8504674434661865, 1.0, 1.0, 0.0, 0.631988525390625, 0.48531022667884827, 0.0, 0.0, 0.0, 0.5, 0.23291942477226257, 0.0]",1.0,1.0
OP11_ADAPTIVE_EXPLOITER,map_b_split_lane,31,11132,"[0.11083107441663742, 0.27529770135879517, 0.02689589001238346, 0.133182093501091, 0.5973263382911682, 0.5762615203857422, 0.07424860447645187, 0.03259310498833656, 0.4665582478046417, 0.49069303274154663, 0.0, 0.0, 0.0, 0.0, 0.0, 0.0, 0.0, 0.0, 0.0, 0.5093069672584534, 0.5334417819976807, 0.9133507609367371, 0.7945201992988586, 1.0, 1.0, 0.0, 0.5810222029685974, 0.4083762466907501, 0.0, 0.0, 0.5, 0.0, 0.216958150267601, 0.0]",-1.0,1.0
OP7_DEEP_FORTRESS,map_b_split_lane_v2,0,12101,"[0.1254543513059616, 0.21099501848220825, 0.03678461164236069, 0.040028221905231476, 0.5470385551452637, 0.2539490759372711, 0.04016605019569397, 0.23908311128616333, 0.45062124729156494, 0.4579208493232727, 0.0, 0.0, 0.0, 0.0, 0.0, 0.0, 0.0, 0.0, 0.0, 0.5420791506767273, 0.5493787527084351, 0.8625596165657043, 0.831708550453186, 1.0, 1.0, 0.0, 0.48938509821891785, 0.4211183190345764, 0.0, 0.0, 1.0, 0.5, 0.29679685831069946, 0.0]",3.0,2.0
OP7_DEEP_FORTRESS,map_b_split_lane_v2,1,12102,"[0.10408257693052292, 0.15119221806526184, 0.058446768671274185, 0.08399011939764023, 0.589281439781189, 0.4130040109157562, 0.0700664073228836, 0.021365048363804817, 0.45420700311660767, 0.455727219581604, 0.0, 0.0, 0.0, 0.0, 0.0, 0.0, 0.0, 0.0, 0.0, 0.544272780418396, 0.5457929968833923, 0.8501921892166138, 0.930356502532959, 1.0, 1.0, 0.0, 0.5557093024253845, 0.4085339605808258, 0.0, 0.0, 0.5, 1.0, 0.17557619512081146, 0.0]",2.0,2.0
OP7_DEEP_FORTRESS,map_b_split_lane_v2,2,12103,"[0.13123318552970886, 0.3218747675418854, 0.03083541803061962, 0.1353427618741989, 0.5913078784942627, 0.4826403558254242, 0.06765671819448471, 0.08268146216869354, 0.4696730375289917, 0.45531153678894043, 0.0, 0.0, 0.0, 0.0, 0.0, 0.0, 0.0, 0.0, 0.0, 0.5446884632110596, 0.5303269624710083, 0.8921687602996826, 0.9097635746002197, 1.0, 1.0, 0.0, 0.5101808309555054, 0.41987261176109314, 0.0, 0.0, 1.0, 0.5, 0.2456456869840622, 0.0]",2.0,2.0
OP7_DEEP_FORTRESS,map_b_split_lane_v2,3,12104,"[0.06486605852842331, 0.3121461868286133, 0.017684051766991615, 0.11091957241296768, 0.5491611361503601, 0.321450799703598, 0.04577535763382912, 0.12623172998428345, 0.5231295824050903, 0.46073585748672485, 0.0, 0.0, 0.0, 0.0, 0.0, 0.0, 0.0, 0.0, 0.0, 0.5392641425132751, 0.47687041759490967, 0.9294865727424622, 0.9056731462478638, 1.0, 1.0, 0.0, 0.5121058821678162, 0.4562433362007141, 0.0, 0.0, 1.0, 1.0, 0.24659563601016998, 0.0]",2.0,2.0
OP7_DEEP_FORTRESS,map_b_split_lane_v2,4,12105,"[0.08960893005132675, 0.39903363585472107, 0.005892972461879253, 0.20567107200622559, 0.5458180904388428, 0.41364753246307373, 0.007872188463807106, 0.22067807614803314, 0.5415589213371277, 0.5089759230613708, 0.0, 0.0, 0.0, 0.0, 0.0, 0.0, 0.0, 0.0, 0.0, 0.49102407693862915, 0.4584410786628723, 0.8392820954322815, 0.83258056640625, 1.0, 1.0, 0.0, 0.5406202077865601, 0.4434344172477722, 0.0, 0.0, 0.5, 0.5, 0.4265739321708679, 0.0]",3.0,3.0
OP7_DEEP_FORTRESS,map_b_split_lane_v2,5,12106,"[0.11269762367010117, 0.3447464406490326, 0.05868671089410782, 0.19483213126659393, 0.5931472778320312, 0.21350552141666412, 0.03137509152293205, 0.01652032695710659, 0.47547194361686707, 0.5154172778129578, 0.0, 0.0, 0.0, 0.0, 0.0, 0.0, 0.0, 0.0, 0.0, 0.48458272218704224, 0.5245280265808105, 0.8132267594337463, 0.874260425567627, 1.0, 1.0, 0.0, 0.5287476181983948, 0.3932153582572937, 0.0, 0.0, 0.5, 1.0, 0.238937646150589, 0.0]",2.0,2.0
OP7_DEEP_FORTRESS,map_b_split_lane_v2,6,12107,"[0.05433979257941246, 0.2082291841506958, 0.03549494966864586, 0.09730538725852966, 0.6099948287010193, 0.38869181275367737, 0.057895492762327194, 0.15801894664764404, 0.5134563446044922, 0.5186952352523804, 0.0, 0.0, 0.0, 0.0, 0.0, 0.0, 0.0, 0.0, 0.0, 0.48130476474761963, 0.4865436553955078, 0.9483130574226379, 0.8601126074790955, 1.0, 1.0, 0.0, 0.6132381558418274, 0.5213966965675354, 0.0, 0.0, 0.5, 1.0, 0.2718682289123535, 0.0]",2.0,2.0
OP7_DEEP_FORTRESS,map_b_split_lane_v2,7,12108,"[0.02732016146183014, 0.47599276900291443, 0.00691823149099946, 0.06386756896972656, 0.5760288834571838, 0.12057264894247055, 0.004896823316812515, 0.013093817047774792, 0.5835856795310974, 0.5555804371833801, 0.0, 0.0, 0.0, 0.0, 0.0, 0.0, 0.0, 0.0, 0.0, 0.4444195628166199, 0.4164143204689026, 0.9227884411811829, 0.7791949510574341, 1.0, 1.0, 0.0, 0.6564205288887024, 0.6258803009986877, 0.0, 0.0, 1.0, 0.0, 0.07822068780660629, 0.0]",-1.0,-1.0
OP7_DEEP_FORTRESS,map_b_split_lane_v2,8,12109,"[0.1179714947938919, 0.28369140625, 0.009366159327328205, 0.07163963466882706, 0.5721377730369568, 0.38493791222572327, 0.022810280323028564, 0.2385079264640808, 0.4737064838409424, 0.5494688153266907, 0.0, 0.0, 0.0, 0.0, 0.0, 0.0, 0.0, 0.0, 0.0, 0.4505311846733093, 0.5262935161590576, 0.9433451294898987, 0.7927870154380798, 1.0, 1.0, 0.0, 0.5264390707015991, 0.49074986577033997, 0.0, 0.0, 1.0, 0.0, 0.3118455111980438, 0.0]",3.0,2.0
OP7_DEEP_FORTRESS,map_b_split_lane_v2,9,12110,"[0.04962874948978424, 0.5136877298355103, 0.03439289703965187, 0.04865557327866554, 0.5543180108070374, 0.09807126969099045, 0.02198035828769207, 0.056590303778648376, 0.5289010405540466, 0.5433018207550049, 0.0, 0.0, 0.0, 0.0, 0.0, 0.0, 0.0, 0.0, 0.0, 0.4566981792449951, 0.47109895944595337, 0.8877293467521667, 0.7995750904083252, 1.0, 1.0, 0.0, 0.6565492749214172, 0.5819504261016846, 0.0, 0.0, 0.5, 0.0, 0.12029299139976501, 0.0]",1.0,2.0
OP7_DEEP_FORTRESS,map_b_split_lane_v2,10,12111,"[0.09942072629928589, 0.13746243715286255, 0.05121871829032898, 0.03373881056904793, 0.5732564926147461, 0.4822835922241211, 0.040322043001651764, 0.1564611941576004, 0.5150498151779175, 0.463054895401001, 0.0, 0.0, 0.0, 0.0, 0.0, 0.0, 0.0, 0.0, 0.0, 0.536945104598999, 0.4849501848220825, 0.8162639141082764, 0.9264644384384155, 1.0, 1.0, 0.0, 0.5980201363563538, 0.44212818145751953, 0.0, 0.0, 0.5, 0.5, 0.22290584444999695, 0.0]",3.0,3.0
OP7_DEEP_FORTRESS,map_b_split_lane_v2,11,12112,"[0.035110075026750565, 0.4132818281650543, 0.031630728393793106, 0.2121436595916748, 0.5256302356719971, 0.4307311773300171, 0.027533525601029396, 0.22356532514095306, 0.5994921922683716, 0.4517611861228943, 0.0, 0.0, 0.0, 0.0, 0.0, 0.0, 0.0, 0.0, 0.0, 0.5482388138771057, 0.4005078077316284, 0.8334152698516846, 0.8210396766662598, 1.0, 1.0, 0.0, 0.5737919211387634, 0.4872790575027466, 0.0, 0.0, 0.5, 0.5, 0.43974316120147705, 0.0]",3.0,3.0
OP7_DEEP_FORTRESS,map_b_split_lane_v2,12,12113,"[0.10948554426431656, 0.3194473087787628, 0.018073003739118576, 0.305016428232193, 0.5575672388076782, 0.4163193702697754, 0.02659466303884983, 0.13878662884235382, 0.5455069541931152, 0.502458393573761, 0.0, 0.0, 0.0, 0.0, 0.0, 0.0, 0.0, 0.0, 0.0, 0.497541606426239, 0.45449304580688477, 0.7231894731521606, 0.9221280217170715, 1.0, 1.0, 0.0, 0.5595463514328003, 0.409332811832428, 0.0, 0.0, 0.0, 0.5, 0.4468631148338318, 0.0]",1.0,1.0
OP7_DEEP_FORTRESS,map_b_split_lane_v2,13,12114,"[0.08904257416725159, 0.24708935618400574, 0.06918658316135406, 0.05010451376438141, 0.5285120010375977, 0.41962388157844543, 0.01145121455192566, 0.1344439834356308, 0.44638386368751526, 0.45155659317970276, 0.0, 0.0, 0.0, 0.0, 0.0, 0.0, 0.0, 0.0, 0.0, 0.5484434366226196, 0.5536161661148071, 0.8959044218063354, 0.8917060494422913, 1.0, 1.0, 0.0, 0.48875030875205994, 0.35903269052505493, 0.0, 0.0, 1.0, 0.5, 0.22035467624664307, 0.0]",1.0,1.0
OP7_DEEP_FORTRESS,map_b_split_lane_v2,14,12115,"[0.010989012196660042, 0.4000718891620636, 0.00839050579816103, 0.03682383894920349, 0.5497379302978516, 0.36867251992225647, 0.0328698568046093, 0.14659763872623444, 0.5876017212867737, 0.4745616018772125, 0.0, 0.0, 0.0, 0.0, 0.0, 0.0, 0.0, 0.0, 0.0, 0.5254384279251099, 0.4123982787132263, 0.9312013387680054, 0.8672356605529785, 1.0, 1.0, 0.0, 0.5599101781845093, 0.5036242604255676, 0.0, 0.0, 1.0, 1.0, 0.18800510466098785, 0.0]",1.0,1.0
OP7_DEEP_FORTRESS,map_b_split_lane_v2,15,12116,"[0.10375257581472397, 0.2585950195789337, 0.047064557671546936, 0.02201458066701889, 0.5791952610015869, 0.42006391286849976, 0.0259139072149992, 0.19590038061141968, 0.4651709496974945, 0.5493031144142151, 0.0, 0.0, 0.0, 0.0, 0.0, 0.0, 0.0, 0.0, 0.0, 0.4506968855857849, 0.5348290205001831, 0.9257205724716187, 0.8705461621284485, 1.0, 1.0, 0.0, 0.5395233631134033, 0.4544616639614105, 0.0, 0.0, 1.0, 0.5, 0.24956567585468292, 0.0]",2.0,2.0
OP7_DEEP_FORTRESS,map_b_split_lane_v2,16,12117,"[0.12245180457830429, 0.3984938859939575, 0.02556939795613289, 0.0780639722943306, 0.6304567456245422, 0.5690481662750244, 0.002928599249571562, 0.014884446747601032, 0.45422887802124023, 0.591853141784668, 0.0, 0.0, 0.0, 0.0, 0.0, 0.0, 0.0, 0.0, 0.0, 0.40814685821533203, 0.5457711219787598, 0.9158924221992493, 0.7976486682891846, 1.0, 1.0, 0.0, 0.5422879457473755, 0.5334400534629822, 0.0, 0.0, 1.0, 0.0, 0.09731468558311462, 0.0]",2.0,2.0
OP7_DEEP_FORTRESS,map_b_split_lane_v2,17,12118,"[0.010562335141003132, 0.33803898096084595, 0.0007069259881973267, 0.04184000566601753, 0.582451343536377, 0.19080151617527008, 0.04881198704242706, 0.0982743501663208, 0.5917712450027466, 0.46739739179611206, 0.0, 0.0, 0.0, 0.0, 0.0, 0.0, 0.0, 0.0, 0.0, 0.5326026082038879, 0.4082287549972534, 0.9336946606636047, 0.9067245721817017, 1.0, 1.0, 0.0, 0.5978090763092041, 0.5224186182022095, 0.0, 0.0, 1.0, 0.5, 0.1515749990940094, 0.0]",1.0,1.0
OP7_DEEP_FORTRESS,map_b_split_lane_v2,18,12119,"[0.11630962789058685, 0.3260630667209625, 0.02922341600060463, 0.01001656986773014, 0.5603018999099731, 0.17127642035484314, 2.7429176043369807e-05, 0.0792347863316536, 0.4558427929878235, 0.5002903938293457, 0.0, 0.0, 0.0, 0.0, 0.0, 0.0, 0.0, 0.0, 0.0, 0.4997096061706543, 0.5441572070121765, 0.9590741395950317, 0.8891867399215698, 1.0, 1.0, 0.0, 0.4765055179595947, 0.42347657680511475, 0.0, 0.0, 1.0, 0.5, 0.11012718826532364, 0.0]",1.0,1.0
OP7_DEEP_FORTRESS,map_b_split_lane_v2,19,12120,"[0.08558090031147003, 0.17189016938209534, 0.028703738003969193, 0.013575255870819092, 0.5599079728126526, 0.40902912616729736, 0.06412816792726517, 0.12644344568252563, 0.514961302280426, 0.4623616635799408, 0.0, 0.0, 0.0, 0.0, 0.0, 0.0, 0.0, 0.0, 0.0, 0.5376383066177368, 0.485038697719574, 0.8263559341430664, 0.9253997206687927, 1.0, 1.0, 0.0, 0.5489888191223145, 0.5177292227745056, 0.0, 0.0, 1.0, 0.5, 0.1735278069972992, 0.0]",1.0,-1.0
OP7_DEEP_FORTRESS,map_b_split_lane_v2,20,12121,"[0.13837158679962158, 0.4788696765899658, 0.030471721664071083, 0.025457540526986122, 0.6074547171592712, 0.4676651358604431, 0.057124510407447815, 0.0530143640935421, 0.4435836374759674, 0.4834953844547272, 0.0, 0.0, 0.0, 0.0, 0.0, 0.0, 0.0, 0.0, 0.0, 0.5165046453475952, 0.556416392326355, 0.8599936366081238, 0.9205994606018066, 1.0, 1.0, 0.0, 0.47301915287971497, 0.38345107436180115, 0.0, 0.0, 1.0, 1.0, 0.11764073371887207, 0.0]",2.0,2.0
OP7_DEEP_FORTRESS,map_b_split_lane_v2,21,12122,"[0.09053277224302292, 0.22419700026512146, 0.0411970429122448, 0.2230541855096817, 0.5896177887916565, 0.36707526445388794, 0.07563166320323944, 0.100714772939682, 0.4785729646682739, 0.45176956057548523, 0.0, 0.0, 0.0, 0.0, 0.0, 0.0, 0.0, 0.0, 0.0, 0.5482304096221924, 0.5214270353317261, 0.8881849050521851, 0.876788318157196, 1.0, 1.0, 0.0, 0.5661385655403137, 0.4228963851928711, 0.0, 0.0, 0.5, 1.0, 0.35277754068374634, 0.0]",1.0,1.0
OP7_DEEP_FORTRESS,map_b_split_lane_v2,22,12123,"[0.15781918168067932, 0.4309433102607727, 0.008352258242666721, 0.20608502626419067, 0.5528945326805115, 0.33986133337020874, 0.00031733207288198173, 0.3185180425643921, 0.46955445408821106, 0.5701878666877747, 0.0, 0.0, 0.0, 0.0, 0.0, 0.0, 0.0, 0.0, 0.0, 0.42981213331222534, 0.5304455757141113, 0.8491193056106567, 0.6913455128669739, 1.0, 1.0, 0.0, 0.5395861268043518, 0.3869951665401459, 0.0, 0.0, 0.5, 0.0, 0.5247724056243896, 0.0]",1.0,1.0
OP7_DEEP_FORTRESS,map_b_split_lane_v2,23,12124,"[0.13353468477725983, 0.3104943633079529, 0.014598632231354713, 0.1322769671678543, 0.5872663259506226, 0.4936535954475403, 0.03830225020647049, 0.1463511884212494, 0.4616113603115082, 0.5548931360244751, 0.0, 0.0, 0.0, 0.0, 0.0, 0.0, 0.0, 0.0, 0.0, 0.4451068639755249, 0.5383886098861694, 0.8818725347518921, 0.9746881723403931, 1.0, 1.0, 0.0, 0.5246817469596863, 0.44672849774360657, 0.0, 0.0, 1.0, 0.5, 0.284360408782959, 0.0]",1.0,2.0
OP7_DEEP_FORTRESS,map_b_split_lane_v2,24,12125,"[0.06729339063167572, 0.2973978519439697, 0.0644475668668747, 0.1721903681755066, 0.5754792094230652, 0.058028556406497955, 0.037460725754499435, 0.027124326676130295, 0.5219044089317322, 0.5389020442962646, 0.0, 0.0, 0.0, 0.0, 0.0, 0.0, 0.0, 0.0, 0.0, 0.46109795570373535, 0.4780955910682678, 0.8655763864517212, 0.7242997288703918, 1.0, 1.0, 0.0, 0.5772440433502197, 0.4082472622394562, 0.0, 0.0, 0.5, 0.0, 0.23010563850402832, 0.0]",3.0,3.0
OP7_DEEP_FORTRESS,map_b_split_lane_v2,25,12126,"[0.09884963929653168, 0.07872951030731201, 0.06509136408567429, 0.06537318974733353, 0.5481260418891907, 0.11862120032310486, 0.037760425359010696, 0.04593023285269737, 0.48469147086143494, 0.5217089056968689, 0.0, 0.0, 0.0, 0.0, 0.0, 0.0, 0.0, 0.0, 0.0, 0.4782910943031311, 0.5153084993362427, 0.7707370519638062, 0.8103914260864258, 1.0, 1.0, 0.0, 0.4572228193283081, 0.353708416223526, 0.0, 0.0, 0.0, 0.5, 0.15171211957931519, 0.0]",2.0,2.0
OP7_DEEP_FORTRESS,map_b_split_lane_v2,26,12127,"[0.09979192912578583, 0.4685836136341095, 0.06118951365351677, 0.09605154395103455, 0.5241315364837646, 0.4054219722747803, 0.005461371969431639, 0.20908819139003754, 0.4404684007167816, 0.4850679934024811, 0.0, 0.0, 0.0, 0.0, 0.0, 0.0, 0.0, 0.0, 0.0, 0.5149320363998413, 0.559531569480896, 0.9077557325363159, 0.8273071646690369, 1.0, 1.0, 0.0, 0.48420843482017517, 0.40855878591537476, 0.0, 0.0, 0.5, 0.5, 0.32304567098617554, 0.0]",1.0,1.0
OP7_DEEP_FORTRESS,map_b_split_lane_v2,27,12128,"[0.06827911734580994, 0.1067766547203064, 0.048227835446596146, 0.0524512343108654, 0.541029691696167, 0.4001562297344208, 0.045326828956604004, 0.026066360995173454, 0.5694825649261475, 0.43116021156311035, 0.0, 0.0, 0.0, 0.0, 0.0, 0.0, 0.0, 0.0, 0.0, 0.5688397884368896, 0.43051743507385254, 0.79917973279953, 0.9747536778450012, 1.0, 1.0, 0.0, 0.5626562833786011, 0.5311280488967896, 0.0, 0.0, 0.0, 1.0, 0.12354090809822083, 0.0]",2.0,2.0
OP7_DEEP_FORTRESS,map_b_split_lane_v2,28,12129,"[0.06895473599433899, 0.3495367467403412, 0.0093275997787714, 0.08336146920919418, 0.5824885964393616, 0.28610801696777344, 0.06366962939500809, 0.22496087849140167, 0.528745710849762, 0.535072386264801, 0.0, 0.0, 0.0, 0.0, 0.0, 0.0, 0.0, 0.0, 0.0, 0.464927613735199, 0.47125428915023804, 0.9202947616577148, 0.8361502885818481, 1.0, 1.0, 0.0, 0.572037398815155, 0.5028854012489319, 0.0, 0.0, 1.0, 0.5, 0.3176790773868561, 0.0]",1.0,1.0
OP7_DEEP_FORTRESS,map_b_split_lane_v2,29,12130,"[0.05626506730914116, 0.5723977088928223, 0.021731380373239517, 0.06752316653728485, 0.5892488360404968, 0.3875257968902588, 0.042321979999542236, 0.11650042235851288, 0.5444937348365784, 0.4994235932826996, 0.0, 0.0, 0.0, 0.0, 0.0, 0.0, 0.0, 0.0, 0.0, 0.500576376914978, 0.45550626516342163, 0.8485035300254822, 0.9120059013366699, 1.0, 1.0, 0.0, 0.5754474997520447, 0.4689311981201172, 0.0, 0.0, 0.5, 1.0, 0.1948835551738739, 0.0]",1.0,2.0
OP7_DEEP_FORTRESS,map_b_split_lane_v2,30,12131,"[0.06971631944179535, 0.21064402163028717, 0.05811715126037598, 0.12621909379959106, 0.5751087069511414, 0.3866923153400421, 0.04688764736056328, 0.19763538241386414, 0.4735015630722046, 0.5124183297157288, 0.0, 0.0, 0.0, 0.0, 0.0, 0.0, 0.0, 0.0, 0.0, 0.48758167028427124, 0.5264984369277954, 0.9404888153076172, 0.8341741561889648, 1.0, 1.0, 0.0, 0.5811682343482971, 0.4706898629665375, 0.0, 0.0, 0.5, 0.5, 0.34207743406295776, 0.0]",3.0,3.0
OP7_DEEP_FORTRESS,map_b_split_lane_v2,31,12132,"[0.14498814940452576, 0.15513776242733002, 0.023974008858203888, 0.09223487228155136, 0.6530842185020447, 0.3545832633972168, 0.00783452671021223, 0.04289192333817482, 0.4916298985481262, 0.5760620832443237, 0.0, 0.0, 0.0, 0.0, 0.0, 0.0, 0.0, 0.0, 0.0, 0.42393791675567627, 0.5083701014518738, 0.8825061917304993, 0.9391160607337952, 1.0, 1.0, 0.0, 0.5552110075950623, 0.5281664729118347, 0.0, 0.0, 0.5, 1.0, 0.1389012336730957, 0.0]",3.0,3.0
OP11_ADAPTIVE_EXPLOITER,map_b_split_lane_v2,0,13101,"[0.08453398942947388, 0.18339771032333374, 0.022672943770885468, 0.05972890928387642, 0.6195701360702515, 0.10020430386066437, 0.01792266219854355, 0.06416855752468109, 0.5060296058654785, 0.563633918762207, 0.0, 0.0, 0.0, 0.0, 0.0, 0.0, 0.0, 0.0, 0.0, 0.43636608123779297, 0.4939703941345215, 0.8836984634399414, 0.8108184933662415, 1.0, 1.0, 0.0, 0.5483862161636353, 0.5006731748580933, 0.0, 0.0, 0.5, 0.5, 0.13051193952560425, 0.0]",1.0,1.0
OP11_ADAPTIVE_EXPLOITER,map_b_split_lane_v2,1,13102,"[0.14800649881362915, 0.28594833612442017, 0.016506893560290337, 0.0061323330737650394, 0.5549697279930115, 0.5993930101394653, 0.03781049698591232, 0.044849760830402374, 0.44271138310432434, 0.4896051585674286, 0.0, 0.0, 0.0, 0.0, 0.0, 0.0, 0.0, 0.0, 0.0, 0.510394811630249, 0.557288646697998, 0.913546621799469, 0.7822086811065674, 1.0, 1.0, 0.0, 0.5140506029129028, 0.44702810049057007, 0.0, 0.0, 1.0, 0.0, 0.07627036422491074, 0.0]",1.0,1.0
OP11_ADAPTIVE_EXPLOITER,map_b_split_lane_v2,2,13103,"[0.09541935473680496, 0.2757425606250763, 0.03274483606219292, 0.24109473824501038, 0.6064690351486206, 0.18072257936000824, 0.005710561294108629, 0.12532559037208557, 0.5625832080841064, 0.5435488224029541, 0.0, 0.0, 0.0, 0.0, 0.0, 0.0, 0.0, 0.0, 0.0, 0.4564511775970459, 0.43741679191589355, 0.8365184664726257, 0.951206386089325, 1.0, 1.0, 0.0, 0.5813388824462891, 0.47304949164390564, 0.0, 0.0, 0.5, 0.5, 0.36876386404037476, 0.0]",2.0,2.0
OP11_ADAPTIVE_EXPLOITER,map_b_split_lane_v2,3,13104,"[0.06707259267568588, 0.13080178201198578, 0.06513166427612305, 0.025987587869167328, 0.5846431851387024, 0.2330479770898819, 0.015600033104419708, 0.11331935226917267, 0.5084523558616638, 0.4983842670917511, 0.0, 0.0, 0.0, 0.0, 0.0, 0.0, 0.0, 0.0, 0.0, 0.5016157627105713, 0.4915476441383362, 0.7938506603240967, 0.9672054052352905, 1.0, 1.0, 0.0, 0.5401492714881897, 0.4695039689540863, 0.0, 0.0, 0.0, 0.5, 0.1845128983259201, 0.0]",2.0,1.0
OP11_ADAPTIVE_EXPLOITER,map_b_split_lane_v2,4,13105,"[0.087330162525177, 0.36710140109062195, 0.03272910788655281, 0.1413458287715912, 0.5789602994918823, 0.3252333402633667, 0.01057855598628521, 0.0023503275588154793, 0.505307137966156, 0.4983481466770172, 0.0, 0.0, 0.0, 0.0, 0.0, 0.0, 0.0, 0.0, 0.0, 0.5016518831253052, 0.494692862033844, 0.8711907863616943, 0.9672438502311707, 1.0, 1.0, 0.0, 0.5139275193214417, 0.48343002796173096, 0.0, 0.0, 1.0, 1.0, 0.15592214465141296, 0.0]",2.0,2.0
OP11_ADAPTIVE_EXPLOITER,map_b_split_lane_v2,5,13106,"[0.048217665404081345, 0.3803331255912781, 0.012466981075704098, 0.011038749478757381, 0.572699248790741, 0.3940694332122803, 0.017958369106054306, 0.01693713292479515, 0.5405853986740112, 0.4874279797077179, 0.0, 0.0, 0.0, 0.0, 0.0, 0.0, 0.0, 0.0, 0.0, 0.5125720500946045, 0.45941460132598877, 0.9813372492790222, 0.9742361307144165, 1.0, 1.0, 0.0, 0.5250739455223083, 0.49581387639045715, 0.0, 0.0, 1.0, 1.0, 0.04133712500333786, 0.0]",2.0,2.0
OP11_ADAPTIVE_EXPLOITER,map_b_split_lane_v2,6,13107,"[0.1509774625301361, 0.44598472118377686, 0.010563711635768414, 0.11268297582864761, 0.5569145083427429, 0.5691270232200623, 0.052760690450668335, 0.07715437561273575, 0.4399659335613251, 0.4550086259841919, 0.0, 0.0, 0.0, 0.0, 0.0, 0.0, 0.0, 0.0, 0.0, 0.5449913740158081, 0.5600340366363525, 0.9069392085075378, 0.8310415744781494, 1.0, 1.0, 0.0, 0.4428383708000183, 0.3698040843009949, 0.0, 0.0, 0.5, 0.5, 0.20664623379707336, 0.0]",1.0,1.0
OP11_ADAPTIVE_EXPLOITER,map_b_split_lane_v2,7,13108,"[0.032782502472400665, 0.3821520209312439, 0.006349635776132345, 0.1289699524641037, 0.5796031951904297, 0.3179919719696045, 0.011662033386528492, 0.09334804862737656, 0.5708026885986328, 0.5005770921707153, 0.0, 0.0, 0.0, 0.0, 0.0, 0.0, 0.0, 0.0, 0.0, 0.49942290782928467, 0.4291973114013672, 0.894778311252594, 0.9334051012992859, 1.0, 1.0, 0.0, 0.5721942782402039, 0.5506247878074646, 0.0, 0.0, 1.0, 1.0, 0.22319985926151276, 0.0]",2.0,2.0
OP11_ADAPTIVE_EXPLOITER,map_b_split_lane_v2,8,13109,"[0.15505659580230713, 0.6271018385887146, 0.020693395286798477, 0.008045260794460773, 0.6494735479354858, 0.32406675815582275, 0.019758882001042366, 0.1314062923192978, 0.5013623237609863, 0.5816974639892578, 0.0, 0.0, 0.0, 0.0, 0.0, 0.0, 0.0, 0.0, 0.0, 0.4183025360107422, 0.49863767623901367, 0.7144738435745239, 0.8773716688156128, 1.0, 1.0, 0.0, 0.5927871465682983, 0.5198889374732971, 0.0, 0.0, 0.0, 1.0, 0.15508581697940826, 0.0]",2.0,2.0
OP11_ADAPTIVE_EXPLOITER,map_b_split_lane_v2,9,13110,"[0.1077798455953598, 0.30678024888038635, 0.043309662491083145, 0.2140929251909256, 0.5623152852058411, 0.23661383986473083, 0.0018089765217155218, 0.10985085368156433, 0.48005419969558716, 0.49346449971199036, 0.0, 0.0, 0.0, 0.0, 0.0, 0.0, 0.0, 0.0, 0.0, 0.506535530090332, 0.5199458003044128, 0.8143749237060547, 0.9624090194702148, 1.0, 1.0, 0.0, 0.5185609459877014, 0.44834810495376587, 0.0, 0.0, 0.5, 0.5, 0.32829535007476807, 0.0]",1.0,1.0
OP11_ADAPTIVE_EXPLOITER,map_b_split_lane_v2,10,13111,"[0.09911532700061798, 0.12939144670963287, 0.021456278860569, 0.07330415397882462, 0.6244263052940369, 0.33685028553009033, 0.02474283054471016, 0.05892686918377876, 0.544689416885376, 0.5343520045280457, 0.0, 0.0, 0.0, 0.0, 0.0, 0.0, 0.0, 0.0, 0.0, 0.46564799547195435, 0.455310583114624, 0.8489822745323181, 0.935975193977356, 1.0, 1.0, 0.0, 0.5717432498931885, 0.527417004108429, 0.0, 0.0, 0.5, 1.0, 0.1402905285358429, 0.0]",-1.0,1.0
OP11_ADAPTIVE_EXPLOITER,map_b_split_lane_v2,11,13112,"[0.13716770708560944, 0.36157816648483276, 0.0017831362783908844, 0.16856713593006134, 0.5841146111488342, 0.46160826086997986, 0.03803984075784683, 0.20339445769786835, 0.4891839921474457, 0.4848305583000183, 0.0, 0.0, 0.0, 0.0, 0.0, 0.0, 0.0, 0.0, 0.0, 0.5151694416999817, 0.5108159780502319, 0.8255563974380493, 0.8899504542350769, 1.0, 1.0, 0.0, 0.521361768245697, 0.4123121500015259, 0.0, 0.0, 1.0, 0.5, 0.37549763917922974, 0.0]",1.0,1.0
OP11_ADAPTIVE_EXPLOITER,map_b_split_lane_v2,12,13113,"[0.059360723942518234, 0.1336640566587448, 0.03666961193084717, 0.12853044271469116, 0.5367355346679688, 0.15684066712856293, 0.005331998225301504, 0.05166161060333252, 0.5855209827423096, 0.4829883277416229, 0.0, 0.0, 0.0, 0.0, 0.0, 0.0, 0.0, 0.0, 0.0, 0.5170116424560547, 0.41447901725769043, 0.8967898488044739, 0.8390988707542419, 1.0, 1.0, 0.0, 0.4979446828365326, 0.45711958408355713, 0.0, 0.0, 0.5, 0.5, 0.1855950653553009, 0.0]",1.0,1.0
OP11_ADAPTIVE_EXPLOITER,map_b_split_lane_v2,13,13114,"[0.11400804668664932, 0.23824496567249298, 0.035674773156642914, 0.2153499722480774, 0.5766772031784058, 0.4018152058124542, 0.02129700593650341, 0.10037682205438614, 0.532194972038269, 0.5069496631622314, 0.0, 0.0, 0.0, 0.0, 0.0, 0.0, 0.0, 0.0, 0.0, 0.49305033683776855, 0.46780502796173096, 0.8996685147285461, 0.9477947950363159, 1.0, 1.0, 0.0, 0.5441752672195435, 0.47951585054397583, 0.0, 0.0, 0.5, 1.0, 0.32089611887931824, 0.0]",2.0,2.0
OP11_ADAPTIVE_EXPLOITER,map_b_split_lane_v2,14,13115,"[0.0800454318523407, 0.14707084000110626, 0.051141347736120224, 0.08798452466726303, 0.5916404724121094, 0.3924201428890228, 0.03874492645263672, 0.11193780601024628, 0.5545030832290649, 0.48769015073776245, 0.0, 0.0, 0.0, 0.0, 0.0, 0.0, 0.0, 0.0, 0.0, 0.5123098492622375, 0.44549691677093506, 0.8743433952331543, 0.9124937653541565, 1.0, 1.0, 0.0, 0.5825489163398743, 0.4762924909591675, 0.0, 0.0, 0.5, 1.0, 0.22022148966789246, 0.0]",2.0,2.0
OP11_ADAPTIVE_EXPLOITER,map_b_split_lane_v2,15,13116,"[0.07286956906318665, 0.5762154459953308, 0.03374267369508743, 0.0791250467300415, 0.5702837109565735, 0.15685339272022247, 0.04997390881180763, 0.09315340220928192, 0.5792538523674011, 0.5349339842796326, 0.0, 0.0, 0.0, 0.0, 0.0, 0.0, 0.0, 0.0, 0.0, 0.46506601572036743, 0.4207461476325989, 0.8530292510986328, 0.8946852684020996, 1.0, 1.0, 0.0, 0.6638262867927551, 0.6314769983291626, 0.0, 0.0, 0.5, 0.5, 0.1917310357093811, 0.0]",-1.0,-1.0
OP11_ADAPTIVE_EXPLOITER,map_b_split_lane_v2,16,13117,"[0.06951841711997986, 0.0948311984539032, 0.04520551860332489, 0.02880813740193844, 0.5372727513313293, 0.19769664108753204, 0.03779049962759018, 0.014811111614108086, 0.537926197052002, 0.4614894986152649, 0.0, 0.0, 0.0, 0.0, 0.0, 0.0, 0.0, 0.0, 0.0, 0.5385105013847351, 0.46207380294799805, 0.7659110426902771, 0.8565820455551147, 1.0, 1.0, 0.0, 0.4793396592140198, 0.38929301500320435, 0.0, 0.0, 0.0, 1.0, 0.09419384598731995, 0.0]",2.0,2.0
OP11_ADAPTIVE_EXPLOITER,map_b_split_lane_v2,17,13118,"[0.13068033754825592, 0.2701472043991089, 0.03776101395487785, 0.11032360047101974, 0.5446051359176636, 0.34630998969078064, 0.01572411321103573, 0.09661008417606354, 0.4739973843097687, 0.46680447459220886, 0.0, 0.0, 0.0, 0.0, 0.0, 0.0, 0.0, 0.0, 0.0, 0.5331954956054688, 0.5260026454925537, 0.9651034474372864, 0.888451874256134, 1.0, 1.0, 0.0, 0.4465390145778656, 0.4020620286464691, 0.0, 0.0, 0.5, 1.0, 0.21448832750320435, 0.0]",2.0,2.0
OP11_ADAPTIVE_EXPLOITER,map_b_split_lane_v2,18,13119,"[0.08649148792028427, 0.205259770154953, 0.03713070973753929, 0.05747402459383011, 0.6141294240951538, 0.25989630818367004, 0.04891159012913704, 0.2565705478191376, 0.519873857498169, 0.520651638507843, 0.0, 0.0, 0.0, 0.0, 0.0, 0.0, 0.0, 0.0, 0.0, 0.479348361492157, 0.48012614250183105, 0.9067046642303467, 0.8331944942474365, 1.0, 1.0, 0.0, 0.5937079787254333, 0.5584275722503662, 0.0, 0.0, 0.5, 0.5, 0.32961589097976685, 0.0]",1.0,1.0
OP11_ADAPTIVE_EXPLOITER,map_b_split_lane_v2,19,13120,"[0.13820554316043854, 0.5541592836380005, 0.02757515385746956, 0.003729220712557435, 0.5831789374351501, 0.4487486183643341, 0.0608908012509346, 0.13849329948425293, 0.4808369576931, 0.45364847779273987, 0.0, 0.0, 0.0, 0.0, 0.0, 0.0, 0.0, 0.0, 0.0, 0.5463515520095825, 0.5191630125045776, 0.7991169691085815, 0.9101295471191406, 1.0, 1.0, 0.0, 0.48114219307899475, 0.43407347798347473, 0.0, 0.0, 0.0, 0.5, 0.17911426723003387, 0.0]",1.0,1.0
OP11_ADAPTIVE_EXPLOITER,map_b_split_lane_v2,20,13121,"[0.060816578567028046, 0.20570604503154755, 0.012583427131175995, 0.1974525898694992, 0.5672808885574341, 0.29950904846191406, 0.0665908083319664, 0.17664498090744019, 0.5550287961959839, 0.44711655378341675, 0.0, 0.0, 0.0, 0.0, 0.0, 0.0, 0.0, 0.0, 0.0, 0.5528834462165833, 0.4449712038040161, 0.9455397725105286, 0.8415665030479431, 1.0, 1.0, 0.0, 0.5783207416534424, 0.45830732583999634, 0.0, 0.0, 0.5, 0.5, 0.38663285970687866, 0.0]",1.0,1.0
OP11_ADAPTIVE_EXPLOITER,map_b_split_lane_v2,21,13122,"[0.11168993264436722, 0.35498425364494324, 0.06072911620140076, 0.07047553360462189, 0.573475182056427, 0.14340145885944366, 0.06374631822109222, 0.09750743955373764, 0.434611439704895, 0.45323920249938965, 0.0, 0.0, 0.0, 0.0, 0.0, 0.0, 0.0, 0.0, 0.0, 0.5467607975006104, 0.565388560295105, 0.9281861782073975, 0.8549942970275879, 1.0, 1.0, 0.0, 0.5195960402488708, 0.38449573516845703, 0.0, 0.0, 1.0, 0.5, 0.20952720940113068, 0.0]",-1.0,-1.0
OP11_ADAPTIVE_EXPLOITER,map_b_split_lane_v2,22,13123,"[0.12387818098068237, 0.3877789378166199, 0.03783383592963219, 0.24555616080760956, 0.5762386918067932, 0.3152680993080139, 0.009580147452652454, 0.20029249787330627, 0.5208527445793152, 0.5217380523681641, 0.0, 0.0, 0.0, 0.0, 0.0, 0.0, 0.0, 0.0, 0.0, 0.47826194763183594, 0.4791472554206848, 0.7881138324737549, 0.8343846201896667, 1.0, 1.0, 0.0, 0.5501430630683899, 0.42172566056251526, 0.0, 0.0, 0.0, 0.5, 0.44897517561912537, 0.0]",2.0,1.0
OP11_ADAPTIVE_EXPLOITER,map_b_split_lane_v2,23,13124,"[0.07052380591630936, 0.3798023760318756, 0.03968430310487747, 0.24711982905864716, 0.5453235507011414, 0.42703187465667725, 0.0039004043210297823, 0.11693628132343292, 0.5618249177932739, 0.4727143347263336, 0.0, 0.0, 0.0, 0.0, 0.0, 0.0, 0.0, 0.0, 0.0, 0.5272856950759888, 0.4381750822067261, 0.7755592465400696, 0.9262243509292603, 1.0, 1.0, 0.0, 0.5460326671600342, 0.4467844069004059, 0.0, 0.0, 0.0, 1.0, 0.367287278175354, 0.0]",2.0,2.0
OP11_ADAPTIVE_EXPLOITER,map_b_split_lane_v2,24,13125,"[0.11767971515655518, 0.5392547249794006, 0.020000813528895378, 0.03167509287595749, 0.640251100063324, 0.41651681065559387, 0.004590668715536594, 0.04411885142326355, 0.51181560754776, 0.5744402408599854, 0.0, 0.0, 0.0, 0.0, 0.0, 0.0, 0.0, 0.0, 0.0, 0.42555975914001465, 0.48818439245224, 0.8436306715011597, 0.9523172974586487, 1.0, 1.0, 0.0, 0.5395808219909668, 0.5100477933883667, 0.0, 0.0, 0.5, 1.0, 0.08181827515363693, 0.0]",1.0,1.0
OP11_ADAPTIVE_EXPLOITER,map_b_split_lane_v2,25,13126,"[0.09119191020727158, 0.3000818192958832, 0.004995143506675959, 0.11456872522830963, 0.600836455821991, 0.26546385884284973, 0.03621591255068779, 0.1697903722524643, 0.508537232875824, 0.5006216168403625, 0.0, 0.0, 0.0, 0.0, 0.0, 0.0, 0.0, 0.0, 0.0, 0.49937838315963745, 0.491462767124176, 0.9338040351867676, 0.9105491638183594, 1.0, 1.0, 0.0, 0.5486558675765991, 0.4688864052295685, 0.0, 0.0, 1.0, 0.5, 0.28828737139701843, 0.0]",1.0,2.0
OP11_ADAPTIVE_EXPLOITER,map_b_split_lane_v2,26,13127,"[0.09816059470176697, 0.10365302115678787, 0.05018859729170799, 0.08859965205192566, 0.5575545430183411, 0.514094352722168, 0.0318332277238369, 0.06671325862407684, 0.4805700480937958, 0.46458399295806885, 0.0, 0.0, 0.0, 0.0, 0.0, 0.0, 0.0, 0.0, 0.0, 0.5354160070419312, 0.5194299221038818, 0.8209869861602783, 0.8796809911727905, 1.0, 1.0, 0.0, 0.6176762580871582, 0.45552194118499756, 0.0, 0.0, 0.5, 0.5, 0.17574623227119446, 0.0]",1.0,1.0
OP11_ADAPTIVE_EXPLOITER,map_b_split_lane_v2,27,13128,"[0.08766292035579681, 0.3530884385108948, 0.0022126296535134315, 0.015953442081809044, 0.5536388754844666, 0.31014201045036316, 0.04835336282849312, 0.12054064869880676, 0.5114288330078125, 0.4413663148880005, 0.0, 0.0, 0.0, 0.0, 0.0, 0.0, 0.0, 0.0, 0.0, 0.5586336851119995, 0.4885711669921875, 0.9786189794540405, 0.8770447373390198, 1.0, 1.0, 0.0, 0.4824788570404053, 0.42433616518974304, 0.0, 0.0, 1.0, 1.0, 0.14598336815834045, 0.0]",1.0,1.0
OP11_ADAPTIVE_EXPLOITER,map_b_split_lane_v2,28,13129,"[0.1082955151796341, 0.21893110871315002, 0.05210847407579422, 0.13520056009292603, 0.6046286225318909, 0.49441805481910706, 0.0037727162707597017, 0.004615215118974447, 0.516686737537384, 0.5497438907623291, 0.0, 0.0, 0.0, 0.0, 0.0, 0.0, 0.0, 0.0, 0.0, 0.4502561092376709, 0.48331326246261597, 0.985464870929718, 0.8635518550872803, 1.0, 1.0, 0.0, 0.5855667591094971, 0.5636138916015625, 0.0, 0.0, 0.5, 1.0, 0.15085573494434357, 0.0]",2.0,2.0
OP11_ADAPTIVE_EXPLOITER,map_b_split_lane_v2,29,13130,"[0.11166183650493622, 0.5366359949111938, 0.009738367050886154, 0.026397213339805603, 0.632324755191803, 0.28366997838020325, 0.015436604619026184, 0.09189854562282562, 0.5045843720436096, 0.5696343183517456, 0.0, 0.0, 0.0, 0.0, 0.0, 0.0, 0.0, 0.0, 0.0, 0.4303656816482544, 0.4954156279563904, 0.8353192806243896, 0.9483523964881897, 1.0, 1.0, 0.0, 0.5860744118690491, 0.5433158874511719, 0.0, 0.0, 0.5, 1.0, 0.12132225930690765, 0.0]",1.0,2.0
OP11_ADAPTIVE_EXPLOITER,map_b_split_lane_v2,30,13131,"[0.09225153177976608, 0.2670399844646454, 0.009429240599274635, 0.20196318626403809, 0.654599666595459, 0.19477634131908417, 0.006178492214530706, 0.07231609523296356, 0.5309228301048279, 0.5963681936264038, 0.0, 0.0, 0.0, 0.0, 0.0, 0.0, 0.0, 0.0, 0.0, 0.4036318063735962, 0.4690771698951721, 0.8839166760444641, 0.8949093222618103, 1.0, 1.0, 0.0, 0.6049370765686035, 0.5497434735298157, 0.0, 0.0, 0.5, 0.5, 0.27476274967193604, 0.0]",1.0,2.0
OP11_ADAPTIVE_EXPLOITER,map_b_split_lane_v2,31,13132,"[0.06266212463378906, 0.16736046969890594, 0.04626841098070145, 0.09695988148450851, 0.5964275002479553, 0.4190724492073059, 0.055553242564201355, 0.2435465157032013, 0.5001350045204163, 0.5626502633094788, 0.0, 0.0, 0.0, 0.0, 0.0, 0.0, 0.0, 0.0, 0.0, 0.43734973669052124, 0.49986499547958374, 0.9029263257980347, 0.8148280382156372, 1.0, 1.0, 0.0, 0.6432781219482422, 0.5502617359161377, 0.0, 0.0, 0.5, 0.5, 0.3572356700897217, 0.0]",1.0,1.0
