checkpoint,opponent,latent_z,map,episode_index,cell_seed,episode_seed,success,blue_score,red_score,steps,return,zone_coverage,collision_free,win_margin,time_to_first_score,mean_inter_robot_dist,episode_start_phase,fixed_latent_id,outcome,collisions_per_episode,collision_events_per_episode,obstacle_collision_events_per_episode,blue_stuck_steps,red_stuck_steps,blue_blocked_movement_events,blue_obstacle_collision_events,blue_route_switches,blue_attack_upper_crossings,blue_attack_lower_crossings,blue_return_upper_crossings,blue_return_lower_crossings,blue_intercept_upper_crossings,blue_intercept_lower_crossings,blue_upper_lane_steps,blue_lower_lane_steps,blue_neutral_lane_steps,blue_movement_attempts,blue_successful_movement_steps,blue_repeated_blocked_movement_events,near_misses_per_episode,decision_steps,reward_total,reward_sparse_points,reward_offense,behavior_team_spread,behavior_num_attackers,behavior_num_defenders,behavior_num_go_to,behavior_carrier_escort_count,behavior_nearest_blue_to_carrier,behavior_nearest_blue_to_enemy_carrier,behavior_n_intercept_near_enemy_carrier,behavior_avg_blue_to_enemy_flag,behavior_avg_blue_to_own_flag,behavior_intercept_pressure,behavior_defense_pressure,behavior_attack_defense_ratio,coord_pairwise_head0_pearson_mean,coord_head0_team_agreement_rate,coord_full_action_team_agreement_rate,coord_trajectory_steps,strategy_switches,strategy_switch_rate,strategy_resamples,strategy_resample_rate,strategy_unique_count,strategy_entropy_mean,strategy_dominant,strategy_occupancy_0,strategy_occupancy_1,strategy_occupancy_2,strategy_occupancy_3,strategy_phase_blue_attack_occupancy_0,strategy_phase_blue_attack_occupancy_1,strategy_phase_blue_attack_occupancy_2,strategy_phase_blue_attack_occupancy_3,strategy_phase_blue_defense_occupancy_0,strategy_phase_blue_defense_occupancy_1,strategy_phase_blue_defense_occupancy_2,strategy_phase_blue_defense_occupancy_3,strategy_phase_both_flags_occupancy_0,strategy_phase_both_flags_occupancy_1,strategy_phase_both_flags_occupancy_2,strategy_phase_both_flags_occupancy_3,strategy_phase_neutral_occupancy_0,strategy_phase_neutral_occupancy_1,strategy_phase_neutral_occupancy_2,strategy_phase_neutral_occupancy_3
artifacts\v6i22b_div005_5u_seed1\final_v6i22b_div005_5u_seed1_2v2.zip,OP8,0,map_b,0,42,42,1,3,2,240,-5.026808413153049,0.7599999904632568,0,1,107.0,7.347174072265625,neutral,0,win,1,1,14,0,0,0,2,6,2,6,0,3,0,4,23,173,284,480,480,0,50,240,0.5358268618583679,100.0,0.4367743134498596,0.07379626969147163,0.9708333333333333,0.5208333333333334,0.5,0.4041666666666667,0.6940620119062563,0.968991432711482,0.42083333333333334,0.18913229349612568,0.3045546573586762,0.8709176545341809,0.8247327983379364,0.6135416666666667,0.04677528289734546,0.2625,0.029166666666666667,240.0,0,0.0,0,0.0,1,0.0,0,1.0,0.0,0.0,0.0,1.0,0.0,0.0,0.0,1.0,0.0,0.0,0.0,1.0,0.0,0.0,0.0,1.0,0.0,0.0,0.0
artifacts\v6i22b_div005_5u_seed1\final_v6i22b_div005_5u_seed1_2v2.zip,OP8,0,map_b,1,42,43,1,3,2,213,-5.465054964268347,0.6399999856948853,0,1,81.0,7.198740211450998,neutral,0,win,1,1,17,0,0,0,0,3,2,2,0,3,0,11,14,174,238,426,426,0,34,213,0.5773540735244751,100.0,0.4819229543209076,0.06418879409736031,0.9389671361502347,0.596244131455399,0.4647887323943662,0.6525821596244131,0.4393040693929078,0.5433173638729143,0.8544600938967136,0.11755482080729215,0.29634053837245616,0.9301180134356861,0.9141553108680975,0.5856807511737089,0.1907967381694419,0.22065727699530516,0.0,213.0,0,0.0,0,0.0,1,0.0,0,1.0,0.0,0.0,0.0,1.0,0.0,0.0,0.0,1.0,0.0,0.0,0.0,1.0,0.0,0.0,0.0,1.0,0.0,0.0,0.0
artifacts\v6i22b_div005_5u_seed1\final_v6i22b_div005_5u_seed1_2v2.zip,OP8,1,map_b,0,42,42,1,3,2,176,-3.8523720095690805,0.6399999856948853,1,1,62.0,6.5917746803977275,neutral,1,win,0,0,18,0,0,0,2,4,2,2,0,3,0,5,19,117,216,352,352,0,38,176,0.5916467905044556,100.0,0.5716415643692017,0.04329644035897218,0.875,0.4943181818181818,0.6193181818181818,0.6647727272727273,0.5058329053201966,0.7311367011332716,0.6477272727272727,0.12596029882975432,0.3187223661013625,0.9092513485388323,0.8786703849380667,0.5951704545454546,0.012200351835585776,0.2784090909090909,0.03977272727272727,176.0,0,0.0,0,0.0,1,0.0,1,0.0,1.0,0.0,0.0,0.0,1.0,0.0,0.0,0.0,1.0,0.0,0.0,0.0,1.0,0.0,0.0,0.0,1.0,0.0,0.0
artifacts\v6i22b_div005_5u_seed1\final_v6i22b_div005_5u_seed1_2v2.zip,OP8,1,map_b,1,42,43,1,3,2,197,-4.587626354594249,0.7599999904632568,1,1,62.0,7.49292673798382,neutral,1,win,0,0,11,0,0,0,0,3,2,4,0,3,0,6,25,146,223,394,394,0,40,197,0.7808641791343689,200.0,1.04443359375,0.08570326160790805,0.9035532994923858,0.5228426395939086,0.5228426395939086,0.5532994923857868,0.5095593347899654,0.6646176574439718,0.6395939086294417,0.1447245145575876,0.2948495547670096,0.9193980745252619,0.8881234408635174,0.6015228426395939,-0.14936292078063218,0.1065989847715736,0.0,197.0,0,0.0,0,0.0,1,0.0,1,0.0,1.0,0.0,0.0,0.0,1.0,0.0,0.0,0.0,1.0,0.0,0.0,0.0,1.0,0.0,0.0,0.0,1.0,0.0,0.0
artifacts\v6i22b_div005_5u_seed1\final_v6i22b_div005_5u_seed1_2v2.zip,OP8,2,map_b,0,42,42,1,3,0,188,-2.480009026970947,0.6800000071525574,0,3,56.0,6.793712859458112,neutral,2,win,2,2,6,0,0,0,1,6,0,2,0,3,2,5,18,116,242,376,376,0,30,188,0.6079872846603394,100.0,0.5622029304504395,0.04291193180301405,0.8776595744680851,0.6223404255319149,0.48936170212765956,0.6329787234042553,0.4960235578225965,0.7293006188999069,0.8297872340425532,0.13625169682138144,0.2811103692833096,0.9023533821740048,0.9102177378979135,0.5638297872340425,-0.11717436226905427,0.21808510638297873,0.0,188.0,0,0.0,0,0.0,1,0.0,2,0.0,0.0,1.0,0.0,0.0,0.0,1.0,0.0,0.0,0.0,1.0,0.0,0.0,0.0,1.0,0.0,0.0,0.0,1.0,0.0
artifacts\v6i22b_div005_5u_seed1\final_v6i22b_div005_5u_seed1_2v2.zip,OP8,2,map_b,1,42,43,1,3,2,187,-4.869052248541266,0.7999999523162842,1,1,65.0,7.0645484312332885,neutral,2,win,0,0,14,0,0,0,2,1,1,3,0,3,0,5,20,133,221,374,374,0,38,187,0.5889848470687866,100.0,0.5397354364395142,0.08755252247347552,0.786096256684492,0.6310160427807486,0.5294117647058824,0.5561497326203209,0.40459534428256716,0.5156512456363376,0.7914438502673797,0.1265071652291771,0.30061535636849585,0.9458773757684678,0.9211908017887789,0.5401069518716578,-0.03609016413341057,0.1443850267379679,0.0106951871657754,187.0,0,0.0,0,0.0,1,0.0,2,0.0,0.0,1.0,0.0,0.0,0.0,1.0,0.0,0.0,0.0,1.0,0.0,0.0,0.0,1.0,0.0,0.0,0.0,1.0,0.0
artifacts\v6i22b_div005_5u_seed1\final_v6i22b_div005_5u_seed1_2v2.zip,OP8,3,map_b,0,42,42,1,3,2,193,-3.6659296904399525,0.7199999690055847,1,1,68.0,7.282989976319624,neutral,3,win,0,0,12,0,0,0,2,1,1,3,0,3,0,5,14,136,236,386,386,0,31,193,0.7816604971885681,200.0,1.0505954027175903,0.07601907531793563,0.8134715025906736,0.5544041450777202,0.6217616580310881,0.5647668393782384,0.46713189299126673,0.7808621932651095,0.6683937823834197,0.1406531350426569,0.30400797446774697,0.9236383740766061,0.8894955367621981,0.5647668393782384,-0.2050536319349873,0.16580310880829016,0.02072538860103627,193.0,0,0.0,0,0.0,1,0.0,3,0.0,0.0,0.0,1.0,0.0,0.0,0.0,1.0,0.0,0.0,0.0,1.0,0.0,0.0,0.0,1.0,0.0,0.0,0.0,1.0
artifacts\v6i22b_div005_5u_seed1\final_v6i22b_div005_5u_seed1_2v2.zip,OP8,3,map_b,1,42,43,0,2,3,194,-5.238062270305818,0.7599999904632568,0,-1,54.0,7.791177965931056,neutral,3,loss,1,1,11,0,0,0,1,7,2,3,1,2,2,4,59,84,245,388,388,0,20,194,-0.5733722448348999,-100.0,-0.4676840603351593,0.06969357782629193,0.8556701030927835,0.4639175257731959,0.6804123711340206,0.6494845360824743,0.45715411235914405,0.8887268913064882,0.5103092783505154,0.1310984818120823,0.32879908140940767,0.9227165278700209,0.871013240715892,0.5979381443298969,-0.14476210659152938,0.2268041237113402,0.07731958762886598,194.0,0,0.0,0,0.0,1,0.0,3,0.0,0.0,0.0,1.0,0.0,0.0,0.0,1.0,0.0,0.0,0.0,1.0,0.0,0.0,0.0,1.0,0.0,0.0,0.0,1.0
artifacts\v6i22b_div005_5u_seed1\final_v6i22b_div005_5u_seed1_2v2.zip,OP8,0,map_b_split_lane_v2,0,142,142,0,2,3,160,-5.765876126009971,0.5999999642372131,0,-1,57.0,6.663413238525391,neutral,0,loss,2,2,4,0,0,0,1,6,4,1,0,3,0,5,37,137,146,320,320,0,27,160,-0.6066868305206299,-100.0,-0.467462956905365,0.06777565862284973,0.8875,0.6875,0.425,0.6125,0.4661224322509952,0.6327906669466756,0.73125,0.13262489853659645,0.2927117996383458,0.9238336641341448,0.9100209537893533,0.55,-0.27124723548488744,0.175,0.0,160.0,0,0.0,0,0.0,1,0.0,0,1.0,0.0,0.0,0.0,1.0,0.0,0.0,0.0,1.0,0.0,0.0,0.0,1.0,0.0,0.0,0.0,1.0,0.0,0.0,0.0
artifacts\v6i22b_div005_5u_seed1\final_v6i22b_div005_5u_seed1_2v2.zip,OP8,0,map_b_split_lane_v2,1,142,143,0,2,3,166,-4.327831259404775,0.5600000023841858,1,-1,56.0,7.318150531814759,neutral,0,loss,0,0,3,0,0,0,1,4,3,3,0,3,1,4,31,152,149,332,332,0,34,166,-0.6380454301834106,-100.0,-0.4672528803348541,0.060824413548212455,0.8554216867469879,0.5542168674698795,0.5903614457831325,0.6506024096385542,0.47288047256374577,0.7799427903156324,0.5481927710843374,0.1311538865430707,0.3091424102838858,0.9239828385502459,0.882488873708679,0.5753012048192772,-0.13594143092299996,0.3132530120481928,0.024096385542168676,166.0,0,0.0,0,0.0,1,0.0,0,1.0,0.0,0.0,0.0,1.0,0.0,0.0,0.0,1.0,0.0,0.0,0.0,1.0,0.0,0.0,0.0,1.0,0.0,0.0,0.0
artifacts\v6i22b_div005_5u_seed1\final_v6i22b_div005_5u_seed1_2v2.zip,OP8,1,map_b_split_lane_v2,0,142,142,1,3,2,182,-4.8133201985911,0.6399999856948853,1,1,70.0,6.8413454831301515,neutral,1,win,0,0,11,0,0,0,4,3,1,3,0,3,0,6,11,145,208,364,364,0,35,182,0.48121219873428345,100.0,-0.06330115348100662,0.07506111003253814,0.8186813186813187,0.4725274725274725,0.7087912087912088,0.5164835164835165,0.5272126783320046,0.7672210470005706,0.7087912087912088,0.14549757583210102,0.26308910209931186,0.9198249928898864,0.877102479502395,0.5865384615384616,0.07158323807153245,0.25274725274725274,0.027472527472527472,182.0,0,0.0,0,0.0,1,0.0,1,0.0,1.0,0.0,0.0,0.0,1.0,0.0,0.0,0.0,1.0,0.0,0.0,0.0,1.0,0.0,0.0,0.0,1.0,0.0,0.0
artifacts\v6i22b_div005_5u_seed1\final_v6i22b_div005_5u_seed1_2v2.zip,OP8,1,map_b_split_lane_v2,1,142,143,0,1,3,109,-3.730871056992328,0.5600000023841858,1,-2,45.0,7.5529208402021215,neutral,1,loss,0,0,1,0,0,0,1,4,3,1,0,2,0,2,22,72,124,218,218,0,20,109,-0.5994770526885986,-100.0,-0.4665330946445465,0.0553288942527607,0.981651376146789,0.4954128440366973,0.5045871559633027,0.7155963302752294,0.4389911615759681,0.6338143530173586,0.7064220183486238,0.12642154018950025,0.2986106802837564,0.9269034556292612,0.89087281697387,0.6192660550458715,0.14474657310590888,0.22935779816513763,0.03669724770642202,109.0,0,0.0,0,0.0,1,0.0,1,0.0,1.0,0.0,0.0,0.0,1.0,0.0,0.0,0.0,1.0,0.0,0.0,0.0,1.0,0.0,0.0,0.0,1.0,0.0,0.0
artifacts\v6i22b_div005_5u_seed1\final_v6i22b_div005_5u_seed1_2v2.zip,OP8,2,map_b_split_lane_v2,0,142,142,1,3,2,158,-4.33880443093949,0.5600000023841858,1,1,60.0,6.2249728818482994,neutral,2,win,0,0,2,0,0,0,0,4,2,1,0,3,1,5,31,140,145,316,316,0,34,158,0.595212459564209,100.0,0.5823145508766174,0.08988250922883236,0.6645569620253164,0.7025316455696202,0.6139240506329114,0.5189873417721519,0.4017414057132187,0.5859286793731625,0.8417721518987342,0.13034970730048004,0.2731381063880045,0.9557646890229816,0.9376387060443058,0.48575949367088606,-0.21698193133580418,0.189873417721519,0.012658227848101266,158.0,0,0.0,0,0.0,1,0.0,2,0.0,0.0,1.0,0.0,0.0,0.0,1.0,0.0,0.0,0.0,1.0,0.0,0.0,0.0,1.0,0.0,0.0,0.0,1.0,0.0
artifacts\v6i22b_div005_5u_seed1\final_v6i22b_div005_5u_seed1_2v2.zip,OP8,2,map_b_split_lane_v2,1,142,143,1,3,2,154,-3.52451235888293,0.5199999809265137,1,1,55.0,7.103421297940341,neutral,2,win,0,0,5,0,0,0,3,2,2,1,0,3,0,6,11,146,151,308,308,0,33,154,0.5969096422195435,100.0,0.5926164984703064,0.06028402334853233,0.8896103896103896,0.6753246753246753,0.43506493506493504,0.6298701298701299,0.45278097154548413,0.5316868375672342,0.8766233766233766,0.1275093308226629,0.2822684446083648,0.9287916344481629,0.9287779938865017,0.5535714285714286,-0.1481525470681703,0.06493506493506493,0.0,154.0,0,0.0,0,0.0,1,0.0,2,0.0,0.0,1.0,0.0,0.0,0.0,1.0,0.0,0.0,0.0,1.0,0.0,0.0,0.0,1.0,0.0,0.0,0.0,1.0,0.0
artifacts\v6i22b_div005_5u_seed1\final_v6i22b_div005_5u_seed1_2v2.zip,OP8,3,map_b_split_lane_v2,0,142,142,1,3,2,184,-4.666126735944999,0.5999999642372131,1,1,63.0,6.751993593962296,neutral,3,win,0,0,7,0,0,0,6,7,3,4,0,3,0,3,24,132,212,368,368,0,34,184,0.5553667545318604,100.0,0.550472617149353,0.0888629512982848,0.7010869565217391,0.6032608695652174,0.6793478260869565,0.46195652173913043,0.5493257787058373,0.8399119861120277,0.6141304347826086,0.14725769361298854,0.2907216431492049,0.9271197685081026,0.8680414550978205,0.5230978260869565,-0.41760058008219325,0.21195652173913043,0.005434782608695652,184.0,0,0.0,0,0.0,1,0.0,3,0.0,0.0,0.0,1.0,0.0,0.0,0.0,1.0,0.0,0.0,0.0,1.0,0.0,0.0,0.0,1.0,0.0,0.0,0.0,1.0
artifacts\v6i22b_div005_5u_seed1\final_v6i22b_div005_5u_seed1_2v2.zip,OP8,3,map_b_split_lane_v2,1,142,143,0,1,3,108,-4.022151957236929,0.5199999809265137,0,-2,43.0,7.544356734664352,neutral,3,loss,1,1,2,0,0,0,0,4,4,0,0,2,0,1,40,57,119,216,216,0,17,108,-0.5978258848190308,-100.0,-0.4663243889808655,0.07224063902093028,0.7962962962962963,0.5277777777777778,0.6759259259259259,0.5740740740740741,0.4516477800077862,0.6891578479790715,0.6296296296296297,0.13156722591224093,0.3085395659285563,0.936431035399437,0.8795468558867773,0.5671296296296297,-0.2073901294102335,0.2777777777777778,0.037037037037037035,108.0,0,0.0,0,0.0,1,0.0,3,0.0,0.0,0.0,1.0,0.0,0.0,0.0,1.0,0.0,0.0,0.0,1.0,0.0,0.0,0.0,1.0,0.0,0.0,0.0,1.0
artifacts\v6i22b_div005_5u_seed1\final_v6i22b_div005_5u_seed1_2v2.zip,OP9,0,map_b,0,1042,1042,1,3,1,139,-3.901765319373226,0.5999999642372131,1,2,53.0,5.557108707565198,neutral,0,win,0,0,7,0,0,0,3,3,2,4,2,1,0,0,28,60,190,278,278,0,99,139,0.760547935962677,150.0,1.191249966621399,0.10828949410548742,0.9640287769784173,0.4172661870503597,0.5827338129496403,0.31654676258992803,0.7041126154631162,1.319109847514535,0.16546762589928057,0.19165924245076213,0.305579657123672,0.8901670991087989,0.7319861671907438,0.6420863309352518,0.12214789354841735,0.33093525179856115,0.0,139.0,0,0.0,0,0.0,1,0.0,0,1.0,0.0,0.0,0.0,1.0,0.0,0.0,0.0,1.0,0.0,0.0,0.0,1.0,0.0,0.0,0.0,1.0,0.0,0.0,0.0
artifacts\v6i22b_div005_5u_seed1\final_v6i22b_div005_5u_seed1_2v2.zip,OP9,0,map_b,1,1042,1043,0,1,2,240,-13.733163222059375,0.6800000071525574,0,-1,160.0,6.152995808919271,neutral,0,loss,1,1,13,0,0,0,4,9,3,6,0,1,1,3,29,138,313,480,480,0,127,240,-0.6124987602233887,-100.0,-0.5,0.12613918251590803,1.075,0.17083333333333334,0.7375,0.12916666666666668,1.1672293406911194,1.3199862163048237,0.175,0.26364324119252464,0.290774477723365,0.8227343045175075,0.6633722911278407,0.725,-0.0733323920590064,0.39166666666666666,0.020833333333333332,240.0,0,0.0,0,0.0,1,0.0,0,1.0,0.0,0.0,0.0,1.0,0.0,0.0,0.0,1.0,0.0,0.0,0.0,1.0,0.0,0.0,0.0,1.0,0.0,0.0,0.0
artifacts\v6i22b_div005_5u_seed1\final_v6i22b_div005_5u_seed1_2v2.zip,OP9,1,map_b,0,1042,1042,1,3,0,164,-4.214386065228609,0.5600000023841858,0,3,90.0,5.286653844321647,neutral,1,win,2,2,8,0,0,0,3,2,1,5,0,3,0,3,13,105,210,328,328,0,99,164,0.6134985685348511,100.0,0.6086301803588867,0.1043559130531077,0.9573170731707317,0.36585365853658536,0.676829268292683,0.3170731707317073,0.8625062408107447,1.1655598978580135,0.43902439024390244,0.2165784336194941,0.2712086604726387,0.864770630147399,0.7659722711981797,0.6478658536585366,-0.10024509935301584,0.32926829268292684,0.03048780487804878,164.0,0,0.0,0,0.0,1,0.0,1,0.0,1.0,0.0,0.0,0.0,1.0,0.0,0.0,0.0,1.0,0.0,0.0,0.0,1.0,0.0,0.0,0.0,1.0,0.0,0.0
artifacts\v6i22b_div005_5u_seed1\final_v6i22b_div005_5u_seed1_2v2.zip,OP9,1,map_b,1,1042,1043,1,3,1,181,-7.221645888435887,0.6800000071525574,0,2,105.0,5.916781093534185,neutral,1,win,3,3,8,0,0,0,1,7,2,3,0,3,2,9,27,107,228,362,362,0,92,181,0.6156965494155884,100.0,0.5652559995651245,0.12485750921029412,1.0165745856353592,0.20441988950276244,0.7624309392265194,0.2541436464088398,0.9477951132502016,0.8604579112435902,0.6795580110497238,0.23377050311196576,0.2472790340116011,0.8602410571351236,0.8121828436851501,0.7071823204419889,-0.10864951545424181,0.36464088397790057,0.03314917127071823,181.0,0,0.0,0,0.0,1,0.0,1,0.0,1.0,0.0,0.0,0.0,1.0,0.0,0.0,0.0,1.0,0.0,0.0,0.0,1.0,0.0,0.0,0.0,1.0,0.0,0.0
artifacts\v6i22b_div005_5u_seed1\final_v6i22b_div005_5u_seed1_2v2.zip,OP9,2,map_b,0,1042,1042,1,1,0,240,-11.198129038180923,0.6800000071525574,1,1,77.0,6.707903544108073,neutral,2,win,0,0,8,0,0,0,2,6,7,7,0,1,0,0,81,86,313,480,480,0,117,240,0.1845349669456482,0.0,0.0,0.1278114471429338,0.9666666666666667,0.16666666666666666,0.8333333333333334,0.0875,1.2076365430218479,1.5,0.0,0.2757952241459861,0.30920443915141127,0.8004086437324683,0.6026504161457221,0.7083333333333334,0.06939440203951912,0.4875,0.05,240.0,0,0.0,0,0.0,1,0.0,2,0.0,0.0,1.0,0.0,0.0,0.0,1.0,0.0,,,,,,,,,0.0,0.0,1.0,0.0
artifacts\v6i22b_div005_5u_seed1\final_v6i22b_div005_5u_seed1_2v2.zip,OP9,2,map_b,1,1042,1043,1,3,1,184,-6.561380468716379,0.5999999642372131,0,2,106.0,5.099524124808934,neutral,2,win,2,2,3,0,0,0,1,3,2,2,0,3,0,8,11,117,240,368,368,0,94,184,0.6112806797027588,100.0,0.5347040891647339,0.09759808474969443,1.0108695652173914,0.27717391304347827,0.7119565217391305,0.27717391304347827,0.8894572642166167,0.8703801837931995,0.75,0.21766779720580773,0.24408190488896292,0.8574762768719507,0.8110641668672147,0.6834239130434783,0.11322786889252859,0.43478260869565216,0.043478260869565216,184.0,0,0.0,0,0.0,1,0.0,2,0.0,0.0,1.0,0.0,0.0,0.0,1.0,0.0,0.0,0.0,1.0,0.0,0.0,0.0,1.0,0.0,0.0,0.0,1.0,0.0
artifacts\v6i22b_div005_5u_seed1\final_v6i22b_div005_5u_seed1_2v2.zip,OP9,3,map_b,0,1042,1042,1,1,0,240,-12.302927347976947,0.6399999856948853,0,1,221.0,6.4980016072591145,neutral,3,win,3,3,7,0,0,0,1,3,2,9,0,1,0,1,29,136,315,480,480,0,127,240,0.22449259459972382,0.0,-0.039735112339258194,0.1293725653551519,1.1083333333333334,0.12083333333333333,0.7208333333333333,0.10416666666666667,1.2003769602471341,1.3844384818105027,0.11666666666666667,0.27579959625533473,0.29738311044250926,0.8157607488334179,0.6290901251137256,0.7572916666666667,-0.0867609446642187,0.4791666666666667,0.029166666666666667,240.0,0,0.0,0,0.0,1,0.0,3,0.0,0.0,0.0,1.0,0.0,0.0,0.0,1.0,0.0,0.0,0.0,1.0,0.0,0.0,0.0,1.0,0.0,0.0,0.0,1.0
artifacts\v6i22b_div005_5u_seed1\final_v6i22b_div005_5u_seed1_2v2.zip,OP9,3,map_b,1,1042,1043,1,3,1,118,-1.6345381480641663,0.47999998927116394,0,2,53.0,5.715934624106197,neutral,3,win,1,1,6,0,0,0,4,0,0,5,0,3,0,6,0,102,134,236,236,0,66,118,0.6302447319030762,100.0,0.6584047079086304,0.10319608650407043,0.7457627118644068,0.3389830508474576,0.9152542372881356,0.3644067796610169,0.6612189890090692,0.8444617273349125,0.7288135593220338,0.18224531558926327,0.2496598006810172,0.9126097191188295,0.8456313236285065,0.6016949152542372,-0.23283108576926242,0.3474576271186441,0.03389830508474576,118.0,0,0.0,0,0.0,1,0.0,3,0.0,0.0,0.0,1.0,0.0,0.0,0.0,1.0,0.0,0.0,0.0,1.0,0.0,0.0,0.0,1.0,0.0,0.0,0.0,1.0
artifacts\v6i22b_div005_5u_seed1\final_v6i22b_div005_5u_seed1_2v2.zip,OP9,0,map_b_split_lane_v2,0,1142,1142,1,3,2,152,-5.26505547540728,0.5999999642372131,0,1,74.0,5.925236350611637,neutral,0,win,3,3,4,0,0,0,4,8,2,4,0,3,2,1,42,92,170,304,304,0,72,152,0.563889741897583,100.0,0.5946199893951416,0.08381559422827865,0.9671052631578947,0.375,0.6578947368421053,0.3092105263157895,0.8400585958121443,0.9602928474349411,0.5855263157894737,0.2117219897305691,0.2598490320195101,0.8629926352908737,0.8071828547276949,0.6480263157894737,-0.10502866137196222,0.3157894736842105,0.006578947368421052,152.0,0,0.0,0,0.0,1,0.0,0,1.0,0.0,0.0,0.0,1.0,0.0,0.0,0.0,1.0,0.0,0.0,0.0,1.0,0.0,0.0,0.0,1.0,0.0,0.0,0.0
artifacts\v6i22b_div005_5u_seed1\final_v6i22b_div005_5u_seed1_2v2.zip,OP9,0,map_b_split_lane_v2,1,1142,1143,0,0,0,240,-14.552592763240682,0.5999999642372131,0,0,nan,5.870716349283854,neutral,0,draw,3,3,7,0,0,0,3,7,7,7,0,0,0,0,115,93,272,480,480,0,122,240,-0.14429625868797302,0.0,0.11733724176883698,0.10752422347820054,1.1666666666666667,0.10833333333333334,0.7041666666666667,0.058333333333333334,1.266592966687555,1.5,0.0,0.2780846092694749,0.2854868369176984,0.805350557466348,0.6088253282010555,0.7697916666666667,0.09023744979310032,0.5125,0.04583333333333333,240.0,0,0.0,0,0.0,1,0.0,0,1.0,0.0,0.0,0.0,1.0,0.0,0.0,0.0,,,,,,,,,1.0,0.0,0.0,0.0
artifacts\v6i22b_div005_5u_seed1\final_v6i22b_div005_5u_seed1_2v2.zip,OP9,1,map_b_split_lane_v2,0,1142,1142,0,0,0,240,-15.6412555880961,0.6800000071525574,1,0,nan,6.4592442830403645,neutral,1,draw,0,0,13,0,0,0,3,12,5,9,0,0,0,0,67,180,233,480,480,0,126,240,-0.17316456139087677,0.0,0.0,0.10463121013017371,1.2458333333333333,0.10416666666666667,0.6333333333333333,0.041666666666666664,1.3658619807101786,1.5,0.0,0.2912180584855378,0.2797258018826445,0.7855449249347051,0.5824667543172837,0.7885416666666667,0.12622175611947528,0.5166666666666667,0.05416666666666667,240.0,0,0.0,0,0.0,1,0.0,1,0.0,1.0,0.0,0.0,0.0,1.0,0.0,0.0,,,,,,,,,0.0,1.0,0.0,0.0
artifacts\v6i22b_div005_5u_seed1\final_v6i22b_div005_5u_seed1_2v2.zip,OP9,1,map_b_split_lane_v2,1,1142,1143,1,3,1,139,-2.7760982062027324,0.5999999642372131,0,2,57.0,5.6018891917715825,neutral,1,win,4,4,3,0,0,0,1,8,1,3,1,2,1,1,49,65,164,278,278,0,73,139,0.6234580278396606,100.0,0.618681013584137,0.08630788546698771,1.0287769784172662,0.3597122302158273,0.5971223021582733,0.35251798561151076,0.7837783059761892,1.1340959622866387,0.4244604316546763,0.18794074041514303,0.2655452344593384,0.8709359614969158,0.8034054812767523,0.6672661870503597,0.05669535738231822,0.33093525179856115,0.02877697841726619,139.0,0,0.0,0,0.0,1,0.0,1,0.0,1.0,0.0,0.0,0.0,1.0,0.0,0.0,0.0,1.0,0.0,0.0,0.0,1.0,0.0,0.0,0.0,1.0,0.0,0.0
artifacts\v6i22b_div005_5u_seed1\final_v6i22b_div005_5u_seed1_2v2.zip,OP9,2,map_b_split_lane_v2,0,1142,1142,0,1,1,240,-13.4952775099664,0.6800000071525574,0,0,107.0,6.229404703776042,neutral,2,draw,1,1,5,0,0,0,1,8,3,7,0,1,0,2,26,207,247,480,480,0,106,240,-0.1235395222902298,0.0,0.0,0.08760989903627585,0.9583333333333334,0.14166666666666666,0.9,0.09583333333333334,1.2416640600655229,1.3415139987599105,0.19166666666666668,0.2638859651905174,0.26451995025078456,0.8066861468056837,0.649440863976876,0.7041666666666667,0.0571783939635142,0.5,0.029166666666666667,240.0,0,0.0,0,0.0,1,0.0,2,0.0,0.0,1.0,0.0,0.0,0.0,1.0,0.0,0.0,0.0,1.0,0.0,0.0,0.0,1.0,0.0,0.0,0.0,1.0,0.0
artifacts\v6i22b_div005_5u_seed1\final_v6i22b_div005_5u_seed1_2v2.zip,OP9,2,map_b_split_lane_v2,1,1142,1143,1,1,0,240,-12.001810847374145,0.5999999642372131,0,1,112.0,6.145285034179688,neutral,2,win,1,1,11,0,0,0,5,6,7,9,0,1,0,0,90,120,270,480,480,0,131,240,0.23222261667251587,0.0,0.0,0.09952779472223483,0.9333333333333333,0.13333333333333333,0.925,0.12083333333333333,1.2347472281971326,1.481758513720706,0.025,0.2717874828027561,0.27578975275779766,0.8079235710203647,0.6445539250969887,0.7,-0.01810877205038793,0.37916666666666665,0.008333333333333333,240.0,0,0.0,0,0.0,1,0.0,2,0.0,0.0,1.0,0.0,0.0,0.0,1.0,0.0,0.0,0.0,1.0,0.0,0.0,0.0,1.0,0.0,0.0,0.0,1.0,0.0
artifacts\v6i22b_div005_5u_seed1\final_v6i22b_div005_5u_seed1_2v2.zip,OP9,3,map_b_split_lane_v2,0,1142,1142,1,3,1,94,-1.4951333817152772,0.7199999690055847,0,2,35.0,5.705844960314162,neutral,3,win,1,1,0,0,0,0,0,2,2,1,0,3,0,5,29,89,70,188,188,0,39,94,0.6413739919662476,100.0,0.7438576817512512,0.09688717918470502,0.8191489361702128,0.46808510638297873,0.6808510638297872,0.3617021276595745,0.6770798801345393,0.7332718944018508,0.723404255319149,0.18397598398571952,0.3155355323502358,0.9106264228516436,0.8755044062086876,0.5904255319148937,-0.18699093494852825,0.23404255319148937,0.0,94.0,0,0.0,0,0.0,1,0.0,3,0.0,0.0,0.0,1.0,0.0,0.0,0.0,1.0,0.0,0.0,0.0,1.0,0.0,0.0,0.0,1.0,0.0,0.0,0.0,1.0
artifacts\v6i22b_div005_5u_seed1\final_v6i22b_div005_5u_seed1_2v2.zip,OP9,3,map_b_split_lane_v2,1,1142,1143,1,1,0,240,-12.501153438643087,0.7199999690055847,0,1,230.0,6.180330912272136,neutral,3,win,3,3,9,0,0,0,3,6,5,9,0,1,0,2,66,165,249,480,480,0,128,240,0.26922932267189026,0.0,-0.03946990147233009,0.10631614918044457,1.1375,0.175,0.6541666666666667,0.125,1.224080180741536,1.4326145523227751,0.05416666666666667,0.2704320957340921,0.2884687764880558,0.8127832382917404,0.6427155849834283,0.7427083333333333,-0.14554443357247318,0.42916666666666664,0.016666666666666666,240.0,0,0.0,0,0.0,1,0.0,3,0.0,0.0,0.0,1.0,0.0,0.0,0.0,1.0,0.0,0.0,0.0,1.0,0.0,0.0,0.0,1.0,0.0,0.0,0.0,1.0
artifacts\v6i22b_div005_5u_seed1\final_v6i22b_div005_5u_seed1_2v2.zip,OP10,0,map_b,0,2042,2042,1,3,0,148,-2.8068873052252457,0.6800000071525574,0,3,40.0,6.054714305980785,neutral,0,win,1,1,5,0,0,0,2,3,1,4,0,3,0,2,11,86,199,296,296,0,63,148,0.6452410221099854,100.0,0.6040233373641968,0.0965339905343245,0.9324324324324325,0.4594594594594595,0.6081081081081081,0.38513513513513514,0.6200122827714359,1.0305137512827847,0.5405405405405406,0.16899109184993683,0.2659694456268807,0.9129922313464655,0.8466156829853315,0.6182432432432432,-0.07242411161241981,0.3310810810810811,0.0,148.0,0,0.0,0,0.0,1,0.0,0,1.0,0.0,0.0,0.0,1.0,0.0,0.0,0.0,1.0,0.0,0.0,0.0,1.0,0.0,0.0,0.0,1.0,0.0,0.0,0.0
artifacts\v6i22b_div005_5u_seed1\final_v6i22b_div005_5u_seed1_2v2.zip,OP10,0,map_b,1,2042,2043,1,3,0,185,-5.9008767666528,0.6800000071525574,0,3,45.0,5.628404112119933,neutral,0,win,13,13,5,0,0,0,1,5,4,5,1,2,0,3,31,112,227,370,370,0,94,185,0.5346400737762451,100.0,-0.06786138564348221,0.10634529073345098,1.054054054054054,0.31351351351351353,0.6324324324324324,0.2972972972972973,0.8565677912956154,1.383736682612751,0.07567567567567568,0.20819519641431602,0.30613762828949337,0.8707705072454504,0.7478907494931608,0.6851351351351351,-0.11701045523997343,0.3621621621621622,0.02702702702702703,185.0,0,0.0,0,0.0,1,0.0,0,1.0,0.0,0.0,0.0,1.0,0.0,0.0,0.0,1.0,0.0,0.0,0.0,1.0,0.0,0.0,0.0,1.0,0.0,0.0,0.0
artifacts\v6i22b_div005_5u_seed1\final_v6i22b_div005_5u_seed1_2v2.zip,OP10,1,map_b,0,2042,2042,1,3,1,194,-5.048739907593699,0.7599999904632568,0,2,40.0,6.656138626570554,neutral,1,win,1,1,10,0,0,0,2,6,2,4,0,3,1,1,34,91,263,388,388,0,72,194,0.7495678663253784,150.0,1.0881249904632568,0.11540969237253147,1.0103092783505154,0.3711340206185567,0.6030927835051546,0.30412371134020616,0.8253782820148566,1.1152379966734611,0.35051546391752575,0.21225528612963318,0.27078225113182647,0.8719232653834156,0.8177997857024989,0.6623711340206185,0.025552521395972066,0.3556701030927835,0.010309278350515464,194.0,0,0.0,0,0.0,1,0.0,1,0.0,1.0,0.0,0.0,0.0,1.0,0.0,0.0,0.0,1.0,0.0,0.0,0.0,1.0,0.0,0.0,0.0,1.0,0.0,0.0
artifacts\v6i22b_div005_5u_seed1\final_v6i22b_div005_5u_seed1_2v2.zip,OP10,1,map_b,1,2042,2043,1,3,0,148,-1.893552699999418,0.6800000071525574,0,3,45.0,6.17535400390625,neutral,1,win,1,1,1,0,0,0,0,2,2,5,1,2,0,0,17,80,199,296,296,0,71,148,0.5921792984008789,100.0,0.6743749976158142,0.10699941502959542,1.0135135135135136,0.32432432432432434,0.6418918918918919,0.35135135135135137,0.7554871601027411,1.3725623566707648,0.17567567567567569,0.21386811232219474,0.25467347514790456,0.8703342156635748,0.7469874382824511,0.6773648648648649,-0.044172939598122254,0.2972972972972973,0.033783783783783786,148.0,0,0.0,0,0.0,1,0.0,1,0.0,1.0,0.0,0.0,0.0,1.0,0.0,0.0,,,,,0.0,1.0,0.0,0.0,0.0,1.0,0.0,0.0
artifacts\v6i22b_div005_5u_seed1\final_v6i22b_div005_5u_seed1_2v2.zip,OP10,2,map_b,0,2042,2042,1,3,1,128,-2.577558048738865,0.5999999642372131,0,2,40.0,6.4001145362854,neutral,2,win,6,6,3,0,0,0,0,2,0,3,0,3,1,5,6,100,150,256,256,0,55,128,0.6365530490875244,100.0,0.7118749618530273,0.10177211518384865,0.796875,0.5234375,0.6796875,0.4453125,0.5291024676989764,0.6994527712959098,0.75,0.15155322515784064,0.26502868975512683,0.9408003436401486,0.9193825032562017,0.568359375,-0.19225513474780342,0.265625,0.0078125,128.0,0,0.0,0,0.0,1,0.0,2,0.0,0.0,1.0,0.0,0.0,0.0,1.0,0.0,0.0,0.0,1.0,0.0,0.0,0.0,1.0,0.0,0.0,0.0,1.0,0.0
artifacts\v6i22b_div005_5u_seed1\final_v6i22b_div005_5u_seed1_2v2.zip,OP10,2,map_b,1,2042,2043,1,3,1,119,-2.175301225128351,0.7199999690055847,0,2,41.0,5.750083089876576,neutral,2,win,4,4,6,0,0,0,4,3,0,3,0,3,2,6,20,74,144,238,238,0,47,119,0.6088790893554688,100.0,0.7287499904632568,0.1268565858628194,0.6554621848739496,0.5042016806722689,0.8403361344537815,0.33613445378151263,0.612022658074353,0.73419888702636,0.7478991596638656,0.19291880942818498,0.2531152206997411,0.915352416138689,0.9077398696867358,0.5378151260504201,-0.17848955813464795,0.2773109243697479,0.0,119.0,0,0.0,0,0.0,1,0.0,2,0.0,0.0,1.0,0.0,0.0,0.0,1.0,0.0,0.0,0.0,1.0,0.0,0.0,0.0,1.0,0.0,0.0,0.0,1.0,0.0
artifacts\v6i22b_div005_5u_seed1\final_v6i22b_div005_5u_seed1_2v2.zip,OP10,3,map_b,0,2042,2042,1,3,0,143,-1.6669286106189247,0.7199999690055847,0,3,50.0,5.8902570817854025,neutral,3,win,11,11,7,0,0,0,0,2,1,3,0,3,0,3,6,111,169,286,286,0,63,143,0.6455013751983643,100.0,0.6098605394363403,0.05970696840187782,0.9300699300699301,0.3916083916083916,0.6783216783216783,0.6433566433566433,0.5354532925867951,1.0037660372111348,0.5944055944055944,0.14365791471453604,0.27062237394283284,0.9010866801221887,0.863022904712837,0.6346153846153846,0.008591635860433227,0.24475524475524477,0.0,143.0,0,0.0,0,0.0,1,0.0,3,0.0,0.0,0.0,1.0,0.0,0.0,0.0,1.0,0.0,0.0,0.0,1.0,0.0,0.0,0.0,1.0,0.0,0.0,0.0,1.0
artifacts\v6i22b_div005_5u_seed1\final_v6i22b_div005_5u_seed1_2v2.zip,OP10,3,map_b,1,2042,2043,1,3,1,176,-4.606774591025896,0.6800000071525574,0,2,37.0,5.853129993785512,neutral,3,win,8,8,8,0,0,0,2,1,2,6,1,2,0,2,29,98,225,352,352,0,72,176,0.6142493486404419,100.0,0.551490068435669,0.07878354839472608,0.9659090909090909,0.2727272727272727,0.7613636363636364,0.4090909090909091,0.8075622293293815,1.2466766811875543,0.2840909090909091,0.21146361643596637,0.24397560159294782,0.837399248033762,0.7714273997328498,0.6732954545454546,0.112182763828908,0.36363636363636365,0.022727272727272728,176.0,0,0.0,0,0.0,1,0.0,3,0.0,0.0,0.0,1.0,0.0,0.0,0.0,1.0,0.0,0.0,0.0,1.0,0.0,0.0,0.0,1.0,0.0,0.0,0.0,1.0
artifacts\v6i22b_div005_5u_seed1\final_v6i22b_div005_5u_seed1_2v2.zip,OP10,0,map_b_split_lane_v2,0,2142,2142,1,3,1,98,-1.465900753479218,0.5600000023841858,0,2,30.0,5.419404944595025,neutral,0,win,4,4,7,0,0,0,4,3,3,0,3,0,3,1,79,20,97,196,196,0,32,98,0.6359769105911255,100.0,0.6934894323348999,0.11697423138788768,0.7755102040816326,0.5408163265306123,0.6530612244897959,0.35714285714285715,0.6445900334083304,0.7719104594113876,0.7244897959183674,0.18887762563797283,0.25379520418996715,0.912634268098948,0.9192107210353929,0.5663265306122449,-0.2661024099349888,0.22448979591836735,0.0,98.0,0,0.0,0,0.0,1,0.0,0,1.0,0.0,0.0,0.0,1.0,0.0,0.0,0.0,1.0,0.0,0.0,0.0,1.0,0.0,0.0,0.0,1.0,0.0,0.0,0.0
artifacts\v6i22b_div005_5u_seed1\final_v6i22b_div005_5u_seed1_2v2.zip,OP10,0,map_b_split_lane_v2,1,2142,2143,1,3,1,141,-1.7607600484916475,0.6399999856948853,0,2,38.0,5.616262016566933,neutral,0,win,6,6,2,0,0,0,1,4,3,0,2,1,2,4,83,52,147,282,282,0,69,141,0.6027213335037231,100.0,0.6875,0.0833512890146028,0.9858156028368794,0.46808510638297873,0.5460992907801419,0.45390070921985815,0.5950121464643706,0.9444591103927463,0.5035460992907801,0.15156252026320138,0.29603741603328826,0.9251500888073698,0.8665393049835314,0.6294326241134752,-0.06934748044383703,0.3404255319148936,0.0,141.0,0,0.0,0,0.0,1,0.0,0,1.0,0.0,0.0,0.0,1.0,0.0,0.0,0.0,1.0,0.0,0.0,0.0,1.0,0.0,0.0,0.0,1.0,0.0,0.0,0.0
artifacts\v6i22b_div005_5u_seed1\final_v6i22b_div005_5u_seed1_2v2.zip,OP10,1,map_b_split_lane_v2,0,2142,2142,1,2,0,240,-10.807207909558201,0.6399999856948853,0,2,42.0,5.673973083496094,neutral,1,win,6,6,5,0,0,0,0,8,6,5,1,1,4,0,138,70,272,480,480,0,109,240,0.30935972929000854,0.0,-0.033292487263679504,0.11484900338497633,1.1375,0.1875,0.6625,0.175,1.1134507935959845,1.2186126086860896,0.30416666666666664,0.2502033014626553,0.26299759970667463,0.8287480364243189,0.7342883378267289,0.740625,-0.17670641535265696,0.3875,0.025,240.0,0,0.0,0,0.0,1,0.0,1,0.0,1.0,0.0,0.0,0.0,1.0,0.0,0.0,0.0,1.0,0.0,0.0,0.0,1.0,0.0,0.0,0.0,1.0,0.0,0.0
artifacts\v6i22b_div005_5u_seed1\final_v6i22b_div005_5u_seed1_2v2.zip,OP10,1,map_b_split_lane_v2,1,2142,2143,1,3,0,145,-1.2404484031139873,0.6399999856948853,0,3,49.0,5.799627475080819,neutral,1,win,1,1,5,0,0,0,1,8,5,2,2,1,0,0,81,52,157,290,290,0,63,145,0.6447810530662537,100.0,0.606644868850708,0.06927341664017274,1.0620689655172413,0.41379310344827586,0.5241379310344828,0.503448275862069,0.5821309282091157,1.449653988665548,0.06896551724137931,0.15632046362192467,0.2786354573507761,0.8973619892679412,0.7969748550447925,0.6620689655172414,-0.15516025807825037,0.25517241379310346,0.006896551724137931,145.0,0,0.0,0,0.0,1,0.0,1,0.0,1.0,0.0,0.0,0.0,1.0,0.0,0.0,,,,,0.0,1.0,0.0,0.0,0.0,1.0,0.0,0.0
artifacts\v6i22b_div005_5u_seed1\final_v6i22b_div005_5u_seed1_2v2.zip,OP10,2,map_b_split_lane_v2,0,2142,2142,1,3,1,120,-0.596546310785925,0.5600000023841858,0,2,26.0,5.805836486816406,neutral,2,win,3,3,4,0,0,0,1,3,1,0,2,1,1,2,65,42,133,240,240,0,30,120,0.7643959522247314,150.0,1.2268749475479126,0.1034628031697745,0.8166666666666667,0.44166666666666665,0.7,0.5,0.5474434498542299,0.981244525530686,0.5416666666666666,0.15794909448983768,0.27241134165475767,0.9271608104308446,0.8803353761633237,0.5979166666666667,0.06370558291756705,0.26666666666666666,0.0,120.0,0,0.0,0,0.0,1,0.0,2,0.0,0.0,1.0,0.0,0.0,0.0,1.0,0.0,0.0,0.0,1.0,0.0,0.0,0.0,1.0,0.0,0.0,0.0,1.0,0.0
artifacts\v6i22b_div005_5u_seed1\final_v6i22b_div005_5u_seed1_2v2.zip,OP10,2,map_b_split_lane_v2,1,2142,2143,1,2,0,240,-11.29951140054618,0.6800000071525574,0,2,128.0,5.888825988769531,neutral,2,win,4,4,2,0,0,0,1,6,5,1,1,2,7,5,141,77,262,480,480,0,98,240,0.26751893758773804,0.0,0.0,0.10583780088539546,0.9916666666666667,0.24583333333333332,0.7458333333333333,0.19583333333333333,1.095108278390641,0.8383563288797935,0.7625,0.2507471404581641,0.24940423370959858,0.8328044138848781,0.7934856695433458,0.6885416666666667,0.13735628352799947,0.3625,0.008333333333333333,240.0,0,0.0,0,0.0,1,0.0,2,0.0,0.0,1.0,0.0,0.0,0.0,1.0,0.0,0.0,0.0,1.0,0.0,0.0,0.0,1.0,0.0,0.0,0.0,1.0,0.0
artifacts\v6i22b_div005_5u_seed1\final_v6i22b_div005_5u_seed1_2v2.zip,OP10,3,map_b_split_lane_v2,0,2142,2142,1,3,1,111,-1.200197102414677,0.5600000023841858,0,2,26.0,5.22468360694679,neutral,3,win,2,2,6,0,0,0,1,1,2,0,3,0,3,1,106,9,107,222,222,0,31,111,0.6116081476211548,100.0,0.7437499761581421,0.09710084428373086,0.7927927927927928,0.4594594594594595,0.7207207207207207,0.5315315315315315,0.547282889309163,0.6990494133887796,0.8918918918918919,0.16005345230485807,0.233002886310354,0.9242001616203033,0.9238147703376977,0.5900900900900901,0.015517207113390616,0.26126126126126126,0.0,111.0,0,0.0,0,0.0,1,0.0,3,0.0,0.0,0.0,1.0,0.0,0.0,0.0,1.0,0.0,0.0,0.0,1.0,0.0,0.0,0.0,1.0,0.0,0.0,0.0,1.0
artifacts\v6i22b_div005_5u_seed1\final_v6i22b_div005_5u_seed1_2v2.zip,OP10,3,map_b_split_lane_v2,1,2142,2143,1,3,0,210,-6.2613726419222075,0.6399999856948853,0,3,117.0,6.036929175967262,neutral,3,win,8,8,3,0,0,0,1,8,6,3,2,1,1,0,141,35,244,420,420,0,81,210,0.6256806254386902,100.0,0.4848099946975708,0.09644332397285671,1.0952380952380953,0.319047619047619,0.5857142857142857,0.29523809523809524,0.8756325651581088,1.3482456553727389,0.18095238095238095,0.20842261539239967,0.2868788701171676,0.8696431960378375,0.7372346758842468,0.694047619047619,0.037769425004323835,0.4238095238095238,0.06190476190476191,210.0,0,0.0,0,0.0,1,0.0,3,0.0,0.0,0.0,1.0,0.0,0.0,0.0,1.0,0.0,0.0,0.0,1.0,0.0,0.0,0.0,1.0,0.0,0.0,0.0,1.0
artifacts\v6i22b_div005_5u_seed1\final_v6i22b_div005_5u_seed1_2v2.zip,OP11,0,map_b,0,3042,3042,1,3,2,171,-3.9219354176020715,0.5999999642372131,0,1,64.0,6.831492998446637,neutral,0,win,1,1,9,0,0,0,2,6,1,2,2,1,2,3,59,52,231,342,342,0,53,171,0.5911999940872192,100.0,0.5597454309463501,0.07951957960095671,0.9298245614035088,0.4502923976608187,0.6081871345029239,0.5146198830409356,0.5310882048038711,0.657077557118664,0.6140350877192983,0.15575929532884158,0.2896085256895824,0.9112916027593334,0.9164173606543513,0.6213450292397661,-0.04971492600982598,0.30994152046783624,0.0,171.0,0,0.0,0,0.0,1,0.0,0,1.0,0.0,0.0,0.0,1.0,0.0,0.0,0.0,1.0,0.0,0.0,0.0,1.0,0.0,0.0,0.0,1.0,0.0,0.0,0.0
artifacts\v6i22b_div005_5u_seed1\final_v6i22b_div005_5u_seed1_2v2.zip,OP11,0,map_b,1,3042,3043,1,3,1,156,-3.1869229892035946,0.6800000071525574,0,2,51.0,5.661996694711538,neutral,0,win,1,1,9,0,0,0,2,2,2,2,0,3,1,2,22,87,203,312,312,0,71,156,0.6292871236801147,100.0,0.6593749523162842,0.08874988274720426,0.8653846153846154,0.32051282051282054,0.8141025641025641,0.40384615384615385,0.6026878166848268,0.7880023704626813,0.7692307692307693,0.1720605930611969,0.26076334055799705,0.9025444854528476,0.873696533151162,0.6362179487179487,-0.006427525022871846,0.2564102564102564,0.0,156.0,0,0.0,0,0.0,1,0.0,0,1.0,0.0,0.0,0.0,1.0,0.0,0.0,0.0,1.0,0.0,0.0,0.0,1.0,0.0,0.0,0.0,1.0,0.0,0.0,0.0
artifacts\v6i22b_div005_5u_seed1\final_v6i22b_div005_5u_seed1_2v2.zip,OP11,1,map_b,0,3042,3042,0,2,3,169,-6.06346199606196,0.6800000071525574,0,-1,41.0,6.987616002912352,neutral,1,loss,1,1,2,0,0,0,2,2,4,0,1,2,1,5,62,68,208,338,338,0,38,169,-0.6064946055412292,-100.0,-0.4672023355960846,0.06958745331255466,0.9644970414201184,0.5502958579881657,0.47337278106508873,0.5443786982248521,0.5779933254923341,0.6392497412816307,0.7396449704142012,0.15054677038304728,0.2770269279032064,0.9120765991464874,0.9043744922389646,0.6050295857988166,-0.18334364377278192,0.22485207100591717,0.011834319526627219,169.0,0,0.0,0,0.0,1,0.0,1,0.0,1.0,0.0,0.0,0.0,1.0,0.0,0.0,0.0,1.0,0.0,0.0,0.0,1.0,0.0,0.0,0.0,1.0,0.0,0.0
artifacts\v6i22b_div005_5u_seed1\final_v6i22b_div005_5u_seed1_2v2.zip,OP11,1,map_b,1,3042,3043,1,3,2,215,-5.6457349133561365,0.7199999690055847,0,1,51.0,6.133856059229651,neutral,1,win,3,3,8,0,0,0,1,2,2,2,0,4,1,5,22,157,251,430,430,0,65,215,0.5782722234725952,100.0,0.47847554087638855,0.07532046137074398,0.9348837209302325,0.4511627906976744,0.6139534883720931,0.5302325581395348,0.5573661528267833,0.7569747148298247,0.7441860465116279,0.15470506602161846,0.29082694878411847,0.9109832087228464,0.8879190151081529,0.6209302325581395,-0.18949880725667115,0.15348837209302327,0.018604651162790697,215.0,0,0.0,0,0.0,1,0.0,1,0.0,1.0,0.0,0.0,0.0,1.0,0.0,0.0,0.0,1.0,0.0,0.0,0.0,1.0,0.0,0.0,0.0,1.0,0.0,0.0
artifacts\v6i22b_div005_5u_seed1\final_v6i22b_div005_5u_seed1_2v2.zip,OP11,2,map_b,0,3042,3042,1,3,2,203,-5.440915297600441,0.6399999856948853,0,1,57.0,6.074023317233682,neutral,2,win,1,1,14,0,0,0,0,10,6,2,1,2,1,2,61,79,266,406,406,0,76,203,0.5854437351226807,100.0,0.527708113193512,0.08381939642681864,0.9113300492610837,0.37438423645320196,0.7044334975369458,0.4975369458128079,0.7405038457455599,1.0442763769567893,0.39901477832512317,0.1816159093825908,0.3144873268351766,0.8742889603370516,0.7971157143855917,0.6354679802955665,0.0017741093283213491,0.26108374384236455,0.0049261083743842365,203.0,0,0.0,0,0.0,1,0.0,2,0.0,0.0,1.0,0.0,0.0,0.0,1.0,0.0,0.0,0.0,1.0,0.0,0.0,0.0,1.0,0.0,0.0,0.0,1.0,0.0
artifacts\v6i22b_div005_5u_seed1\final_v6i22b_div005_5u_seed1_2v2.zip,OP11,2,map_b,1,3042,3043,1,3,2,205,-7.549635960080195,0.7199999690055847,1,1,111.0,6.618739281631098,neutral,2,win,0,0,11,0,0,0,0,4,2,1,0,4,0,9,20,155,235,410,410,0,55,205,0.730035126209259,150.0,1.0674999952316284,0.08104285254347615,0.9804878048780488,0.33170731707317075,0.6878048780487804,0.4975609756097561,0.6187897341371309,0.5620916761276199,0.7853658536585366,0.16171469666154648,0.28263546308366266,0.9114888551758557,0.9177165543160788,0.6621951219512195,-0.0015020101334286076,0.375609756097561,0.01951219512195122,205.0,0,0.0,0,0.0,1,0.0,2,0.0,0.0,1.0,0.0,0.0,0.0,1.0,0.0,0.0,0.0,1.0,0.0,0.0,0.0,1.0,0.0,0.0,0.0,1.0,0.0
artifacts\v6i22b_div005_5u_seed1\final_v6i22b_div005_5u_seed1_2v2.zip,OP11,3,map_b,0,3042,3042,0,2,3,215,-9.409371077257674,0.7199999690055847,0,-1,57.0,6.858995730377907,neutral,3,loss,2,2,14,0,0,0,1,6,4,4,1,2,2,3,73,99,258,430,430,0,72,215,-0.6064687967300415,-100.0,-0.4666433036327362,0.11354661142930042,0.9488372093023256,0.4325581395348837,0.6046511627906976,0.32558139534883723,0.7819029427371745,0.9624292764206265,0.3953488372093023,0.20778003710560328,0.30328941740268883,0.8742071143416471,0.818164136243421,0.6302325581395349,-0.06176519434959353,0.2372093023255814,0.0,215.0,0,0.0,0,0.0,1,0.0,3,0.0,0.0,0.0,1.0,0.0,0.0,0.0,1.0,0.0,0.0,0.0,1.0,0.0,0.0,0.0,1.0,0.0,0.0,0.0,1.0
artifacts\v6i22b_div005_5u_seed1\final_v6i22b_div005_5u_seed1_2v2.zip,OP11,3,map_b,1,3042,3043,0,2,3,184,-7.989839568239404,0.6399999856948853,0,-1,70.0,5.814126719599185,neutral,3,loss,3,3,17,0,0,0,5,6,3,0,0,3,2,4,42,91,235,368,368,0,85,184,-0.5734007358551025,-100.0,-0.466450035572052,0.08088471284439869,0.907608695652174,0.41304347826086957,0.6793478260869565,0.46195652173913043,0.7053625503980109,0.6955635838979937,0.907608695652174,0.17813923484747016,0.24069155171594542,0.8917100215735643,0.8704079072112623,0.623641304347826,-0.04778808167201466,0.27717391304347827,0.02717391304347826,184.0,0,0.0,0,0.0,1,0.0,3,0.0,0.0,0.0,1.0,0.0,0.0,0.0,1.0,0.0,0.0,0.0,1.0,0.0,0.0,0.0,1.0,0.0,0.0,0.0,1.0
artifacts\v6i22b_div005_5u_seed1\final_v6i22b_div005_5u_seed1_2v2.zip,OP11,0,map_b_split_lane_v2,0,3142,3142,1,3,1,139,-1.8234960095142014,0.5600000023841858,0,2,46.0,6.175622295132644,neutral,0,win,3,3,4,0,0,0,1,3,1,2,1,2,3,2,40,77,161,278,278,0,31,139,0.595726490020752,100.0,0.6453889608383179,0.04898032998304359,1.0575539568345325,0.460431654676259,0.48201438848920863,0.6546762589928058,0.4996288654615553,0.9226991530749009,0.7266187050359713,0.13172921496141943,0.27935057101275423,0.9094315548594907,0.8873640689060842,0.6492805755395683,0.15665120671265728,0.33093525179856115,0.07194244604316546,139.0,0,0.0,0,0.0,1,0.0,0,1.0,0.0,0.0,0.0,1.0,0.0,0.0,0.0,1.0,0.0,0.0,0.0,1.0,0.0,0.0,0.0,1.0,0.0,0.0,0.0
artifacts\v6i22b_div005_5u_seed1\final_v6i22b_div005_5u_seed1_2v2.zip,OP11,0,map_b_split_lane_v2,1,3142,3143,0,2,3,139,-5.664175362762762,0.5999999642372131,1,-1,40.0,7.518368508318345,neutral,0,loss,0,0,3,0,0,0,1,3,2,2,2,1,6,1,100,49,129,278,278,0,17,139,-0.6072976589202881,-100.0,-0.4667699337005615,0.06895361929837106,1.014388489208633,0.5251798561151079,0.460431654676259,0.539568345323741,0.5470233223662316,0.5148174997231514,0.8633093525179856,0.1520584172723319,0.27182780651094246,0.9024450483082009,0.939264704855226,0.6223021582733813,-0.011264077945533605,0.2589928057553957,0.0,139.0,0,0.0,0,0.0,1,0.0,0,1.0,0.0,0.0,0.0,1.0,0.0,0.0,0.0,1.0,0.0,0.0,0.0,1.0,0.0,0.0,0.0,1.0,0.0,0.0,0.0
artifacts\v6i22b_div005_5u_seed1\final_v6i22b_div005_5u_seed1_2v2.zip,OP11,1,map_b_split_lane_v2,0,3142,3142,0,3,3,151,-3.8113006700586993,0.5999999642372131,1,0,45.0,7.7607777576572845,neutral,1,draw,0,0,2,0,0,0,0,5,3,2,2,1,2,1,92,55,155,302,302,0,18,151,-0.18045568466186523,0.0,-0.031250014901161194,0.07427060720664973,0.8874172185430463,0.48344370860927155,0.6291390728476821,0.609271523178808,0.5346114523585467,0.867554508988431,0.5165562913907285,0.14349217758520155,0.3108833811141008,0.9109337669334664,0.8886410230832384,0.6009933774834437,-0.10562080699081007,0.24503311258278146,0.0,151.0,0,0.0,0,0.0,1,0.0,1,0.0,1.0,0.0,0.0,0.0,1.0,0.0,0.0,0.0,1.0,0.0,0.0,0.0,1.0,0.0,0.0,0.0,1.0,0.0,0.0
artifacts\v6i22b_div005_5u_seed1\final_v6i22b_div005_5u_seed1_2v2.zip,OP11,1,map_b_split_lane_v2,1,3142,3143,0,2,3,157,-5.762545302219223,0.5600000023841858,1,-1,40.0,7.816804339171974,neutral,1,loss,0,0,2,0,0,0,1,5,2,3,1,2,3,2,65,85,164,314,314,0,20,157,-0.6066056489944458,-100.0,-0.4720943868160248,0.08164941162392972,1.0,0.47770700636942676,0.5095541401273885,0.43312101910828027,0.7310056853683511,0.8457868755528122,0.5222929936305732,0.19005546422236286,0.2714889253827797,0.8749838315757217,0.8463415268120492,0.6321656050955414,0.17079595940533257,0.24203821656050956,0.025477707006369428,157.0,0,0.0,0,0.0,1,0.0,1,0.0,1.0,0.0,0.0,0.0,1.0,0.0,0.0,0.0,1.0,0.0,0.0,0.0,1.0,0.0,0.0,0.0,1.0,0.0,0.0
artifacts\v6i22b_div005_5u_seed1\final_v6i22b_div005_5u_seed1_2v2.zip,OP11,2,map_b_split_lane_v2,0,3142,3142,0,2,3,170,-6.589826645853464,0.6399999856948853,0,-1,49.0,6.90775936351103,neutral,2,loss,2,2,6,0,0,0,0,3,3,3,2,1,6,1,93,67,180,340,340,0,36,170,-0.5736256837844849,-100.0,-0.4685804545879364,0.08155206767294337,0.8823529411764706,0.3941176470588235,0.711764705882353,0.43529411764705883,0.7542389132411165,0.8824875889017302,0.5235294117647059,0.1812231512137634,0.2770172932130449,0.8877992184723125,0.8424735090311836,0.6235294117647059,0.03407843988326277,0.3235294117647059,0.01764705882352941,170.0,0,0.0,0,0.0,1,0.0,2,0.0,0.0,1.0,0.0,0.0,0.0,1.0,0.0,0.0,0.0,1.0,0.0,0.0,0.0,1.0,0.0,0.0,0.0,1.0,0.0
artifacts\v6i22b_div005_5u_seed1\final_v6i22b_div005_5u_seed1_2v2.zip,OP11,2,map_b_split_lane_v2,1,3142,3143,0,2,2,240,-11.200927660800517,0.5999999642372131,1,0,50.0,7.13001454671224,neutral,2,draw,0,0,7,0,0,0,2,11,6,5,3,0,3,1,157,51,272,480,480,0,73,240,-0.12710723280906677,0.0,-0.009304050356149673,0.08477840495373433,1.1083333333333334,0.20416666666666666,0.6791666666666667,0.2916666666666667,0.9880660327461859,1.0660444078035654,0.2708333333333333,0.22423406834326062,0.27907593733010194,0.8303348449369271,0.7829546064138413,0.728125,0.016716711126805353,0.2833333333333333,0.025,240.0,0,0.0,0,0.0,1,0.0,2,0.0,0.0,1.0,0.0,0.0,0.0,1.0,0.0,0.0,0.0,1.0,0.0,0.0,0.0,1.0,0.0,0.0,0.0,1.0,0.0
artifacts\v6i22b_div005_5u_seed1\final_v6i22b_div005_5u_seed1_2v2.zip,OP11,3,map_b_split_lane_v2,0,3142,3142,0,2,3,179,-5.7908599885122385,0.5999999642372131,0,-1,46.0,7.269478739306914,neutral,3,loss,2,2,4,0,0,0,2,3,2,2,3,1,7,3,106,61,191,358,358,0,20,179,-0.6060112714767456,-100.0,-0.4683130085468292,0.0884386095629391,0.8156424581005587,0.39106145251396646,0.7932960893854749,0.5307262569832403,0.5175314394330512,0.7544839065001664,0.664804469273743,0.14961646770402873,0.29297313431288274,0.9293156469334437,0.9118221392178668,0.6061452513966481,-0.08332830960714122,0.3240223463687151,0.0893854748603352,179.0,0,0.0,0,0.0,1,0.0,3,0.0,0.0,0.0,1.0,0.0,0.0,0.0,1.0,0.0,0.0,0.0,1.0,0.0,0.0,0.0,1.0,0.0,0.0,0.0,1.0
artifacts\v6i22b_div005_5u_seed1\final_v6i22b_div005_5u_seed1_2v2.zip,OP11,3,map_b_split_lane_v2,1,3142,3143,0,1,3,149,-5.46258970091003,0.5999999642372131,1,-2,53.0,7.122703603450084,neutral,3,loss,0,0,4,0,0,0,2,7,2,3,1,2,1,4,65,88,145,298,298,0,18,149,-0.6292519569396973,-100.0,-0.4673020541667938,0.10587842195551067,0.738255033557047,0.436241610738255,0.825503355704698,0.46308724832214765,0.5918016505971451,0.7740478118094022,0.6644295302013423,0.1775439115703706,0.2742994257167682,0.9116988230071612,0.8858100371872819,0.575503355704698,-0.07680513525558384,0.38926174496644295,0.0,149.0,0,0.0,0,0.0,1,0.0,3,0.0,0.0,0.0,1.0,0.0,0.0,0.0,1.0,0.0,0.0,0.0,1.0,0.0,0.0,0.0,1.0,0.0,0.0,0.0,1.0
artifacts\v6i22b_div005_5u_seed1\final_v6i22b_div005_5u_seed1_2v2.zip,OP12,0,map_b,0,4042,4042,1,3,2,116,-2.641601472394541,0.6399999856948853,1,1,32.0,6.196427443931842,neutral,0,win,0,0,8,0,0,0,3,3,2,2,0,3,0,3,14,74,144,232,232,0,47,116,0.6173219084739685,100.0,0.734375,0.08485453237040803,1.0775862068965518,0.35344827586206895,0.5689655172413793,0.4396551724137931,0.7282548941479161,0.9897131440550859,0.5,0.17913075735599832,0.2386149649090808,0.8751501888036728,0.8783662139341749,0.6810344827586207,0.013878945476964484,0.3706896551724138,0.0,116.0,0,0.0,0,0.0,1,0.0,0,1.0,0.0,0.0,0.0,1.0,0.0,0.0,0.0,1.0,0.0,0.0,0.0,1.0,0.0,0.0,0.0,1.0,0.0,0.0,0.0
artifacts\v6i22b_div005_5u_seed1\final_v6i22b_div005_5u_seed1_2v2.zip,OP12,0,map_b,1,4042,4043,1,3,2,113,-3.9411448008322623,0.6399999856948853,0,1,35.0,5.561364097932799,neutral,0,win,3,3,2,0,0,0,0,4,2,0,0,3,1,4,32,60,134,226,226,0,61,113,0.46732255816459656,100.0,0.06593840569257736,0.06674791986238113,1.1592920353982301,0.3893805309734513,0.45132743362831856,0.45132743362831856,0.7126922326376744,0.7908510141305428,0.831858407079646,0.19062908424839245,0.236582948603725,0.8625099653691317,0.8813530349098475,0.6924778761061947,0.08154520234865555,0.504424778761062,0.035398230088495575,113.0,0,0.0,0,0.0,1,0.0,0,1.0,0.0,0.0,0.0,1.0,0.0,0.0,0.0,1.0,0.0,0.0,0.0,1.0,0.0,0.0,0.0,1.0,0.0,0.0,0.0
artifacts\v6i22b_div005_5u_seed1\final_v6i22b_div005_5u_seed1_2v2.zip,OP12,1,map_b,0,4042,4042,0,2,3,90,-4.009475693135755,0.6399999856948853,0,-1,30.0,6.892636447482639,neutral,1,loss,2,2,3,0,0,0,0,2,1,1,0,2,1,3,14,53,113,180,180,0,30,90,-0.6076464653015137,-100.0,-0.478037565946579,0.10573364199242657,1.011111111111111,0.35555555555555557,0.6333333333333333,0.4222222222222222,0.7249476302415132,0.527950690769487,0.7555555555555555,0.18519397653225395,0.24857751263512506,0.8737917462984721,0.9405045933193631,0.6638888888888889,-0.01716214840983177,0.43333333333333335,0.011111111111111112,90.0,0,0.0,0,0.0,1,0.0,1,0.0,1.0,0.0,0.0,0.0,1.0,0.0,0.0,0.0,1.0,0.0,0.0,0.0,1.0,0.0,0.0,0.0,1.0,0.0,0.0
artifacts\v6i22b_div005_5u_seed1\final_v6i22b_div005_5u_seed1_2v2.zip,OP12,1,map_b,1,4042,4043,0,2,3,98,-3.0673753333103377,0.5600000023841858,1,-1,34.0,6.639581797074299,neutral,1,loss,0,0,3,0,0,0,1,2,2,0,0,2,0,4,20,67,109,196,196,0,33,98,-0.4663093090057373,0.0,-0.4789559841156006,0.07335349216068886,1.163265306122449,0.32653061224489793,0.5102040816326531,0.3979591836734694,0.7804922534114852,0.783782299798058,0.6632653061224489,0.21131095319644225,0.2782212166229681,0.854479586591526,0.8894456880433219,0.7091836734693877,-0.06645668067086781,0.40816326530612246,0.09183673469387756,98.0,0,0.0,0,0.0,1,0.0,1,0.0,1.0,0.0,0.0,0.0,1.0,0.0,0.0,0.0,1.0,0.0,0.0,0.0,1.0,0.0,0.0,0.0,1.0,0.0,0.0
artifacts\v6i22b_div005_5u_seed1\final_v6i22b_div005_5u_seed1_2v2.zip,OP12,2,map_b,0,4042,4042,1,3,2,100,-1.6768425636691973,0.5199999809265137,0,1,32.0,6.65023193359375,neutral,2,win,1,1,4,0,0,0,1,1,0,1,0,3,0,3,3,61,136,200,200,0,29,100,0.6125608682632446,100.0,0.6962444186210632,0.1077590654976666,0.76,0.49,0.72,0.38,0.6245058925449848,0.915795626193285,0.58,0.18349575588479639,0.24080017607659102,0.9088154101371765,0.8851213359832764,0.56,-0.25431418979110465,0.3,0.07,100.0,0,0.0,0,0.0,1,0.0,2,0.0,0.0,1.0,0.0,0.0,0.0,1.0,0.0,0.0,0.0,1.0,0.0,0.0,0.0,1.0,0.0,0.0,0.0,1.0,0.0
artifacts\v6i22b_div005_5u_seed1\final_v6i22b_div005_5u_seed1_2v2.zip,OP12,2,map_b,1,4042,4043,0,1,3,102,-5.045190726785222,0.6399999856948853,0,-2,40.0,5.957918054917279,neutral,2,loss,1,1,6,0,0,0,4,2,2,0,0,3,0,6,23,67,114,204,204,0,31,102,-0.5994468927383423,-100.0,-0.47337350249290466,0.09789197076586824,0.8529411764705882,0.47058823529411764,0.6764705882352942,0.3431372549019608,0.7250699348674685,0.7201159291845911,0.7450980392156863,0.20018232256794968,0.2529297462281059,0.8899583956774544,0.8886840150636786,0.5955882352941176,-0.10572335648449847,0.43137254901960786,0.11764705882352941,102.0,0,0.0,0,0.0,1,0.0,2,0.0,0.0,1.0,0.0,0.0,0.0,1.0,0.0,0.0,0.0,1.0,0.0,0.0,0.0,1.0,0.0,0.0,0.0,1.0,0.0
artifacts\v6i22b_div005_5u_seed1\final_v6i22b_div005_5u_seed1_2v2.zip,OP12,3,map_b,0,4042,4042,0,2,3,123,-4.510658997838618,0.6399999856948853,1,-1,32.0,7.068285438103405,neutral,3,loss,0,0,10,0,0,0,4,1,1,4,0,3,0,2,9,83,154,246,246,0,22,123,-0.5740944147109985,-100.0,-0.4712238311767578,0.07347188798362404,1.048780487804878,0.2601626016260163,0.6910569105691057,0.4146341463414634,0.8110398265525578,0.9012656576204591,0.42276422764227645,0.19662941114719562,0.26758468723515183,0.8493862568847532,0.8799007001931105,0.6971544715447154,0.02936979848736021,0.43089430894308944,0.04065040650406504,123.0,0,0.0,0,0.0,1,0.0,3,0.0,0.0,0.0,1.0,0.0,0.0,0.0,1.0,0.0,0.0,0.0,1.0,0.0,0.0,0.0,1.0,0.0,0.0,0.0,1.0
artifacts\v6i22b_div005_5u_seed1\final_v6i22b_div005_5u_seed1_2v2.zip,OP12,3,map_b,1,4042,4043,1,3,2,105,-2.111118911067024,0.5600000023841858,1,1,36.0,6.789186314174107,neutral,3,win,0,0,5,0,0,0,3,2,2,1,0,3,0,2,20,61,129,210,210,0,40,105,0.6114938855171204,100.0,0.6899417638778687,0.09376361849052565,1.0,0.41904761904761906,0.580952380952381,0.3142857142857143,0.6593971335462161,0.8475799570835773,0.7619047619047619,0.1883107246032783,0.2627990699949719,0.899693523134504,0.8863790478025164,0.6452380952380953,-0.16473489846950984,0.44761904761904764,0.0,105.0,0,0.0,0,0.0,1,0.0,3,0.0,0.0,0.0,1.0,0.0,0.0,0.0,1.0,0.0,0.0,0.0,1.0,0.0,0.0,0.0,1.0,0.0,0.0,0.0,1.0
artifacts\v6i22b_div005_5u_seed1\final_v6i22b_div005_5u_seed1_2v2.zip,OP12,0,map_b_split_lane_v2,0,4142,4142,0,1,3,82,-4.472120428370545,0.3999999761581421,0,-2,30.0,5.152218702362805,neutral,0,loss,1,1,2,0,0,0,1,0,0,2,0,1,0,3,0,93,71,164,164,0,39,82,-0.5995786190032959,-100.0,-0.4770895540714264,0.06294045333818692,1.3048780487804879,0.2926829268292683,0.4024390243902439,0.36585365853658536,0.8481264379693241,0.7252426982925433,0.9024390243902439,0.1991410812408459,0.22289478129184828,0.8604497044551663,0.9064668809495321,0.7530487804878049,-0.13689950276632043,0.43902439024390244,0.04878048780487805,82.0,0,0.0,0,0.0,1,0.0,0,1.0,0.0,0.0,0.0,1.0,0.0,0.0,0.0,1.0,0.0,0.0,0.0,1.0,0.0,0.0,0.0,1.0,0.0,0.0,0.0
artifacts\v6i22b_div005_5u_seed1\final_v6i22b_div005_5u_seed1_2v2.zip,OP12,0,map_b_split_lane_v2,1,4142,4143,1,3,2,151,-5.028932851768332,0.5999999642372131,0,1,34.0,5.731001898152939,neutral,0,win,1,1,10,0,0,0,0,5,2,3,0,3,3,3,30,110,162,302,302,0,30,151,0.6069266200065613,100.0,0.668749988079071,0.08506856787801775,1.119205298013245,0.36423841059602646,0.5165562913907285,0.36423841059602646,0.8548874593037643,1.2151083086697472,0.304635761589404,0.2003505467468046,0.25192483213563627,0.8676745394207784,0.7485719725785666,0.6887417218543046,-0.08973303052861639,0.3708609271523179,0.0,151.0,0,0.0,0,0.0,1,0.0,0,1.0,0.0,0.0,0.0,1.0,0.0,0.0,0.0,1.0,0.0,0.0,0.0,1.0,0.0,0.0,0.0,1.0,0.0,0.0,0.0
artifacts\v6i22b_div005_5u_seed1\final_v6i22b_div005_5u_seed1_2v2.zip,OP12,1,map_b_split_lane_v2,0,4142,4142,0,2,3,110,-4.458171953796409,0.47999998927116394,1,-1,38.0,5.6407387473366475,neutral,1,loss,0,0,5,0,0,0,3,2,1,2,0,2,0,5,5,116,99,220,220,0,41,110,-0.6425256133079529,-100.0,-0.5,0.09255998227745295,0.9545454545454546,0.2727272727272727,0.7727272727272727,0.24545454545454545,0.9177503342655572,0.8714985163713044,0.7,0.22764390778135168,0.2534786489876834,0.8553979716517709,0.8618706139651212,0.6704545454545454,0.11014687530430077,0.39090909090909093,0.03636363636363636,110.0,0,0.0,0,0.0,1,0.0,1,0.0,1.0,0.0,0.0,0.0,1.0,0.0,0.0,0.0,1.0,0.0,0.0,0.0,1.0,0.0,0.0,0.0,1.0,0.0,0.0
artifacts\v6i22b_div005_5u_seed1\final_v6i22b_div005_5u_seed1_2v2.zip,OP12,1,map_b_split_lane_v2,1,4142,4143,1,3,0,105,-1.3845301312103402,0.5999999642372131,1,3,34.0,6.317792619977679,neutral,1,win,0,0,6,0,0,0,0,3,2,5,0,3,0,1,16,93,101,210,210,0,24,105,0.6580722332000732,100.0,0.7108790874481201,0.07324331989955335,1.1523809523809523,0.5047619047619047,0.34285714285714286,0.44761904761904764,0.7064405608390059,1.3819183254880565,0.14285714285714285,0.18798408432021027,0.272662692286429,0.8742150556473505,0.7141374769664947,0.6619047619047619,-0.2790015145837616,0.3523809523809524,0.01904761904761905,105.0,0,0.0,0,0.0,1,0.0,1,0.0,1.0,0.0,0.0,0.0,1.0,0.0,0.0,,,,,0.0,1.0,0.0,0.0,0.0,1.0,0.0,0.0
artifacts\v6i22b_div005_5u_seed1\final_v6i22b_div005_5u_seed1_2v2.zip,OP12,2,map_b_split_lane_v2,0,4142,4142,1,3,2,108,-2.96164742927067,0.5600000023841858,1,1,41.0,5.453490080656828,neutral,2,win,0,0,3,0,0,0,3,2,0,3,0,3,1,6,10,102,104,216,216,0,47,108,0.613255500793457,100.0,0.7092635035514832,0.08254278702143994,0.8611111111111112,0.4074074074074074,0.7314814814814815,0.35185185185185186,0.7652684988591958,0.9493773193271072,0.5648148148148148,0.20073584155007093,0.27948395342186644,0.8695381018850539,0.8503894143634372,0.6134259259259259,0.100620471218144,0.35185185185185186,0.027777777777777776,108.0,0,0.0,0,0.0,1,0.0,2,0.0,0.0,1.0,0.0,0.0,0.0,1.0,0.0,0.0,0.0,1.0,0.0,0.0,0.0,1.0,0.0,0.0,0.0,1.0,0.0
artifacts\v6i22b_div005_5u_seed1\final_v6i22b_div005_5u_seed1_2v2.zip,OP12,2,map_b_split_lane_v2,1,4142,4143,1,3,1,117,-1.9807712680485565,0.5600000023841858,1,2,44.0,5.778447077824519,neutral,2,win,0,0,8,0,0,0,1,3,1,3,0,3,0,1,15,86,133,234,234,0,46,117,0.6396100521087646,100.0,0.7324999570846558,0.09952120600729926,0.9230769230769231,0.4444444444444444,0.6153846153846154,0.3162393162393162,0.7225159171045336,1.291244092086951,0.23076923076923078,0.20572801669820762,0.2614271369818439,0.8809368121318328,0.7527960803773668,0.6239316239316239,-0.13711109686013184,0.3333333333333333,0.0,117.0,0,0.0,0,0.0,1,0.0,2,0.0,0.0,1.0,0.0,0.0,0.0,1.0,0.0,0.0,0.0,1.0,0.0,,,,,0.0,0.0,1.0,0.0
artifacts\v6i22b_div005_5u_seed1\final_v6i22b_div005_5u_seed1_2v2.zip,OP12,3,map_b_split_lane_v2,0,4142,4142,0,1,3,101,-5.5931159412139095,0.5999999642372131,1,-2,44.0,6.103578473081683,neutral,3,loss,0,0,6,0,0,0,4,5,1,2,0,1,1,3,16,76,110,202,202,0,25,101,-0.6302777528762817,-100.0,-0.47589409351348877,0.10224623151934974,0.8910891089108911,0.09900990099009901,1.00990099009901,0.1188118811881188,1.111372093015378,0.896962580114308,0.6831683168316832,0.27410898866629835,0.22888807056121308,0.8017799765756815,0.8554400937391979,0.698019801980198,0.2318460749941179,0.5346534653465347,0.0297029702970297,101.0,0,0.0,0,0.0,1,0.0,3,0.0,0.0,0.0,1.0,0.0,0.0,0.0,1.0,0.0,0.0,0.0,1.0,0.0,0.0,0.0,1.0,0.0,0.0,0.0,1.0
artifacts\v6i22b_div005_5u_seed1\final_v6i22b_div005_5u_seed1_2v2.zip,OP12,3,map_b_split_lane_v2,1,4142,4143,1,3,1,146,-3.443821027263766,0.5999999642372131,1,2,44.0,6.217694426236087,neutral,3,win,0,0,17,0,0,0,4,3,2,4,0,3,0,2,15,130,147,292,292,0,31,146,0.600508451461792,100.0,0.6781249642372131,0.08935739836106969,0.958904109589041,0.3698630136986301,0.6712328767123288,0.3082191780821918,0.8311523945415265,1.3205617675940469,0.2602739726027397,0.19580799207244426,0.2664677387435142,0.8826288470666702,0.7461931640154695,0.6472602739726028,-0.08787040352561495,0.3904109589041096,0.00684931506849315,146.0,0,0.0,0,0.0,1,0.0,3,0.0,0.0,0.0,1.0,0.0,0.0,0.0,1.0,0.0,0.0,0.0,1.0,0.0,0.0,0.0,1.0,0.0,0.0,0.0,1.0
