episode_id,timesteps,policy_update,rollout_step,latent_z,curriculum_phase,mode,map_set,opponent,success,blue_score,red_score,win_margin,decision_steps,zone_coverage,collision_free_episode,collision_events_per_episode,near_misses_per_episode,time_to_first_score,mean_inter_robot_dist,reward_terminal,reward_offense,reward_pbrs,reward_team,reward_sparse,reward_sparse_points,reward_failure,reward_total
1,184,0,23,1,OP3,FIXED_OPPONENT,train,SCRIPTED:OP3,1,3,0,3,23,0.3199999928474426,1,0,4,16.0,7.345264600670856,1.5,0.5,-0.009588882327079773,0.0,1.0,100.0,0.0,0.5826703310012817
2,208,0,26,1,OP3,FIXED_OPPONENT,train,SCRIPTED:OP3,1,3,0,3,26,0.23999999463558197,1,0,3,21.0,7.8698554405799275,1.5,0.5,0.001336127519607544,0.03999999910593033,1.0,100.0,0.0,0.5832680463790894
3,208,0,26,2,OP3,FIXED_OPPONENT,train,SCRIPTED:OP3,1,3,0,3,26,0.47999998927116394,1,0,9,19.0,6.228043189415565,1.5,0.5,0.00012576580047607422,0.02499999850988388,1.0,100.0,0.0,0.5830779075622559
4,216,0,27,0,OP3,FIXED_OPPONENT,train,SCRIPTED:OP3,1,3,0,3,27,0.4399999976158142,1,0,5,22.0,8.388837461118344,1.5,0.5,-0.0023336261510849,0.02499999850988388,1.0,100.0,0.0,0.5830489993095398
5,224,0,28,2,OP3,FIXED_OPPONENT,train,SCRIPTED:OP3,1,3,0,3,28,0.35999998450279236,1,0,9,21.0,6.287561144147601,1.5,0.5,-0.021711647510528564,0.014999999664723873,1.0,100.0,-0.03999999910593033,0.5768029689788818
6,232,0,29,3,OP3,FIXED_OPPONENT,train,SCRIPTED:OP3,1,3,0,3,29,0.3999999761581421,1,0,9,21.0,7.596189827754579,1.5,0.5,-0.0049592554569244385,0.02499999850988388,1.0,100.0,-0.019999999552965164,0.5800768136978149
7,240,0,30,1,OP3,FIXED_OPPONENT,train,SCRIPTED:OP3,1,3,1,2,30,0.2800000011920929,1,0,14,25.0,6.027194213867188,1.5,0.5,-0.015277162194252014,0.029999999329447746,1.0,100.0,0.0,0.5829557180404663
8,256,0,32,3,OP3,FIXED_OPPONENT,train,SCRIPTED:OP3,1,3,0,3,32,0.2800000011920929,1,0,11,25.0,7.601248741149902,1.5,0.5,-0.0289200097322464,0.029999999329447746,1.0,100.0,0.0,0.5827956199645996
9,336,0,42,0,OP3,FIXED_OPPONENT,train,SCRIPTED:OP3,1,3,2,1,19,0.3199999928474426,1,0,2,12.0,10.584144993832236,1.5,0.5,-0.023770049214363098,0.029999999329447746,1.0,100.0,0.0,0.5828560590744019
10,360,0,45,0,OP3,FIXED_OPPONENT,train,SCRIPTED:OP3,0,2,3,-1,19,0.23999999463558197,1,0,2,12.0,10.150022807874178,-1.2000000476837158,-0.5,0.015106290578842163,0.0,-1.0,-100.0,-0.019999999552965164,-0.540014386177063
11,360,0,45,3,OP3,FIXED_OPPONENT,train,SCRIPTED:OP3,1,3,2,1,19,0.2800000011920929,1,0,5,12.0,9.47614890650699,1.5,0.4000000059604645,-0.01037512719631195,0.029999999329447746,1.0,100.0,0.0,0.5681544542312622
12,368,0,46,2,OP3,FIXED_OPPONENT,train,SCRIPTED:OP3,1,3,2,1,18,0.3199999928474426,1,0,7,11.0,10.269417656792534,1.5,0.8999999761581421,-0.010211735963821411,0.029999999329447746,2.0,200.0,0.0,0.7522550821304321
13,368,0,46,0,OP3,FIXED_OPPONENT,train,SCRIPTED:OP3,0,2,3,-1,19,0.1599999964237213,1,0,5,12.0,10.340817100123354,-1.2000000476837158,0.0,0.00032372772693634033,0.0,0.0,0.0,0.0,-0.26051509380340576
14,384,0,48,1,OP3,FIXED_OPPONENT,train,SCRIPTED:OP3,1,3,2,1,19,0.23999999463558197,1,0,2,12.0,10.024417274876646,1.5,0.0,-0.009479835629463196,0.0,0.0,0.0,0.0,0.32136160135269165
15,392,0,49,3,OP3,FIXED_OPPONENT,train,SCRIPTED:OP3,1,3,1,2,19,0.3199999928474426,1,0,1,12.0,10.274295204564146,1.5,0.5,-0.02340693771839142,0.014999999664723873,1.0,100.0,0.0,0.5826842188835144
16,400,0,50,1,OP3,FIXED_OPPONENT,train,SCRIPTED:OP3,1,3,2,1,18,0.19999998807907104,1,0,0,11.0,11.588821411132812,1.5,0.4000000059604645,-0.0018002688884735107,0.029999999329447746,0.0,0.0,0.0,0.39922240376472473
17,472,0,59,0,OP3,FIXED_OPPONENT,train,SCRIPTED:OP3,1,3,2,1,17,0.35999998450279236,1,0,2,11.0,9.43776658002068,1.5,0.5,-0.04123339056968689,0.014999999664723873,1.0,100.0,0.0,0.582474946975708
18,512,0,64,1,OP3,FIXED_OPPONENT,train,SCRIPTED:OP3,0,1,3,-2,19,0.1599999964237213,1,0,4,12.0,10.260936536287007,-1.2000000476837158,-0.5,0.007562577724456787,0.019999999552965164,-1.0,-100.0,-0.019999999552965164,-0.5398575067520142
19,512,0,64,0,OP3,FIXED_OPPONENT,train,SCRIPTED:OP3,0,2,3,-1,19,0.2800000011920929,1,0,4,12.0,10.582825510125412,-1.2000000476837158,-0.5,-0.013161048293113708,0.019999999552965164,-1.0,-100.0,0.0,-0.5369631052017212
20,512,0,64,1,OP3,FIXED_OPPONENT,train,SCRIPTED:OP3,1,3,2,1,18,0.35999998450279236,1,0,0,11.0,10.424178229437935,1.5,0.4000000059604645,-0.006090864539146423,0.029999999329447746,1.0,100.0,0.0,0.5682060718536377
21,520,0,65,1,OP3,FIXED_OPPONENT,train,SCRIPTED:OP3,1,3,2,1,19,0.2800000011920929,1,0,0,15.0,11.778098658511514,1.5,0.5,-0.007355332374572754,0.029999999329447746,1.0,100.0,-0.019999999552965164,0.580107569694519
22,528,0,66,1,OP3,FIXED_OPPONENT,train,SCRIPTED:OP3,0,2,3,-1,18,0.19999998807907104,1,0,4,11.0,10.708527459038628,-1.2000000476837158,-0.4000000059604645,0.007883727550506592,0.019999999552965164,-1.0,-100.0,0.0,-0.5206871628761292
23,544,0,68,0,OP3,FIXED_OPPONENT,train,SCRIPTED:OP3,1,3,2,1,19,0.2800000011920929,1,0,3,13.0,10.63413439298931,1.5,0.5,-0.03811006247997284,0.029999999329447746,1.0,100.0,0.0,0.5826877355575562
24,560,0,70,2,OP3,FIXED_OPPONENT,train,SCRIPTED:OP3,1,3,2,1,20,0.2800000011920929,1,0,2,12.0,11.209161376953125,1.5,0.5,-0.030888915061950684,0.014999999664723873,1.0,100.0,0.0,0.5825963020324707
25,632,0,79,1,OP3,FIXED_OPPONENT,train,SCRIPTED:OP3,0,3,3,0,20,0.2800000011920929,1,0,4,13.0,8.954801177978515,-0.699999988079071,0.0,0.007106617093086243,0.0,0.0,0.0,-0.019999999552965164,-0.15852534770965576
26,648,0,81,3,OP3,FIXED_OPPONENT,train,SCRIPTED:OP3,1,3,2,1,17,0.1599999964237213,1,0,1,11.0,10.584625244140625,1.5,0.0,0.008560866117477417,0.0,0.0,0.0,0.0,0.32164913415908813
27,664,0,83,3,OP3,FIXED_OPPONENT,train,SCRIPTED:OP3,0,3,3,0,18,0.23999999463558197,1,0,6,11.0,10.375652737087673,-0.699999988079071,0.0,0.0051226019859313965,0.0,0.0,0.0,0.0,-0.1542239934206009
28,672,0,84,1,OP3,FIXED_OPPONENT,train,SCRIPTED:OP3,1,3,2,1,20,0.1599999964237213,1,0,5,13.0,10.869734191894532,1.5,0.5,0.01093408465385437,0.029999999329447746,1.0,100.0,-0.019999999552965164,0.5803232192993164
29,680,0,85,2,OP3,FIXED_OPPONENT,train,SCRIPTED:OP3,0,3,3,0,19,0.3199999928474426,1,0,2,11.0,11.424980565121299,-0.699999988079071,0.0,-0.008489817380905151,0.0,0.0,0.0,-0.019999999552965164,-0.15879563987255096
30,680,0,85,2,OP3,FIXED_OPPONENT,train,SCRIPTED:OP3,0,3,3,0,21,0.11999999731779099,1,0,5,13.0,10.156329926990328,-0.699999988079071,0.0,0.00901135802268982,0.0,0.0,0.0,-0.019999999552965164,-0.1584923416376114
31,704,0,88,1,OP3,FIXED_OPPONENT,train,SCRIPTED:OP3,1,3,2,1,18,0.19999998807907104,1,0,1,11.0,9.677950541178385,1.5,0.5,0.0038837939500808716,0.029999999329447746,1.0,100.0,-0.019999999552965164,0.5802401304244995
32,704,0,88,0,OP3,FIXED_OPPONENT,train,SCRIPTED:OP3,0,3,3,0,20,0.3999999761581421,1,0,4,11.0,9.605435943603515,-0.699999988079071,0.0,-0.0058000534772872925,0.0,0.0,0.0,-0.019999999552965164,-0.1587490290403366
33,784,0,98,1,OP3,FIXED_OPPONENT,train,SCRIPTED:OP3,1,3,2,1,17,0.2800000011920929,1,0,2,12.0,10.02942522834329,1.5,0.5,-0.02798844873905182,0.014999999664723873,1.0,100.0,0.0,0.5826303958892822
34,792,0,99,3,OP3,FIXED_OPPONENT,train,SCRIPTED:OP3,0,3,3,0,20,0.23999999463558197,1,0,2,12.0,11.045092010498047,-0.699999988079071,0.0,-0.005046755075454712,0.0,0.0,0.0,-0.03999999910593033,-0.1630653440952301
35,808,0,101,2,OP3,FIXED_OPPONENT,train,SCRIPTED:OP3,1,3,2,1,18,0.19999998807907104,1,0,0,11.0,11.267907884385851,1.5,0.4000000059604645,0.007051184773445129,0.014999999664723873,1.0,100.0,0.0,0.5681836605072021
36,816,0,102,3,OP3,FIXED_OPPONENT,train,SCRIPTED:OP3,1,3,2,1,17,0.11999999731779099,1,0,2,11.0,10.477403528550091,1.5,0.0,0.00220334529876709,0.0,0.0,0.0,-0.019999999552965164,0.3175572454929352
37,824,0,103,3,OP3,FIXED_OPPONENT,train,SCRIPTED:OP3,0,2,3,-1,19,0.23999999463558197,1,0,4,12.0,10.0705421849301,-1.2000000476837158,-0.5,0.00011451542377471924,0.019999999552965164,-1.0,-100.0,0.0,-0.5367951393127441
38,840,0,105,1,OP3,FIXED_OPPONENT,train,SCRIPTED:OP3,1,3,2,1,20,0.2800000011920929,1,0,3,12.0,9.75402603149414,1.5,0.5,-0.010822251439094543,0.02499999850988388,1.0,100.0,0.0,0.5829493999481201
39,880,0,110,1,OP3,FIXED_OPPONENT,train,SCRIPTED:OP3,0,3,3,0,22,0.11999999731779099,1,0,5,14.0,9.250971013849432,-0.699999988079071,0.0,-0.0017849057912826538,0.0,0.0,0.0,0.0,-0.1543438732624054
40,880,0,110,3,OP3,FIXED_OPPONENT,train,SCRIPTED:OP3,0,3,3,0,22,0.3199999928474426,1,0,7,15.0,9.773591475053268,-0.699999988079071,0.5,0.003839462995529175,0.0,1.0,100.0,0.0,0.175994411110878
41,928,0,116,2,OP3,FIXED_OPPONENT,train,SCRIPTED:OP3,1,3,2,1,18,0.2800000011920929,1,0,0,11.0,10.568905300564236,1.5,0.5,-0.017193853855133057,0.029999999329447746,1.0,100.0,0.0,0.5829333066940308
42,928,0,116,1,OP3,FIXED_OPPONENT,train,SCRIPTED:OP3,1,3,2,1,17,0.2800000011920929,1,0,1,11.0,9.24974957634421,1.5,0.4000000059604645,-0.009823068976402283,0.029999999329447746,1.0,100.0,0.0,0.568161129951477
43,936,0,117,1,OP3,FIXED_OPPONENT,train,SCRIPTED:OP3,1,3,2,1,16,0.3199999928474426,1,0,3,11.0,9.807211875915527,1.5,0.0,-0.008268356323242188,0.0,0.0,0.0,0.0,0.3213808834552765
44,968,0,121,0,OP3,FIXED_OPPONENT,train,SCRIPTED:OP3,1,3,2,1,19,0.23999999463558197,1,0,4,11.0,9.84530318410773,1.5,0.5,-0.04058292508125305,0.029999999329447746,1.0,100.0,0.0,0.5826586484909058
45,976,0,122,3,OP3,FIXED_OPPONENT,train,SCRIPTED:OP3,1,3,2,1,19,0.23999999463558197,1,0,0,12.0,13.54680754009046,1.5,0.5,-0.019427910447120667,0.029999999329447746,1.0,100.0,0.0,0.5829070806503296
46,992,0,124,3,OP3,FIXED_OPPONENT,train,SCRIPTED:OP3,0,2,3,-1,19,0.2800000011920929,1,0,5,12.0,9.557250173468338,-1.2000000476837158,-0.5,-0.013238683342933655,0.019999999552965164,-1.0,-100.0,0.0,-0.5369641184806824
47,1032,0,129,0,OP3,FIXED_OPPONENT,train,SCRIPTED:OP3,0,3,3,0,19,0.1599999964237213,1,0,4,12.0,10.655346519068667,-0.699999988079071,0.0,-0.0035759061574935913,0.0,0.0,0.0,-0.019999999552965164,-0.15871047973632812
48,1064,0,133,1,OP3,FIXED_OPPONENT,train,SCRIPTED:OP3,1,3,2,1,23,0.19999998807907104,1,0,8,15.0,10.369272646696672,1.5,0.5,-0.007844895124435425,0.029999999329447746,1.0,100.0,0.0,0.5830429792404175
49,1072,0,134,2,OP3,FIXED_OPPONENT,train,SCRIPTED:OP3,0,2,3,-1,18,0.3199999928474426,1,0,4,11.0,10.796058654785156,-1.2000000476837158,-0.4000000059604645,-0.0010006874799728394,0.019999999552965164,-1.0,-100.0,0.0,-0.5208023190498352
50,1080,0,135,2,OP3,FIXED_OPPONENT,train,SCRIPTED:OP3,0,3,3,0,19,0.1599999964237213,1,0,5,12.0,10.50443468595806,-0.699999988079071,0.5,-0.00971655547618866,0.0,1.0,100.0,0.0,0.1757608950138092
51,1080,0,135,1,OP3,FIXED_OPPONENT,train,SCRIPTED:OP3,1,3,2,1,18,0.19999998807907104,1,0,3,12.0,10.102589925130209,1.5,0.8999999761581421,-6.879866123199463e-05,0.029999999329447746,2.0,200.0,0.0,0.7523333430290222
52,1112,0,139,0,OP3,FIXED_OPPONENT,train,SCRIPTED:OP3,1,3,2,1,18,0.19999998807907104,1,0,3,11.0,9.914815266927084,1.5,0.4000000059604645,0.008618459105491638,0.014999999664723873,1.0,100.0,0.0,0.5682024955749512
53,1128,0,141,3,OP3,FIXED_OPPONENT,train,SCRIPTED:OP3,1,3,2,1,19,0.3199999928474426,1,0,0,12.0,10.75308629086143,1.5,0.5,-0.013423949480056763,0.014999999664723873,1.0,100.0,-0.019999999552965164,0.5798590183258057
54,1128,0,141,0,OP3,FIXED_OPPONENT,train,SCRIPTED:OP3,0,2,3,-1,17,0.23999999463558197,1,0,3,11.0,10.075302124023438,-1.2000000476837158,0.0,-0.0008144974708557129,0.019999999552965164,0.0,0.0,0.0,-0.2602024972438812
55,1184,0,148,0,OP3,FIXED_OPPONENT,train,SCRIPTED:OP3,0,3,3,0,19,0.2800000011920929,1,0,0,12.0,9.7353660181949,-0.699999988079071,0.0,-0.006341278553009033,0.0,0.0,0.0,-0.019999999552965164,-0.15875840187072754
56,1216,0,152,2,OP3,FIXED_OPPONENT,train,SCRIPTED:OP3,0,2,3,-1,18,0.23999999463558197,1,0,0,11.0,11.234283447265625,-1.2000000476837158,-0.5,0.008629932999610901,0.0,-1.0,-100.0,-0.019999999552965164,-0.5400959849357605
57,1216,0,152,3,OP3,FIXED_OPPONENT,train,SCRIPTED:OP3,1,3,2,1,19,0.35999998450279236,1,0,2,12.0,9.989098799856086,1.5,0.4000000059604645,-0.010438814759254456,0.029999999329447746,1.0,100.0,0.0,0.5681536793708801
58,1224,0,153,3,OP3,FIXED_OPPONENT,train,SCRIPTED:OP3,0,2,3,-1,18,0.2800000011920929,1,0,4,12.0,9.123897128634983,-1.2000000476837158,-0.5,-0.0035116374492645264,0.0,-1.0,-100.0,0.0,-0.537093997001648
59,1232,0,154,1,OP3,FIXED_OPPONENT,train,SCRIPTED:OP3,1,3,2,1,19,0.19999998807907104,1,0,3,12.0,9.798566316303454,1.5,0.5,-0.014118582010269165,0.029999999329447746,1.0,100.0,0.0,0.5829693675041199
60,1256,0,157,0,OP3,FIXED_OPPONENT,train,SCRIPTED:OP3,0,2,3,-1,18,0.19999998807907104,1,0,3,12.0,9.884925842285156,-1.2000000476837158,-0.5,0.01046396791934967,0.019999999552965164,-1.0,-100.0,0.0,-0.5366641879081726
61,1272,0,159,3,OP3,FIXED_OPPONENT,train,SCRIPTED:OP3,1,3,2,1,18,0.2800000011920929,1,0,2,12.0,9.57252671983507,1.5,0.4000000059604645,0.0009912550449371338,0.029999999329447746,1.0,100.0,0.0,0.5682913064956665
62,1272,0,159,0,OP3,FIXED_OPPONENT,train,SCRIPTED:OP3,1,3,2,1,18,0.2800000011920929,1,0,4,11.0,9.761438157823351,1.5,0.5,-0.031094178557395935,0.029999999329447746,1.0,100.0,0.0,0.5827701091766357
63,1328,0,166,3,OP3,FIXED_OPPONENT,train,SCRIPTED:OP3,1,3,2,1,18,0.11999999731779099,1,0,2,11.0,10.610569424099392,1.5,0.5,0.009875759482383728,0.029999999329447746,1.0,100.0,0.0,0.583250880241394
64,1360,0,170,3,OP3,FIXED_OPPONENT,train,SCRIPTED:OP3,0,2,3,-1,18,0.19999998807907104,1,0,0,11.0,10.712191263834635,-1.2000000476837158,-0.5,0.0005993247032165527,0.019999999552965164,-1.0,-100.0,0.0,-0.5367890000343323
65,1360,0,170,1,OP3,FIXED_OPPONENT,train,SCRIPTED:OP3,1,3,2,1,16,0.19999998807907104,1,0,0,12.0,12.756099700927734,1.5,0.0,4.941970109939575e-05,0.0,0.0,0.0,0.0,0.32151347398757935
66,1368,0,171,1,OP3,FIXED_OPPONENT,train,SCRIPTED:OP3,1,3,2,1,19,0.3999999761581421,1,0,4,11.0,9.551742553710938,1.5,0.5,-0.032054364681243896,0.02499999850988388,1.0,100.0,0.0,0.5827001333236694
67,1384,0,173,2,OP3,FIXED_OPPONENT,train,SCRIPTED:OP3,1,3,2,1,20,0.2800000011920929,1,0,2,13.0,11.989410400390625,1.5,0.5,0.007857933640480042,0.029999999329447746,1.0,100.0,0.0,0.5832271575927734
68,1408,0,176,1,OP3,FIXED_OPPONENT,train,SCRIPTED:OP3,1,3,2,1,19,0.23999999463558197,1,0,1,14.0,11.220226890162417,1.5,0.5,-0.013312146067619324,0.029999999329447746,1.0,100.0,-0.019999999552965164,0.5800373554229736
69,1416,0,177,2,OP3,FIXED_OPPONENT,train,SCRIPTED:OP3,0,2,3,-1,18,0.35999998450279236,1,0,2,12.0,10.37141842312283,-1.2000000476837158,0.10000002384185791,0.002849757671356201,0.019999999552965164,0.0,0.0,-0.019999999552965164,-0.24349181354045868
70,1416,0,177,2,OP3,FIXED_OPPONENT,train,SCRIPTED:OP3,1,3,2,1,18,0.19999998807907104,1,0,1,11.0,11.128086513943142,1.5,0.4000000059604645,0.0038789883255958557,0.029999999329447746,1.0,100.0,0.0,0.5683259963989258
71,1472,0,184,2,OP3,FIXED_OPPONENT,train,SCRIPTED:OP3,1,3,2,1,18,0.23999999463558197,1,0,4,11.0,10.129019843207466,1.5,0.4000000059604645,-0.005618870258331299,0.029999999329447746,1.0,100.0,0.0,0.5682116746902466
72,1504,0,188,3,OP3,FIXED_OPPONENT,train,SCRIPTED:OP3,0,2,3,-1,18,0.19999998807907104,1,0,0,11.0,10.334548950195312,-1.2000000476837158,-0.4000000059604645,0.0014975368976593018,0.019999999552965164,-1.0,-100.0,0.0,-0.5207698941230774
73,1504,0,188,0,OP3,FIXED_OPPONENT,train,SCRIPTED:OP3,0,2,3,-1,18,0.19999998807907104,1,0,0,11.0,11.939721001519096,-1.2000000476837158,-0.4000000059604645,-0.008744046092033386,0.019999999552965164,-1.0,-100.0,0.0,-0.5209025740623474
74,1520,0,190,3,OP3,FIXED_OPPONENT,train,SCRIPTED:OP3,0,2,3,-1,19,0.1599999964237213,1,0,0,12.0,11.098426417300576,-1.2000000476837158,-0.5,-0.004184722900390625,0.019999999552965164,-1.0,-100.0,-0.019999999552965164,-0.5400054454803467
75,1528,0,191,2,OP3,FIXED_OPPONENT,train,SCRIPTED:OP3,1,3,2,1,18,0.19999998807907104,1,0,0,11.0,12.040418836805555,1.5,0.4000000059604645,-0.006640620529651642,0.029999999329447746,1.0,100.0,-0.019999999552965164,0.5651822686195374
76,1552,0,194,0,OP3,FIXED_OPPONENT,train,SCRIPTED:OP3,0,2,3,-1,18,0.23999999463558197,1,0,3,11.0,10.432284037272135,-1.2000000476837158,-0.5,0.014867857098579407,0.019999999552965164,-1.0,-100.0,-0.019999999552965164,-0.539765477180481
77,1560,0,195,0,OP3,FIXED_OPPONENT,train,SCRIPTED:OP3,0,3,3,0,18,0.2800000011920929,1,0,1,11.0,10.147271898057726,-0.699999988079071,0.0,-0.010278269648551941,0.0,0.0,0.0,0.0,-0.15449127554893494
78,1560,0,195,0,OP3,FIXED_OPPONENT,train,SCRIPTED:OP3,0,2,3,-1,18,0.23999999463558197,1,0,0,11.0,11.555640326605904,-1.2000000476837158,-0.4000000059604645,0.0072358399629592896,0.0,-1.0,-100.0,0.0,-0.5209546089172363
79,1616,0,202,0,OP3,FIXED_OPPONENT,train,SCRIPTED:OP3,1,3,2,1,18,0.1599999964237213,1,0,4,11.0,10.770941840277779,1.5,0.5,-0.03238999843597412,0.029999999329447746,1.0,100.0,0.0,0.5827548503875732
80,1632,0,204,1,OP3,FIXED_OPPONENT,train,SCRIPTED:OP3,1,3,1,2,16,0.23999999463558197,1,0,2,11.0,10.225500106811523,1.5,0.5,-0.004466064274311066,0.029999999329447746,1.0,100.0,-0.019999999552965164,0.5801416635513306
81,1648,0,206,2,OP3,FIXED_OPPONENT,train,SCRIPTED:OP3,1,3,2,1,18,0.23999999463558197,1,0,5,11.0,9.06135728624132,1.5,0.5,-0.018352240324020386,0.014999999664723873,1.0,100.0,0.0,0.5827435851097107
82,1680,0,210,3,OP3,FIXED_OPPONENT,train,SCRIPTED:OP3,1,3,2,1,19,0.23999999463558197,1,0,3,13.0,9.105676751387747,1.5,0.0,-0.00012587010860443115,0.0,0.0,0.0,0.0,0.3215107023715973
83,1680,0,210,0,OP3,FIXED_OPPONENT,train,SCRIPTED:OP3,0,2,3,-1,20,0.2800000011920929,1,0,1,12.0,11.052400207519531,-1.2000000476837158,-0.5,-0.005464792251586914,0.019999999552965164,-1.0,-100.0,-0.019999999552965164,-0.540021538734436
84,1712,0,214,3,OP3,FIXED_OPPONENT,train,SCRIPTED:OP3,0,2,3,-1,20,0.23999999463558197,1,0,0,12.0,10.083226776123047,-1.2000000476837158,-0.5,-0.0015604346990585327,0.019999999552965164,-1.0,-100.0,-0.019999999552965164,-0.5399724245071411
85,1712,0,214,0,OP3,FIXED_OPPONENT,train,SCRIPTED:OP3,0,2,3,-1,19,0.2800000011920929,1,0,1,11.0,9.538956491570724,-1.2000000476837158,-0.5,-0.0028980374336242676,0.0,-1.0,-100.0,0.0,-0.5370862483978271
86,1720,0,215,2,OP3,FIXED_OPPONENT,train,SCRIPTED:OP3,0,2,3,-1,20,0.3199999928474426,0,1,3,12.0,11.250341796875,-1.2000000476837158,0.0,-0.004257261753082275,0.019999999552965164,0.0,0.0,0.0,-0.2602595388889313
87,1760,0,220,1,OP3,FIXED_OPPONENT,train,SCRIPTED:OP3,0,2,3,-1,18,0.19999998807907104,1,0,5,11.0,9.581008911132812,-1.2000000476837158,-0.5,-0.005882203578948975,0.0,-1.0,-100.0,0.0,-0.5371239185333252
88,1776,0,222,2,OP3,FIXED_OPPONENT,train,SCRIPTED:OP3,1,3,2,1,18,0.19999998807907104,1,0,1,11.0,10.535674201117622,1.5,0.5,-0.033364489674568176,0.029999999329447746,1.0,100.0,-0.019999999552965164,0.5798007249832153
89,1792,0,224,3,OP3,FIXED_OPPONENT,train,SCRIPTED:OP3,0,3,3,0,18,0.1599999964237213,1,0,0,11.0,10.426890055338541,-0.699999988079071,0.0,-0.0013000071048736572,0.0,0.0,0.0,0.0,-0.15433546900749207
90,1824,0,228,2,OP3,FIXED_OPPONENT,train,SCRIPTED:OP3,1,3,2,1,18,0.23999999463558197,1,0,3,11.0,10.17476314968533,1.5,0.4000000059604645,-0.009943872690200806,0.029999999329447746,1.0,100.0,0.0,0.5681596398353577
91,1824,0,228,2,OP3,FIXED_OPPONENT,train,SCRIPTED:OP3,0,3,3,0,18,0.23999999463558197,1,0,5,11.0,9.660820855034721,-0.699999988079071,0.5,-0.00579342246055603,0.0,1.0,100.0,0.0,0.1758284717798233
92,1856,0,232,2,OP3,FIXED_OPPONENT,train,SCRIPTED:OP3,1,3,2,1,17,0.19999998807907104,1,0,0,13.0,9.924072265625,1.5,0.4000000059604645,-0.0005736202001571655,0.014999999664723873,1.0,100.0,0.0,0.568091869354248
93,1864,0,233,2,OP3,FIXED_OPPONENT,train,SCRIPTED:OP3,1,3,1,2,19,0.35999998450279236,1,0,2,12.0,9.497405202765213,1.5,0.5,0.0030171722173690796,0.02499999850988388,1.0,100.0,0.0,0.5831117630004883
94,1872,0,234,1,OP3,FIXED_OPPONENT,train,SCRIPTED:OP3,1,3,2,1,20,0.3199999928474426,1,0,5,13.0,9.189531707763672,1.5,0.5,0.012313678860664368,0.014999999664723873,1.0,100.0,-0.019999999552965164,0.5801626443862915
95,1896,0,237,3,OP3,FIXED_OPPONENT,train,SCRIPTED:OP3,1,3,2,1,15,0.19999998807907104,1,0,0,11.0,11.105740356445313,1.5,0.4000000059604645,-0.005789056420326233,0.029999999329447746,1.0,100.0,-0.019999999552965164,0.5651925802230835
96,1912,0,239,0,OP3,FIXED_OPPONENT,train,SCRIPTED:OP3,0,3,3,0,19,0.23999999463558197,1,0,2,11.0,10.576717979029604,-0.699999988079071,0.0,-0.006688103079795837,0.0,0.0,0.0,-0.03999999910593033,-0.16309376060962677
97,1944,0,243,3,OP3,FIXED_OPPONENT,train,SCRIPTED:OP3,1,3,2,1,19,0.19999998807907104,1,0,3,12.0,11.042563990542764,1.5,0.5,-0.024152055382728577,0.014999999664723873,1.0,100.0,-0.019999999552965164,0.5797324180603027
98,1968,0,246,2,OP3,FIXED_OPPONENT,train,SCRIPTED:OP3,1,3,2,1,18,0.2800000011920929,1,0,3,11.0,9.459722730848524,1.5,0.5,-0.026159510016441345,0.029999999329447746,1.0,100.0,0.0,0.5828280448913574
99,1968,0,246,2,OP3,FIXED_OPPONENT,train,SCRIPTED:OP3,1,3,2,1,18,0.1599999964237213,1,0,1,13.0,9.790858798556858,1.5,0.5,-0.011366218328475952,0.029999999329447746,1.0,100.0,0.0,0.5830016136169434
100,2008,0,251,3,OP3,FIXED_OPPONENT,train,SCRIPTED:OP3,1,3,2,1,19,0.2800000011920929,1,0,3,12.0,11.311820582339639,1.5,0.5,-0.037955887615680695,0.029999999329447746,1.0,100.0,0.0,0.5826895236968994
101,2016,0,252,3,OP3,FIXED_OPPONENT,train,SCRIPTED:OP3,1,3,2,1,19,0.19999998807907104,1,0,4,12.0,10.0848533228824,1.5,0.5,-0.016347438097000122,0.029999999329447746,1.0,100.0,0.0,0.5829432010650635
102,2016,0,252,3,OP3,FIXED_OPPONENT,train,SCRIPTED:OP3,0,2,3,-1,18,0.2800000011920929,1,0,3,14.0,9.457057529025608,-1.2000000476837158,-0.5,-0.008084893226623535,0.0,-1.0,-100.0,0.0,-0.5371518135070801
103,2040,0,255,2,OP3,FIXED_OPPONENT,train,SCRIPTED:OP3,0,1,3,-2,16,0.3199999928474426,1,0,3,12.0,10.449936866760254,-1.2000000476837158,-0.5,0.015426307916641235,0.019999999552965164,-1.0,-100.0,-0.019999999552965164,-0.5397584438323975
104,2048,0,256,0,OP3,FIXED_OPPONENT,train,SCRIPTED:OP3,1,3,2,1,19,0.3999999761581421,1,0,2,12.0,9.80672173751028,1.5,0.4000000059604645,-0.005772486329078674,0.014999999664723873,1.0,100.0,-0.019999999552965164,0.5650112628936768
105,2088,0,261,2,OP3,FIXED_OPPONENT,train,SCRIPTED:OP3,1,3,2,1,18,0.19999998807907104,1,0,0,11.0,9.691793653700087,1.5,0.5,-0.023790761828422546,0.029999999329447746,1.0,100.0,0.0,0.5828558206558228
106,2088,0,261,3,OP3,FIXED_OPPONENT,train,SCRIPTED:OP3,1,3,1,2,15,0.2800000011920929,1,0,0,11.0,11.082177734375,1.5,0.5,0.01163281500339508,0.029999999329447746,1.0,100.0,0.0,0.5832715034484863
107,2112,0,264,2,OP3,FIXED_OPPONENT,train,SCRIPTED:OP3,0,2,3,-1,18,0.19999998807907104,1,0,3,11.0,11.161247253417969,-1.2000000476837158,-0.5,0.009629890322685242,0.019999999552965164,-1.0,-100.0,-0.019999999552965164,-0.5398315191268921
108,2160,0,270,2,OP3,FIXED_OPPONENT,train,SCRIPTED:OP3,1,3,2,1,18,0.19999998807907104,1,0,0,11.0,11.444488525390625,1.5,0.4000000059604645,-0.005818597972393036,0.029999999329447746,1.0,100.0,0.0,0.5682092905044556
109,2160,0,270,1,OP3,FIXED_OPPONENT,train,SCRIPTED:OP3,1,3,1,2,15,0.19999998807907104,1,0,1,11.0,11.35321756998698,1.5,0.4000000059604645,0.008735045790672302,0.029999999329447746,1.0,100.0,0.0,0.5683845281600952
110,2160,0,270,0,OP3,FIXED_OPPONENT,train,SCRIPTED:OP3,1,3,2,1,18,0.19999998807907104,1,0,2,12.0,11.04669189453125,1.5,0.5,-0.03361678123474121,0.029999999329447746,1.0,100.0,0.0,0.5827404856681824
111,2168,0,271,1,OP3,FIXED_OPPONENT,train,SCRIPTED:OP3,1,3,2,1,20,0.1599999964237213,1,0,3,13.0,11.877182006835938,1.5,0.5,-0.032449766993522644,0.029999999329447746,1.0,100.0,0.0,0.5827542543411255
112,2200,0,275,3,OP3,FIXED_OPPONENT,train,SCRIPTED:OP3,0,2,3,-1,19,0.2800000011920929,1,0,3,12.0,9.011973330849095,-1.2000000476837158,-0.5,0.010444298386573792,0.0,-1.0,-100.0,0.0,-0.536917507648468
113,2232,0,279,1,OP3,FIXED_OPPONENT,train,SCRIPTED:OP3,1,3,2,1,18,0.1599999964237213,1,0,1,11.0,11.393539428710938,1.5,0.0,0.0043616145849227905,0.0,0.0,0.0,0.0,0.32158222794532776
114,2248,0,281,3,OP3,FIXED_OPPONENT,train,SCRIPTED:OP3,0,3,3,0,20,0.19999998807907104,1,0,4,13.0,9.557962799072266,-0.699999988079071,0.0,-0.010344639420509338,0.0,0.0,0.0,-0.019999999552965164,-0.1588277667760849
115,2264,0,283,3,OP3,FIXED_OPPONENT,train,SCRIPTED:OP3,0,2,3,-1,19,0.19999998807907104,1,0,2,12.0,10.546911942331414,-1.2000000476837158,-0.5,0.008825331926345825,0.019999999552965164,-1.0,-100.0,-0.019999999552965164,-0.5398416519165039
116,2304,0,288,1,OP3,FIXED_OPPONENT,train,SCRIPTED:OP3,0,2,3,-1,18,0.19999998807907104,1,0,6,12.0,10.062247382269966,-1.2000000476837158,0.0,0.008176445960998535,0.0,0.0,0.0,0.0,-0.2603849470615387
117,2312,0,289,0,OP3,FIXED_OPPONENT,train,SCRIPTED:OP3,1,3,2,1,19,0.2800000011920929,1,0,2,12.0,10.482775236430921,1.5,0.0,-0.009726077318191528,0.0,0.0,0.0,0.0,0.3213576674461365
118,2320,0,290,1,OP3,FIXED_OPPONENT,train,SCRIPTED:OP3,1,3,2,1,19,0.2800000011920929,1,0,0,12.0,10.16751500179893,1.5,0.5,-0.002474069595336914,0.014999999664723873,1.0,100.0,0.0,0.5829299688339233
119,2328,0,291,0,OP3,FIXED_OPPONENT,train,SCRIPTED:OP3,0,2,3,-1,21,0.23999999463558197,1,0,1,14.0,10.170492263067336,-1.2000000476837158,-0.5,0.01238982379436493,0.0,-1.0,-100.0,0.0,-0.5368928909301758
120,2360,0,295,1,OP3,FIXED_OPPONENT,train,SCRIPTED:OP3,1,3,2,1,20,0.19999998807907104,0,1,4,13.0,11.267750549316407,1.5,0.5,-0.0018034428358078003,0.014999999664723873,1.0,100.0,-0.019999999552965164,0.5799961090087891
121,2376,0,297,1,OP3,FIXED_OPPONENT,train,SCRIPTED:OP3,0,1,3,-2,18,0.1599999964237213,1,0,5,11.0,10.466885884602865,-1.2000000476837158,-0.5,-0.0023301243782043457,0.019999999552965164,-1.0,-100.0,-0.019999999552965164,-0.5399821400642395
122,2392,0,299,0,OP3,FIXED_OPPONENT,train,SCRIPTED:OP3,0,2,3,-1,18,0.19999998807907104,1,0,0,12.0,12.36891343858507,-1.2000000476837158,-0.5,0.00652959942817688,0.019999999552965164,-1.0,-100.0,-0.019999999552965164,-0.5398705005645752
123,2408,0,301,1,OP3,FIXED_OPPONENT,train,SCRIPTED:OP3,1,3,2,1,18,0.23999999463558197,1,0,0,11.0,10.126157972547743,1.5,0.5,-0.026138439774513245,0.014999999664723873,1.0,100.0,0.0,0.5826521515846252
124,2464,0,308,1,OP3,FIXED_OPPONENT,train,SCRIPTED:OP3,1,3,2,1,18,0.3199999928474426,1,0,0,11.0,11.595511542426216,1.5,0.5,0.01314273476600647,0.014999999664723873,1.0,100.0,-0.019999999552965164,0.5801724195480347
125,2464,0,308,3,OP3,FIXED_OPPONENT,train,SCRIPTED:OP3,0,3,3,0,20,0.23999999463558197,1,0,2,12.0,10.949390411376953,-0.699999988079071,0.0,-0.011629030108451843,0.0,0.0,0.0,-0.03999999910593033,-0.16317924857139587
126,2464,0,308,1,OP3,FIXED_OPPONENT,train,SCRIPTED:OP3,1,3,2,1,19,0.23999999463558197,1,0,4,12.0,9.760825709292764,1.5,0.5,0.0013002753257751465,0.02499999850988388,1.0,100.0,0.0,0.5830916166305542
127,2480,0,310,2,OP3,FIXED_OPPONENT,train,SCRIPTED:OP3,0,2,3,-1,19,0.2800000011920929,1,0,0,11.0,10.870322779605264,-1.2000000476837158,-0.5,0.001601487398147583,0.0,-1.0,-100.0,0.0,-0.5370294451713562
128,2512,0,314,1,OP3,FIXED_OPPONENT,train,SCRIPTED:OP3,0,3,3,0,19,0.19999998807907104,1,0,1,12.0,11.450268394068667,-0.699999988079071,0.0,0.008658364415168762,0.0,0.0,0.0,0.0,-0.15416264533996582
129,2520,0,315,0,OP3,FIXED_OPPONENT,train,SCRIPTED:OP3,1,3,2,1,16,0.23999999463558197,1,0,2,11.0,10.92733383178711,1.5,0.5,-0.005132034420967102,0.014999999664723873,1.0,100.0,-0.03999999910593033,0.5769996643066406
130,2528,0,316,2,OP3,FIXED_OPPONENT,train,SCRIPTED:OP3,0,2,3,-1,19,0.23999999463558197,1,0,1,11.0,11.036874871504935,-1.2000000476837158,-0.5,0.0022098571062088013,0.019999999552965164,-1.0,-100.0,-0.019999999552965164,-0.5399249196052551
131,2544,0,318,2,OP3,FIXED_OPPONENT,train,SCRIPTED:OP3,0,3,3,0,17,0.1599999964237213,1,0,1,11.0,11.565433277803308,-0.699999988079071,0.0,0.00594870001077652,0.0,0.0,0.0,0.0,-0.1542096734046936
132,2600,0,325,0,OP3,FIXED_OPPONENT,train,SCRIPTED:OP3,1,3,2,1,17,0.19999998807907104,1,0,1,12.0,10.016735301298255,1.5,1.0,0.007532477378845215,0.029999999329447746,2.0,200.0,0.0,0.7618741989135742
133,2608,0,326,3,OP3,FIXED_OPPONENT,train,SCRIPTED:OP3,1,3,2,1,18,0.2800000011920929,1,0,3,11.0,9.22143300374349,1.5,0.5,0.02192223072052002,0.014999999664723873,1.0,100.0,0.0,0.5832161903381348
134,2608,0,326,3,OP3,FIXED_OPPONENT,train,SCRIPTED:OP3,1,3,1,2,18,0.2800000011920929,1,0,4,11.0,9.272634718153212,1.5,0.5,-0.014132723212242126,0.014999999664723873,1.0,100.0,-0.019999999552965164,0.5798506736755371
135,2624,0,328,0,OP3,FIXED_OPPONENT,train,SCRIPTED:OP3,0,3,3,0,18,0.11999999731779099,1,0,4,11.0,10.907033284505209,-0.699999988079071,0.0,-0.005082577466964722,0.0,0.0,0.0,0.0,-0.15440112352371216
136,2664,0,333,2,OP3,FIXED_OPPONENT,train,SCRIPTED:OP3,1,3,2,1,18,0.3199999928474426,1,0,0,11.0,9.378258599175346,1.5,0.4000000059604645,-0.010034576058387756,0.014999999664723873,1.0,100.0,0.0,0.5679779648780823
137,2672,0,334,3,OP3,FIXED_OPPONENT,train,SCRIPTED:OP3,0,3,3,0,20,0.23999999463558197,1,0,3,13.0,9.211255645751953,-0.699999988079071,0.0,0.008410051465034485,0.0,0.0,0.0,-0.03999999910593033,-0.16283246874809265
138,2688,0,336,0,OP3,FIXED_OPPONENT,train,SCRIPTED:OP3,0,2,3,-1,18,0.1599999964237213,1,0,0,12.0,10.509454515245226,-1.2000000476837158,-0.4000000059604645,-0.009767308831214905,0.019999999552965164,-1.0,-100.0,0.0,-0.5209158658981323
139,2688,0,336,2,OP3,FIXED_OPPONENT,train,SCRIPTED:OP3,1,3,2,1,20,0.1599999964237213,1,0,6,13.0,9.51062240600586,1.5,0.5,-0.03031495213508606,0.029999999329447746,1.0,100.0,-0.019999999552965164,0.5798366665840149
140,2744,0,343,3,OP3,FIXED_OPPONENT,train,SCRIPTED:OP3,0,3,3,0,18,0.23999999463558197,1,0,3,11.0,9.517739189995659,-0.699999988079071,0.0,0.0001282915472984314,0.0,0.0,0.0,0.0,-0.1543106883764267
141,2760,0,345,1,OP3,FIXED_OPPONENT,train,SCRIPTED:OP3,0,2,3,-1,19,0.07999999821186066,1,0,6,12.0,10.162395276521382,-1.2000000476837158,0.0,0.003948405385017395,0.0,0.0,0.0,0.0,-0.2604549825191498
142,2760,0,345,0,OP3,FIXED_OPPONENT,train,SCRIPTED:OP3,0,2,3,-1,19,0.23999999463558197,1,0,1,12.0,10.553133512798109,-1.2000000476837158,-0.5,0.004074946045875549,0.0,-1.0,-100.0,-0.019999999552965164,-0.5401532649993896
143,2768,0,346,0,OP3,FIXED_OPPONENT,train,SCRIPTED:OP3,1,3,2,1,18,0.23999999463558197,1,0,0,11.0,9.666346232096354,1.5,0.5,-0.02017313987016678,0.029999999329447746,1.0,100.0,0.0,0.5828982591629028
144,2808,0,351,1,OP3,FIXED_OPPONENT,train,SCRIPTED:OP3,0,2,3,-1,17,0.1599999964237213,1,0,0,11.0,10.103556015912224,-1.2000000476837158,-0.5,-0.005289539694786072,0.019999999552965164,-1.0,-100.0,-0.019999999552965164,-0.5400193929672241
145,2808,0,351,1,OP3,FIXED_OPPONENT,train,SCRIPTED:OP3,1,3,2,1,18,0.35999998450279236,1,0,3,11.0,10.252293904622396,1.5,0.5,-0.027291446924209595,0.014999999664723873,1.0,100.0,0.0,0.5826386213302612
146,2848,0,356,2,OP3,FIXED_OPPONENT,train,SCRIPTED:OP3,0,3,3,0,20,0.23999999463558197,1,0,4,12.0,11.486943817138672,-0.699999988079071,0.0,-0.0052037909626960754,0.0,0.0,0.0,0.0,-0.1544032096862793
147,2856,0,357,3,OP3,FIXED_OPPONENT,train,SCRIPTED:OP3,0,2,3,-1,21,0.1599999964237213,1,0,4,14.0,11.65883309500558,-1.2000000476837158,-0.4000000059604645,-0.009359970688819885,0.019999999552965164,-1.0,-100.0,0.0,-0.5209105610847473
148,2896,0,362,1,OP3,FIXED_OPPONENT,train,SCRIPTED:OP3,1,3,2,1,19,0.1599999964237213,1,0,2,13.0,10.18279386821546,1.5,0.5,-0.0004710778594017029,0.029999999329447746,1.0,100.0,-0.019999999552965164,0.5801887512207031
149,2912,0,364,3,OP3,FIXED_OPPONENT,train,SCRIPTED:OP3,0,2,3,-1,19,0.35999998450279236,1,0,0,12.0,10.130790308902139,-1.2000000476837158,-0.5,0.014943987131118774,0.019999999552965164,-1.0,-100.0,0.0,-0.5366074442863464
150,2920,0,365,0,OP3,FIXED_OPPONENT,train,SCRIPTED:OP3,0,3,3,0,20,0.1599999964237213,1,0,0,12.0,13.076223754882813,-0.699999988079071,0.0,-0.0025543123483657837,0.0,0.0,0.0,0.0,-0.15435722470283508
151,2928,0,366,2,OP3,FIXED_OPPONENT,train,SCRIPTED:OP3,0,3,3,0,20,0.19999998807907104,1,0,1,12.0,10.07891387939453,-0.699999988079071,0.0,0.007928729057312012,0.0,0.0,0.0,-0.019999999552965164,-0.15851108729839325
152,2952,0,369,3,OP3,FIXED_OPPONENT,train,SCRIPTED:OP3,0,2,3,-1,18,0.2800000011920929,1,0,0,12.0,10.097482469346788,-1.2000000476837158,-0.5,0.010861054062843323,0.019999999552965164,-1.0,-100.0,0.0,-0.5366591215133667
153,2952,0,369,0,OP3,FIXED_OPPONENT,train,SCRIPTED:OP3,0,3,3,0,18,0.2800000011920929,1,0,1,11.0,9.53393300374349,-0.699999988079071,0.0,0.005705446004867554,0.0,0.0,0.0,0.0,-0.15421387553215027
