episode_id,timesteps,mode,map_set,phase_name,opponent,success,blue_score,red_score,win_margin,decision_steps,zone_coverage,collision_free_episode,time_to_first_score,mean_inter_robot_dist
1,208,FIXED_OPPONENT,train,OP3,SCRIPTED:OP3,1,3,0,3,26,0.0,1,,
2,224,FIXED_OPPONENT,train,OP3,SCRIPTED:OP3,1,3,0,3,28,0.0,1,,
3,224,FIXED_OPPONENT,train,OP3,SCRIPTED:OP3,1,3,0,3,28,0.0,1,,
4,232,FIXED_OPPONENT,train,OP3,SCRIPTED:OP3,1,3,0,3,29,0.0,1,,
5,248,FIXED_OPPONENT,train,OP3,SCRIPTED:OP3,1,3,0,3,31,0.0,1,,
6,272,FIXED_OPPONENT,train,OP3,SCRIPTED:OP3,1,3,1,2,34,0.0,1,,
7,272,FIXED_OPPONENT,train,OP3,SCRIPTED:OP3,1,3,0,3,34,0.0,1,,
8,288,FIXED_OPPONENT,train,OP3,SCRIPTED:OP3,0,2,3,-1,36,0.0,1,,
9,360,FIXED_OPPONENT,train,OP3,SCRIPTED:OP3,1,3,2,1,17,0.0,1,,
10,360,FIXED_OPPONENT,train,OP3,SCRIPTED:OP3,1,3,2,1,19,0.0,1,,
11,368,FIXED_OPPONENT,train,OP3,SCRIPTED:OP3,1,3,2,1,17,0.0,1,,
12,392,FIXED_OPPONENT,train,OP3,SCRIPTED:OP3,0,2,3,-1,21,0.0,1,,
13,392,FIXED_OPPONENT,train,OP3,SCRIPTED:OP3,0,2,3,-1,18,0.0,1,,
14,424,FIXED_OPPONENT,train,OP3,SCRIPTED:OP3,1,3,2,1,19,0.0,1,,
15,424,FIXED_OPPONENT,train,OP3,SCRIPTED:OP3,1,3,2,1,19,0.0,1,,
16,456,FIXED_OPPONENT,train,OP3,SCRIPTED:OP3,0,2,3,-1,21,0.0,1,,
17,504,FIXED_OPPONENT,train,OP3,SCRIPTED:OP3,1,3,2,1,18,0.0,1,,
18,504,FIXED_OPPONENT,train,OP3,SCRIPTED:OP3,0,2,3,-1,18,0.0,1,,
19,512,FIXED_OPPONENT,train,OP3,SCRIPTED:OP3,1,3,2,1,18,0.0,1,,
20,560,FIXED_OPPONENT,train,OP3,SCRIPTED:OP3,0,2,3,-1,17,0.0,1,,
21,560,FIXED_OPPONENT,train,OP3,SCRIPTED:OP3,0,2,3,-1,21,0.0,1,,
22,568,FIXED_OPPONENT,train,OP3,SCRIPTED:OP3,0,3,3,0,22,0.0,1,,
23,592,FIXED_OPPONENT,train,OP3,SCRIPTED:OP3,1,3,2,1,21,0.0,1,,
24,592,FIXED_OPPONENT,train,OP3,SCRIPTED:OP3,1,3,2,1,17,0.0,1,,
25,648,FIXED_OPPONENT,train,OP3,SCRIPTED:OP3,1,3,2,1,17,0.0,1,,
26,672,FIXED_OPPONENT,train,OP3,SCRIPTED:OP3,0,2,3,-1,21,0.0,1,,
27,672,FIXED_OPPONENT,train,OP3,SCRIPTED:OP3,1,3,2,1,21,0.0,1,,
28,704,FIXED_OPPONENT,train,OP3,SCRIPTED:OP3,0,2,3,-1,18,0.0,1,,
29,704,FIXED_OPPONENT,train,OP3,SCRIPTED:OP3,1,3,2,1,18,0.0,1,,
30,712,FIXED_OPPONENT,train,OP3,SCRIPTED:OP3,1,3,2,1,18,0.0,1,,
31,744,FIXED_OPPONENT,train,OP3,SCRIPTED:OP3,0,2,3,-1,19,0.0,1,,
32,744,FIXED_OPPONENT,train,OP3,SCRIPTED:OP3,1,3,2,1,19,0.0,1,,
33,800,FIXED_OPPONENT,train,OP3,SCRIPTED:OP3,0,3,3,0,19,0.0,1,,
34,816,FIXED_OPPONENT,train,OP3,SCRIPTED:OP3,1,3,2,1,18,0.0,1,,
35,816,FIXED_OPPONENT,train,OP3,SCRIPTED:OP3,0,2,3,-1,18,0.0,1,,
36,840,FIXED_OPPONENT,train,OP3,SCRIPTED:OP3,1,3,2,1,16,0.0,1,,
37,848,FIXED_OPPONENT,train,OP3,SCRIPTED:OP3,0,2,3,-1,18,0.0,1,,
38,856,FIXED_OPPONENT,train,OP3,SCRIPTED:OP3,0,2,3,-1,19,0.0,1,,
39,888,FIXED_OPPONENT,train,OP3,SCRIPTED:OP3,1,3,2,1,18,0.0,1,,
40,888,FIXED_OPPONENT,train,OP3,SCRIPTED:OP3,0,2,3,-1,18,0.0,1,,
41,944,FIXED_OPPONENT,train,OP3,SCRIPTED:OP3,1,3,2,1,18,0.0,1,,
42,960,FIXED_OPPONENT,train,OP3,SCRIPTED:OP3,0,3,3,0,18,0.0,1,,
43,984,FIXED_OPPONENT,train,OP3,SCRIPTED:OP3,1,3,2,1,21,0.0,1,,
44,992,FIXED_OPPONENT,train,OP3,SCRIPTED:OP3,1,3,2,1,19,0.0,1,,
45,1000,FIXED_OPPONENT,train,OP3,SCRIPTED:OP3,0,2,3,-1,19,0.0,1,,
46,1000,FIXED_OPPONENT,train,OP3,SCRIPTED:OP3,0,2,3,-1,18,0.0,1,,
47,1016,FIXED_OPPONENT,train,OP3,SCRIPTED:OP3,0,2,3,-1,16,0.0,1,,
48,1032,FIXED_OPPONENT,train,OP3,SCRIPTED:OP3,0,2,3,-1,18,0.0,1,,
49,1112,FIXED_OPPONENT,train,OP3,SCRIPTED:OP3,0,3,3,0,21,0.0,1,,
50,1120,FIXED_OPPONENT,train,OP3,SCRIPTED:OP3,0,2,3,-1,20,0.0,1,,
51,1128,FIXED_OPPONENT,train,OP3,SCRIPTED:OP3,1,3,2,1,18,0.0,1,,
52,1144,FIXED_OPPONENT,train,OP3,SCRIPTED:OP3,1,3,2,1,18,0.0,1,,
53,1152,FIXED_OPPONENT,train,OP3,SCRIPTED:OP3,1,3,1,2,19,0.0,1,,
54,1160,FIXED_OPPONENT,train,OP3,SCRIPTED:OP3,1,3,2,1,18,0.0,1,,
55,1160,FIXED_OPPONENT,train,OP3,SCRIPTED:OP3,0,2,3,-1,21,0.0,1,,
56,1184,FIXED_OPPONENT,train,OP3,SCRIPTED:OP3,0,3,3,0,19,0.0,1,,
57,1272,FIXED_OPPONENT,train,OP3,SCRIPTED:OP3,1,3,2,1,18,0.0,1,,
58,1272,FIXED_OPPONENT,train,OP3,SCRIPTED:OP3,0,2,3,-1,19,0.0,1,,
59,1272,FIXED_OPPONENT,train,OP3,SCRIPTED:OP3,0,2,3,-1,20,0.0,1,,
60,1288,FIXED_OPPONENT,train,OP3,SCRIPTED:OP3,0,2,3,-1,17,0.0,1,,
61,1296,FIXED_OPPONENT,train,OP3,SCRIPTED:OP3,1,3,2,1,19,0.0,1,,
62,1312,FIXED_OPPONENT,train,OP3,SCRIPTED:OP3,1,3,2,1,19,0.0,1,,
63,1312,FIXED_OPPONENT,train,OP3,SCRIPTED:OP3,1,3,2,1,19,0.0,1,,
64,1328,FIXED_OPPONENT,train,OP3,SCRIPTED:OP3,1,3,2,1,18,0.0,1,,
65,1408,FIXED_OPPONENT,train,OP3,SCRIPTED:OP3,1,3,2,1,17,0.0,1,,
66,1416,FIXED_OPPONENT,train,OP3,SCRIPTED:OP3,1,3,2,1,18,0.0,1,,
67,1416,FIXED_OPPONENT,train,OP3,SCRIPTED:OP3,0,2,3,-1,18,0.0,1,,
68,1440,FIXED_OPPONENT,train,OP3,SCRIPTED:OP3,1,3,2,1,18,0.0,1,,
69,1448,FIXED_OPPONENT,train,OP3,SCRIPTED:OP3,1,3,2,1,20,0.0,1,,
70,1464,FIXED_OPPONENT,train,OP3,SCRIPTED:OP3,1,3,2,1,19,0.0,1,,
71,1472,FIXED_OPPONENT,train,OP3,SCRIPTED:OP3,0,2,3,-1,20,0.0,1,,
72,1480,FIXED_OPPONENT,train,OP3,SCRIPTED:OP3,0,2,3,-1,19,0.0,1,,
73,1560,FIXED_OPPONENT,train,OP3,SCRIPTED:OP3,0,2,3,-1,19,0.0,1,,
74,1568,FIXED_OPPONENT,train,OP3,SCRIPTED:OP3,0,2,3,-1,19,0.0,1,,
75,1576,FIXED_OPPONENT,train,OP3,SCRIPTED:OP3,0,3,3,0,20,0.0,1,,
76,1592,FIXED_OPPONENT,train,OP3,SCRIPTED:OP3,0,2,3,-1,19,0.0,1,,
77,1600,FIXED_OPPONENT,train,OP3,SCRIPTED:OP3,0,2,3,-1,19,0.0,1,,
78,1616,FIXED_OPPONENT,train,OP3,SCRIPTED:OP3,0,2,3,-1,19,0.0,1,,
79,1624,FIXED_OPPONENT,train,OP3,SCRIPTED:OP3,0,2,3,-1,19,0.0,1,,
80,1640,FIXED_OPPONENT,train,OP3,SCRIPTED:OP3,0,2,3,-1,20,0.0,1,,
81,1704,FIXED_OPPONENT,train,OP3,SCRIPTED:OP3,0,3,3,0,18,0.0,1,,
82,1712,FIXED_OPPONENT,train,OP3,SCRIPTED:OP3,0,3,3,0,18,0.0,1,,
83,1736,FIXED_OPPONENT,train,OP3,SCRIPTED:OP3,1,3,2,1,20,0.0,1,,
84,1752,FIXED_OPPONENT,train,OP3,SCRIPTED:OP3,0,3,3,0,19,0.0,1,,
85,1760,FIXED_OPPONENT,train,OP3,SCRIPTED:OP3,1,3,2,1,21,0.0,1,,
86,1776,FIXED_OPPONENT,train,OP3,SCRIPTED:OP3,0,3,3,0,19,0.0,1,,
87,1784,FIXED_OPPONENT,train,OP3,SCRIPTED:OP3,1,3,2,1,21,0.0,1,,
88,1792,FIXED_OPPONENT,train,OP3,SCRIPTED:OP3,0,3,3,0,19,0.0,1,,
89,1848,FIXED_OPPONENT,train,OP3,SCRIPTED:OP3,1,3,2,1,18,0.0,1,,
90,1872,FIXED_OPPONENT,train,OP3,SCRIPTED:OP3,0,2,3,-1,20,0.0,1,,
91,1880,FIXED_OPPONENT,train,OP3,SCRIPTED:OP3,0,3,3,0,18,0.0,1,,
