episode_id,timesteps,policy_update,rollout_step,mode,map_set,opponent,success,blue_score,red_score,win_margin,decision_steps,zone_coverage,collision_free_episode,collision_events_per_episode,near_misses_per_episode,time_to_first_score,mean_inter_robot_dist
1,184,0,23,FIXED_OPPONENT,train,SCRIPTED:OP3,1,3,0,3,23,0.2800000011920929,1,0,2,16.0,7.606817494268003
2,208,0,26,FIXED_OPPONENT,train,SCRIPTED:OP3,1,3,0,3,26,0.23999999463558197,1,0,3,21.0,7.8727874755859375
3,216,0,27,FIXED_OPPONENT,train,SCRIPTED:OP3,1,3,0,3,27,0.4399999976158142,1,0,8,20.0,6.165244773582176
4,216,0,27,FIXED_OPPONENT,train,SCRIPTED:OP3,1,3,0,3,27,0.3199999928474426,1,0,0,22.0,8.215961032443577
5,224,0,28,FIXED_OPPONENT,train,SCRIPTED:OP3,1,3,0,3,28,0.35999998450279236,1,0,9,21.0,6.287561144147601
6,232,0,29,FIXED_OPPONENT,train,SCRIPTED:OP3,1,3,0,3,29,0.47999998927116394,1,0,2,21.0,8.359459186422415
7,240,0,30,FIXED_OPPONENT,train,SCRIPTED:OP3,1,3,1,2,30,0.2800000011920929,1,0,14,25.0,6.027194213867188
8,248,0,31,FIXED_OPPONENT,train,SCRIPTED:OP3,1,3,0,3,31,0.2800000011920929,1,0,11,25.0,7.973005725491431
9,336,0,42,FIXED_OPPONENT,train,SCRIPTED:OP3,1,3,2,1,19,0.3199999928474426,1,0,3,12.0,10.738139905427632
10,360,0,45,FIXED_OPPONENT,train,SCRIPTED:OP3,0,2,3,-1,19,0.23999999463558197,1,0,1,12.0,9.786602622584292
11,368,0,46,FIXED_OPPONENT,train,SCRIPTED:OP3,0,2,3,-1,19,0.1599999964237213,1,0,1,12.0,10.889330412212171
12,368,0,46,FIXED_OPPONENT,train,SCRIPTED:OP3,1,3,2,1,18,0.3199999928474426,1,0,7,11.0,10.269417656792534
13,368,0,46,FIXED_OPPONENT,train,SCRIPTED:OP3,0,2,3,-1,19,0.19999998807907104,1,0,2,12.0,11.640256379780016
14,392,0,49,FIXED_OPPONENT,train,SCRIPTED:OP3,1,3,1,2,19,0.3199999928474426,1,0,1,12.0,10.274295204564146
15,400,0,50,FIXED_OPPONENT,train,SCRIPTED:OP3,0,3,3,0,21,0.2800000011920929,1,0,1,13.0,10.351370675223214
16,408,0,51,FIXED_OPPONENT,train,SCRIPTED:OP3,1,3,2,1,20,0.3199999928474426,1,0,4,13.0,10.02411117553711
17,472,0,59,FIXED_OPPONENT,train,SCRIPTED:OP3,1,3,1,2,17,0.35999998450279236,1,0,0,11.0,10.334855921128216
18,488,0,61,FIXED_OPPONENT,train,SCRIPTED:OP3,1,3,2,1,16,0.11999999731779099,1,0,3,11.0,10.018980979919434
19,512,0,64,FIXED_OPPONENT,train,SCRIPTED:OP3,0,2,3,-1,18,0.19999998807907104,1,0,2,11.0,9.853767395019531
20,512,0,64,FIXED_OPPONENT,train,SCRIPTED:OP3,0,3,3,0,18,0.23999999463558197,1,0,3,11.0,10.117435031467014
21,520,0,65,FIXED_OPPONENT,train,SCRIPTED:OP3,0,2,3,-1,19,0.19999998807907104,1,0,7,11.0,9.998560052168997
22,536,0,67,FIXED_OPPONENT,train,SCRIPTED:OP3,0,2,3,-1,17,0.19999998807907104,1,0,0,11.0,10.172820147346048
23,536,0,67,FIXED_OPPONENT,train,SCRIPTED:OP3,0,3,3,0,18,0.19999998807907104,1,0,1,11.0,10.963651021321615
24,552,0,69,FIXED_OPPONENT,train,SCRIPTED:OP3,0,3,3,0,18,0.1599999964237213,1,0,1,11.0,12.026942782931858
25,616,0,77,FIXED_OPPONENT,train,SCRIPTED:OP3,0,2,3,-1,18,0.23999999463558197,1,0,0,13.0,9.394360860188803
26,656,0,82,FIXED_OPPONENT,train,SCRIPTED:OP3,1,3,2,1,18,0.1599999964237213,1,0,3,11.0,9.802190992567274
27,664,0,83,FIXED_OPPONENT,train,SCRIPTED:OP3,0,2,3,-1,22,0.35999998450279236,1,0,6,15.0,9.851058959960938
28,672,0,84,FIXED_OPPONENT,train,SCRIPTED:OP3,0,3,3,0,19,0.2800000011920929,1,0,0,11.0,10.499292474043997
29,672,0,84,FIXED_OPPONENT,train,SCRIPTED:OP3,0,2,3,-1,20,0.2800000011920929,1,0,3,12.0,9.28221435546875
30,688,0,86,FIXED_OPPONENT,train,SCRIPTED:OP3,0,3,3,0,19,0.19999998807907104,1,0,5,12.0,10.065575850637336
31,696,0,87,FIXED_OPPONENT,train,SCRIPTED:OP3,0,3,3,0,20,0.1599999964237213,1,0,2,13.0,9.954135131835937
32,696,0,87,FIXED_OPPONENT,train,SCRIPTED:OP3,1,3,2,1,18,0.2800000011920929,1,0,3,11.0,9.625826517740885
33,768,0,96,FIXED_OPPONENT,train,SCRIPTED:OP3,0,2,3,-1,19,0.3199999928474426,1,0,6,12.0,9.496301751387747
34,808,0,101,FIXED_OPPONENT,train,SCRIPTED:OP3,0,2,3,-1,18,0.19999998807907104,1,0,0,11.0,12.448157416449654
35,808,0,101,FIXED_OPPONENT,train,SCRIPTED:OP3,1,3,2,1,17,0.1599999964237213,1,0,0,11.0,11.307772468118106
36,808,0,101,FIXED_OPPONENT,train,SCRIPTED:OP3,1,3,2,1,19,0.19999998807907104,1,0,1,12.0,10.53921830026727
37,824,0,103,FIXED_OPPONENT,train,SCRIPTED:OP3,1,3,2,1,19,0.19999998807907104,1,0,1,12.0,9.977360775596217
38,832,0,104,FIXED_OPPONENT,train,SCRIPTED:OP3,0,2,3,-1,18,0.35999998450279236,1,0,6,11.0,9.779575771755642
39,856,0,107,FIXED_OPPONENT,train,SCRIPTED:OP3,0,2,3,-1,20,0.3199999928474426,1,0,2,13.0,10.87946014404297
40,872,0,109,FIXED_OPPONENT,train,SCRIPTED:OP3,0,3,3,0,22,0.19999998807907104,1,0,3,13.0,10.212393327192826
41,912,0,114,FIXED_OPPONENT,train,SCRIPTED:OP3,1,3,2,1,18,0.2800000011920929,1,0,0,11.0,9.398918999565971
42,960,0,120,FIXED_OPPONENT,train,SCRIPTED:OP3,0,3,3,0,19,0.2800000011920929,1,0,2,12.0,10.259499800832648
43,968,0,121,FIXED_OPPONENT,train,SCRIPTED:OP3,1,3,2,1,18,0.23999999463558197,1,0,0,11.0,10.860071818033854
44,976,0,122,FIXED_OPPONENT,train,SCRIPTED:OP3,1,3,2,1,21,0.23999999463558197,1,0,2,14.0,10.781490507579985
45,976,0,122,FIXED_OPPONENT,train,SCRIPTED:OP3,0,2,3,-1,15,0.23999999463558197,1,0,1,11.0,10.223906453450521
46,976,0,122,FIXED_OPPONENT,train,SCRIPTED:OP3,1,3,2,1,21,0.23999999463558197,1,0,2,14.0,10.249411446707589
47,976,0,122,FIXED_OPPONENT,train,SCRIPTED:OP3,0,3,3,0,18,0.23999999463558197,1,0,5,11.0,10.486867268880209
48,992,0,124,FIXED_OPPONENT,train,SCRIPTED:OP3,0,1,3,-2,15,0.23999999463558197,1,0,0,11.0,12.490376790364584
49,1064,0,133,FIXED_OPPONENT,train,SCRIPTED:OP3,0,2,3,-1,19,0.23999999463558197,1,0,8,11.0,10.065508390727796
50,1096,0,137,FIXED_OPPONENT,train,SCRIPTED:OP3,1,3,2,1,15,0.23999999463558197,1,0,1,11.0,9.646754964192708
51,1112,0,139,FIXED_OPPONENT,train,SCRIPTED:OP3,1,3,2,1,18,0.2800000011920929,1,0,3,13.0,10.624153137207031
52,1120,0,140,FIXED_OPPONENT,train,SCRIPTED:OP3,1,3,2,1,18,0.19999998807907104,1,0,3,12.0,11.046822441948784
53,1120,0,140,FIXED_OPPONENT,train,SCRIPTED:OP3,1,3,2,1,18,0.23999999463558197,1,0,1,11.0,10.724265204535591
54,1128,0,141,FIXED_OPPONENT,train,SCRIPTED:OP3,1,3,2,1,21,0.19999998807907104,1,0,6,14.0,8.917125883556547
55,1136,0,142,FIXED_OPPONENT,train,SCRIPTED:OP3,0,2,3,-1,18,0.19999998807907104,1,0,0,11.0,12.20579104953342
56,1136,0,142,FIXED_OPPONENT,train,SCRIPTED:OP3,1,3,2,1,20,0.19999998807907104,1,0,1,13.0,10.73272247314453
57,1208,0,151,FIXED_OPPONENT,train,SCRIPTED:OP3,1,3,2,1,18,0.2800000011920929,1,0,0,11.0,12.018001980251736
58,1248,0,156,FIXED_OPPONENT,train,SCRIPTED:OP3,1,3,2,1,19,0.23999999463558197,1,0,3,12.0,10.40423583984375
59,1256,0,157,FIXED_OPPONENT,train,SCRIPTED:OP3,0,3,3,0,18,0.1599999964237213,1,0,3,11.0,9.94252438015408
60,1264,0,158,FIXED_OPPONENT,train,SCRIPTED:OP3,1,3,2,1,18,0.23999999463558197,1,0,1,11.0,10.519807603624132
61,1272,0,159,FIXED_OPPONENT,train,SCRIPTED:OP3,0,3,3,0,19,0.19999998807907104,1,0,0,11.0,11.222245065789474
62,1280,0,160,FIXED_OPPONENT,train,SCRIPTED:OP3,1,3,2,1,19,0.19999998807907104,1,0,2,11.0,10.788827996504935
63,1288,0,161,FIXED_OPPONENT,train,SCRIPTED:OP3,1,3,2,1,19,0.23999999463558197,1,0,1,12.0,11.008159436677632
64,1304,0,163,FIXED_OPPONENT,train,SCRIPTED:OP3,0,2,3,-1,21,0.23999999463558197,1,0,5,11.0,9.477984473818825
65,1360,0,170,FIXED_OPPONENT,train,SCRIPTED:OP3,0,3,3,0,19,0.3199999928474426,1,0,1,11.0,9.636570980674342
66,1400,0,175,FIXED_OPPONENT,train,SCRIPTED:OP3,0,2,3,-1,19,0.19999998807907104,1,0,3,12.0,10.63271050704153
67,1408,0,176,FIXED_OPPONENT,train,SCRIPTED:OP3,1,3,2,1,18,0.19999998807907104,1,0,8,13.0,8.956920199924046
68,1408,0,176,FIXED_OPPONENT,train,SCRIPTED:OP3,0,2,3,-1,19,0.3199999928474426,1,0,4,12.0,9.24386998226768
69,1416,0,177,FIXED_OPPONENT,train,SCRIPTED:OP3,1,3,2,1,17,0.23999999463558197,1,0,3,12.0,10.99412446863511
70,1424,0,178,FIXED_OPPONENT,train,SCRIPTED:OP3,1,3,2,1,19,0.2800000011920929,1,0,8,12.0,10.604517886513158
71,1440,0,180,FIXED_OPPONENT,train,SCRIPTED:OP3,1,3,2,1,19,0.3199999928474426,1,0,2,12.0,9.889834755345396
72,1456,0,182,FIXED_OPPONENT,train,SCRIPTED:OP3,1,3,2,1,19,0.23999999463558197,1,0,2,13.0,11.217182360197368
73,1504,0,188,FIXED_OPPONENT,train,SCRIPTED:OP3,1,3,2,1,18,0.19999998807907104,1,0,3,11.0,9.788326687282986
74,1536,0,192,FIXED_OPPONENT,train,SCRIPTED:OP3,0,3,3,0,16,0.2800000011920929,1,0,0,12.0,10.174721717834473
75,1552,0,194,FIXED_OPPONENT,train,SCRIPTED:OP3,0,2,3,-1,18,0.2800000011920929,1,0,3,11.0,9.713651021321615
76,1552,0,194,FIXED_OPPONENT,train,SCRIPTED:OP3,1,3,2,1,19,0.23999999463558197,1,0,3,13.0,10.062264693410773
77,1568,0,196,FIXED_OPPONENT,train,SCRIPTED:OP3,1,3,2,1,19,0.3199999928474426,1,0,2,12.0,9.970238936574836
78,1584,0,198,FIXED_OPPONENT,train,SCRIPTED:OP3,1,3,2,1,20,0.19999998807907104,1,0,5,12.0,10.075194549560546
79,1592,0,199,FIXED_OPPONENT,train,SCRIPTED:OP3,1,3,2,1,19,0.1599999964237213,1,0,0,12.0,11.369475515265213
80,1600,0,200,FIXED_OPPONENT,train,SCRIPTED:OP3,0,2,3,-1,18,0.23999999463558197,1,0,1,11.0,10.563434176974827
81,1664,0,208,FIXED_OPPONENT,train,SCRIPTED:OP3,1,3,2,1,20,0.19999998807907104,1,0,2,13.0,10.173678588867187
82,1680,0,210,FIXED_OPPONENT,train,SCRIPTED:OP3,1,3,2,1,16,0.1599999964237213,1,0,0,11.0,11.694541931152344
83,1680,0,210,FIXED_OPPONENT,train,SCRIPTED:OP3,0,2,3,-1,18,0.11999999731779099,1,0,3,11.0,11.496405707465279
84,1704,0,213,FIXED_OPPONENT,train,SCRIPTED:OP3,1,3,2,1,19,0.19999998807907104,1,0,0,12.0,12.097979093852796
85,1720,0,215,FIXED_OPPONENT,train,SCRIPTED:OP3,0,2,3,-1,19,0.2800000011920929,1,0,4,12.0,10.313181826942845
86,1728,0,216,FIXED_OPPONENT,train,SCRIPTED:OP3,1,3,2,1,18,0.3199999928474426,1,0,2,12.0,10.06449974907769
87,1736,0,217,FIXED_OPPONENT,train,SCRIPTED:OP3,1,3,2,1,18,0.19999998807907104,1,0,2,12.0,9.501729329427084
88,1744,0,218,FIXED_OPPONENT,train,SCRIPTED:OP3,1,3,2,1,18,0.2800000011920929,1,0,1,12.0,10.657335069444445
89,1800,0,225,FIXED_OPPONENT,train,SCRIPTED:OP3,1,3,2,1,17,0.1599999964237213,1,0,0,11.0,10.42274834127987
90,1832,0,229,FIXED_OPPONENT,train,SCRIPTED:OP3,1,3,2,1,19,0.23999999463558197,1,0,4,12.0,10.244693153782896
91,1832,0,229,FIXED_OPPONENT,train,SCRIPTED:OP3,1,3,2,1,19,0.23999999463558197,1,0,3,12.0,9.939169632761102
92,1856,0,232,FIXED_OPPONENT,train,SCRIPTED:OP3,1,3,2,1,19,0.23999999463558197,1,0,0,12.0,10.363232261256167
93,1864,0,233,FIXED_OPPONENT,train,SCRIPTED:OP3,1,3,2,1,18,0.23999999463558197,1,0,3,11.0,11.06657494439019
94,1872,0,234,FIXED_OPPONENT,train,SCRIPTED:OP3,0,3,3,0,18,0.23999999463558197,1,0,0,11.0,10.25840589735243
95,1872,0,234,FIXED_OPPONENT,train,SCRIPTED:OP3,1,3,2,1,17,0.1599999964237213,1,0,1,11.0,11.07842389275046
96,1896,0,237,FIXED_OPPONENT,train,SCRIPTED:OP3,1,3,2,1,19,0.19999998807907104,1,0,1,12.0,11.701798288445724
97,1960,0,245,FIXED_OPPONENT,train,SCRIPTED:OP3,0,2,3,-1,20,0.19999998807907104,1,0,1,13.0,10.615140533447265
98,1984,0,248,FIXED_OPPONENT,train,SCRIPTED:OP3,1,3,2,1,19,0.2800000011920929,1,0,7,12.0,10.16531773617393
99,1984,0,248,FIXED_OPPONENT,train,SCRIPTED:OP3,1,3,2,1,19,0.2800000011920929,1,0,1,12.0,9.999717310855264
100,2008,0,251,FIXED_OPPONENT,train,SCRIPTED:OP3,0,2,3,-1,19,0.19999998807907104,1,0,5,12.0,9.00724872789885
101,2016,0,252,FIXED_OPPONENT,train,SCRIPTED:OP3,1,3,2,1,19,0.23999999463558197,1,0,4,12.0,9.895800941868833
102,2016,0,252,FIXED_OPPONENT,train,SCRIPTED:OP3,1,3,2,1,18,0.3199999928474426,1,0,0,11.0,10.397367689344618
103,2040,0,255,FIXED_OPPONENT,train,SCRIPTED:OP3,0,2,3,-1,21,0.23999999463558197,1,0,5,14.0,9.761911301385789
104,2040,0,255,FIXED_OPPONENT,train,SCRIPTED:OP3,0,2,3,-1,18,0.2800000011920929,1,0,1,11.0,11.400733947753906
105,2104,0,263,FIXED_OPPONENT,train,SCRIPTED:OP3,0,2,3,-1,18,0.35999998450279236,1,0,0,11.0,10.062723795572916
106,2136,0,267,FIXED_OPPONENT,train,SCRIPTED:OP3,0,3,3,0,19,0.35999998450279236,1,0,2,12.0,9.44263337787829
107,2144,0,268,FIXED_OPPONENT,train,SCRIPTED:OP3,0,2,3,-1,20,0.19999998807907104,1,0,7,13.0,10.152935791015626
108,2152,0,269,FIXED_OPPONENT,train,SCRIPTED:OP3,1,3,2,1,18,0.2800000011920929,1,0,3,11.0,10.506624009874132
109,2168,0,271,FIXED_OPPONENT,train,SCRIPTED:OP3,0,2,3,-1,19,0.11999999731779099,1,0,0,11.0,12.706070749383224
110,2168,0,271,FIXED_OPPONENT,train,SCRIPTED:OP3,0,2,3,-1,19,0.23999999463558197,1,0,3,12.0,9.467688309518914
111,2184,0,273,FIXED_OPPONENT,train,SCRIPTED:OP3,0,2,3,-1,18,0.23999999463558197,1,0,0,12.0,11.70827907986111
112,2208,0,276,FIXED_OPPONENT,train,SCRIPTED:OP3,0,2,3,-1,21,0.1599999964237213,1,0,4,14.0,10.896361578078498
113,2256,0,282,FIXED_OPPONENT,train,SCRIPTED:OP3,1,3,2,1,19,0.23999999463558197,1,0,1,12.0,10.695214522512336
114,2280,0,285,FIXED_OPPONENT,train,SCRIPTED:OP3,0,2,3,-1,17,0.19999998807907104,1,0,1,11.0,10.49263449276195
115,2288,0,286,FIXED_OPPONENT,train,SCRIPTED:OP3,0,2,3,-1,17,0.19999998807907104,1,0,0,11.0,11.515022726619945
116,2304,0,288,FIXED_OPPONENT,train,SCRIPTED:OP3,1,3,2,1,21,0.2800000011920929,1,0,4,14.0,10.92510986328125
117,2312,0,289,FIXED_OPPONENT,train,SCRIPTED:OP3,1,3,2,1,18,0.2800000011920929,1,0,2,11.0,11.074516296386719
118,2328,0,291,FIXED_OPPONENT,train,SCRIPTED:OP3,0,2,3,-1,20,0.19999998807907104,1,0,4,13.0,9.795147705078126
119,2360,0,295,FIXED_OPPONENT,train,SCRIPTED:OP3,1,3,2,1,19,0.19999998807907104,1,0,5,12.0,9.180083425421463
120,2360,0,295,FIXED_OPPONENT,train,SCRIPTED:OP3,0,3,3,0,22,0.23999999463558197,1,0,5,15.0,10.05229464444247
121,2408,0,301,FIXED_OPPONENT,train,SCRIPTED:OP3,0,3,3,0,19,0.3199999928474426,1,0,2,11.0,9.648387708162007
122,2432,0,304,FIXED_OPPONENT,train,SCRIPTED:OP3,0,2,3,-1,18,0.1599999964237213,1,0,3,11.0,10.509141710069445
123,2440,0,305,FIXED_OPPONENT,train,SCRIPTED:OP3,0,2,3,-1,20,0.3199999928474426,1,0,4,13.0,10.440432739257812
124,2448,0,306,FIXED_OPPONENT,train,SCRIPTED:OP3,0,2,3,-1,18,0.11999999731779099,1,0,0,11.0,11.000387403700087
125,2472,0,309,FIXED_OPPONENT,train,SCRIPTED:OP3,0,3,3,0,18,0.1599999964237213,1,0,2,11.0,10.590488857693142
126,2488,0,311,FIXED_OPPONENT,train,SCRIPTED:OP3,0,3,3,0,22,0.3199999928474426,1,0,6,15.0,10.332019459117543
127,2512,0,314,FIXED_OPPONENT,train,SCRIPTED:OP3,1,3,2,1,19,0.2800000011920929,1,0,4,12.0,9.301230179636102
128,2520,0,315,FIXED_OPPONENT,train,SCRIPTED:OP3,1,3,2,1,20,0.3199999928474426,1,0,3,13.0,9.462034606933594
129,2544,0,318,FIXED_OPPONENT,train,SCRIPTED:OP3,1,3,2,1,17,0.1599999964237213,1,0,1,11.0,10.625036800608916
130,2568,0,321,FIXED_OPPONENT,train,SCRIPTED:OP3,1,3,1,2,17,0.3199999928474426,1,0,1,11.0,11.286684821633731
131,2584,0,323,FIXED_OPPONENT,train,SCRIPTED:OP3,1,3,2,1,17,0.2800000011920929,1,0,2,11.0,11.251315846162683
132,2592,0,324,FIXED_OPPONENT,train,SCRIPTED:OP3,1,3,2,1,19,0.2800000011920929,1,0,2,12.0,9.701252184416118
133,2616,0,327,FIXED_OPPONENT,train,SCRIPTED:OP3,0,2,3,-1,18,0.23999999463558197,1,0,1,11.0,9.754703097873264
134,2632,0,329,FIXED_OPPONENT,train,SCRIPTED:OP3,1,3,2,1,18,0.2800000011920929,1,0,0,12.0,10.47891574435764
135,2648,0,331,FIXED_OPPONENT,train,SCRIPTED:OP3,0,2,3,-1,17,0.2800000011920929,1,0,4,11.0,8.849400239832262
136,2680,0,335,FIXED_OPPONENT,train,SCRIPTED:OP3,0,2,3,-1,20,0.2800000011920929,1,0,2,12.0,9.254812622070313
137,2688,0,336,FIXED_OPPONENT,train,SCRIPTED:OP3,0,3,3,0,18,0.11999999731779099,1,0,1,11.0,11.346478780110678
138,2736,0,342,FIXED_OPPONENT,train,SCRIPTED:OP3,1,3,2,1,19,0.3199999928474426,1,0,3,12.0,10.94700140702097
139,2744,0,343,FIXED_OPPONENT,train,SCRIPTED:OP3,1,3,2,1,19,0.2800000011920929,1,0,1,11.0,9.166175440738076
140,2744,0,343,FIXED_OPPONENT,train,SCRIPTED:OP3,1,3,2,1,22,0.23999999463558197,1,0,2,14.0,8.617740977894176
141,2776,0,347,FIXED_OPPONENT,train,SCRIPTED:OP3,0,2,3,-1,20,0.35999998450279236,1,0,1,13.0,9.458367919921875
142,2776,0,347,FIXED_OPPONENT,train,SCRIPTED:OP3,0,2,3,-1,18,0.2800000011920929,1,0,0,11.0,11.850235833062065
143,2792,0,349,FIXED_OPPONENT,train,SCRIPTED:OP3,1,3,2,1,18,0.2800000011920929,1,0,2,13.0,9.762337578667534
144,2816,0,352,FIXED_OPPONENT,train,SCRIPTED:OP3,0,2,3,-1,17,0.19999998807907104,1,0,0,12.0,11.94495257209329
145,2840,0,355,FIXED_OPPONENT,train,SCRIPTED:OP3,1,3,2,1,19,0.1599999964237213,1,0,4,12.0,9.725099262438322
146,2888,0,361,FIXED_OPPONENT,train,SCRIPTED:OP3,0,2,3,-1,19,0.3199999928474426,1,0,5,11.0,9.186494526110197
147,2888,0,361,FIXED_OPPONENT,train,SCRIPTED:OP3,1,3,2,1,18,0.3199999928474426,1,0,0,11.0,11.148440890842014
148,2912,0,364,FIXED_OPPONENT,train,SCRIPTED:OP3,0,2,3,-1,21,0.2800000011920929,1,0,3,14.0,11.036299205961681
149,2936,0,367,FIXED_OPPONENT,train,SCRIPTED:OP3,1,3,2,1,18,0.19999998807907104,1,0,2,11.0,8.650604248046875
150,2936,0,367,FIXED_OPPONENT,train,SCRIPTED:OP3,0,2,3,-1,20,0.3199999928474426,1,0,6,12.0,9.499468231201172
151,2952,0,369,FIXED_OPPONENT,train,SCRIPTED:OP3,1,3,2,1,22,0.2800000011920929,1,0,5,15.0,11.062271118164062
152,2960,0,370,FIXED_OPPONENT,train,SCRIPTED:OP3,1,3,2,1,18,0.2800000011920929,1,0,3,11.0,9.072561475965712
153,3000,0,375,FIXED_OPPONENT,train,SCRIPTED:OP3,1,3,2,1,20,0.2800000011920929,1,0,0,13.0,10.69354248046875
154,3032,0,379,FIXED_OPPONENT,train,SCRIPTED:OP3,1,3,2,1,18,0.19999998807907104,1,0,1,12.0,10.54132080078125
155,3040,0,380,FIXED_OPPONENT,train,SCRIPTED:OP3,1,3,2,1,19,0.2800000011920929,1,0,2,14.0,11.71178556743421
156,3056,0,382,FIXED_OPPONENT,train,SCRIPTED:OP3,0,3,3,0,18,0.07999999821186066,1,0,0,11.0,10.276901245117188
157,3080,0,385,FIXED_OPPONENT,train,SCRIPTED:OP3,0,2,3,-1,18,0.11999999731779099,1,0,4,11.0,9.932572258843315
158,3096,0,387,FIXED_OPPONENT,train,SCRIPTED:OP3,1,3,2,1,20,0.11999999731779099,1,0,1,14.0,10.666312408447265
159,3104,0,388,FIXED_OPPONENT,train,SCRIPTED:OP3,1,3,2,1,19,0.35999998450279236,1,0,3,12.0,9.950999209755345
160,3112,0,389,FIXED_OPPONENT,train,SCRIPTED:OP3,1,3,2,1,19,0.2800000011920929,1,0,2,11.0,9.956330951891447
161,3144,0,393,FIXED_OPPONENT,train,SCRIPTED:OP3,0,3,3,0,18,0.2800000011920929,1,0,1,11.0,10.836900499131945
162,3192,0,399,FIXED_OPPONENT,train,SCRIPTED:OP3,0,2,3,-1,19,0.1599999964237213,1,0,0,11.0,13.298269974557977
163,3200,0,400,FIXED_OPPONENT,train,SCRIPTED:OP3,0,2,3,-1,15,0.23999999463558197,1,0,0,11.0,10.392043050130209
164,3208,0,401,FIXED_OPPONENT,train,SCRIPTED:OP3,0,3,3,0,22,0.3199999928474426,1,0,5,11.0,8.989462418989701
165,3224,0,403,FIXED_OPPONENT,train,SCRIPTED:OP3,0,2,3,-1,21,0.19999998807907104,1,0,6,14.0,9.828215826125373
166,3248,0,406,FIXED_OPPONENT,train,SCRIPTED:OP3,0,3,3,0,19,0.1599999964237213,1,0,0,11.0,11.33635109349301
167,3248,0,406,FIXED_OPPONENT,train,SCRIPTED:OP3,0,3,3,0,18,0.23999999463558197,1,0,2,11.0,10.028251647949219
168,3256,0,407,FIXED_OPPONENT,train,SCRIPTED:OP3,1,3,2,1,18,0.1599999964237213,1,0,2,11.0,10.258551703559029
169,3288,0,411,FIXED_OPPONENT,train,SCRIPTED:OP3,1,3,2,1,18,0.23999999463558197,1,0,0,12.0,9.802733527289497
170,3328,0,416,FIXED_OPPONENT,train,SCRIPTED:OP3,1,3,1,2,16,0.23999999463558197,1,0,0,11.0,11.863218307495117
171,3336,0,417,FIXED_OPPONENT,train,SCRIPTED:OP3,0,2,3,-1,18,0.3199999928474426,1,0,0,11.0,10.112052917480469
172,3344,0,418,FIXED_OPPONENT,train,SCRIPTED:OP3,1,3,2,1,15,0.19999998807907104,1,0,0,11.0,13.762700398763021
173,3360,0,420,FIXED_OPPONENT,train,SCRIPTED:OP3,0,2,3,-1,19,0.19999998807907104,1,0,0,12.0,10.78147406327097
174,3392,0,424,FIXED_OPPONENT,train,SCRIPTED:OP3,0,2,3,-1,18,0.23999999463558197,1,0,2,11.0,10.335153367784288
175,3392,0,424,FIXED_OPPONENT,train,SCRIPTED:OP3,1,3,2,1,18,0.2800000011920929,1,0,0,11.0,10.163981119791666
176,3400,0,425,FIXED_OPPONENT,train,SCRIPTED:OP3,1,3,2,1,18,0.23999999463558197,1,0,0,11.0,12.082518683539497
177,3448,0,431,FIXED_OPPONENT,train,SCRIPTED:OP3,1,3,2,1,20,0.23999999463558197,0,1,1,14.0,10.374203491210938
178,3480,0,435,FIXED_OPPONENT,train,SCRIPTED:OP3,0,3,3,0,18,0.19999998807907104,1,0,11,11.0,9.148948669433594
179,3480,0,435,FIXED_OPPONENT,train,SCRIPTED:OP3,0,3,3,0,19,0.23999999463558197,1,0,3,12.0,9.122249402497944
180,3480,0,435,FIXED_OPPONENT,train,SCRIPTED:OP3,0,1,3,-2,15,0.23999999463558197,1,0,0,11.0,11.530360921223958
181,3496,0,437,FIXED_OPPONENT,train,SCRIPTED:OP3,1,3,2,1,19,0.35999998450279236,1,0,1,12.0,9.188318352950247
182,3536,0,442,FIXED_OPPONENT,train,SCRIPTED:OP3,0,3,3,0,18,0.2800000011920929,1,0,3,11.0,10.537595960828993
183,3544,0,443,FIXED_OPPONENT,train,SCRIPTED:OP3,0,3,3,0,19,0.23999999463558197,1,0,2,12.0,9.380595960115132
184,3552,0,444,FIXED_OPPONENT,train,SCRIPTED:OP3,0,3,3,0,19,0.2800000011920929,1,0,3,12.0,9.936501753957648
185,3608,0,451,FIXED_OPPONENT,train,SCRIPTED:OP3,1,3,2,1,16,0.3199999928474426,1,0,0,12.0,10.177318572998047
186,3624,0,453,FIXED_OPPONENT,train,SCRIPTED:OP3,0,3,3,0,22,0.35999998450279236,1,0,1,14.0,10.022381869229404
187,3640,0,455,FIXED_OPPONENT,train,SCRIPTED:OP3,1,3,2,1,20,0.23999999463558197,1,0,0,13.0,11.149111938476562
188,3648,0,456,FIXED_OPPONENT,train,SCRIPTED:OP3,1,3,2,1,19,0.19999998807907104,1,0,3,12.0,10.375714753803454
189,3648,0,456,FIXED_OPPONENT,train,SCRIPTED:OP3,1,3,2,1,21,0.3199999928474426,1,0,6,14.0,9.748533703031994
190,3656,0,457,FIXED_OPPONENT,train,SCRIPTED:OP3,1,3,1,2,15,0.1599999964237213,1,0,0,11.0,11.594927978515624
191,3696,0,462,FIXED_OPPONENT,train,SCRIPTED:OP3,0,2,3,-1,19,0.23999999463558197,1,0,1,12.0,11.179857755962171
192,3704,0,463,FIXED_OPPONENT,train,SCRIPTED:OP3,1,3,2,1,19,0.23999999463558197,1,0,0,12.0,13.178535862972861
193,3768,0,471,FIXED_OPPONENT,train,SCRIPTED:OP3,0,2,3,-1,20,0.07999999821186066,1,0,4,11.0,11.31423110961914
194,3776,0,472,FIXED_OPPONENT,train,SCRIPTED:OP3,0,2,3,-1,19,0.2800000011920929,1,0,1,12.0,9.591474834241366
195,3784,0,473,FIXED_OPPONENT,train,SCRIPTED:OP3,1,3,2,1,18,0.2800000011920929,1,0,0,11.0,12.049408806694878
196,3792,0,474,FIXED_OPPONENT,train,SCRIPTED:OP3,0,2,3,-1,18,0.19999998807907104,1,0,1,11.0,12.534544203016493
197,3808,0,476,FIXED_OPPONENT,train,SCRIPTED:OP3,1,3,2,1,20,0.23999999463558197,1,0,2,13.0,10.353231811523438
198,3808,0,476,FIXED_OPPONENT,train,SCRIPTED:OP3,0,2,3,-1,19,0.1599999964237213,1,0,4,11.0,11.071810270610609
199,3848,0,481,FIXED_OPPONENT,train,SCRIPTED:OP3,0,3,3,0,19,0.23999999463558197,1,0,3,12.0,9.095620406301398
200,3872,0,484,FIXED_OPPONENT,train,SCRIPTED:OP3,0,3,3,0,21,0.1599999964237213,1,0,5,13.0,9.776680355980282
201,3920,0,490,FIXED_OPPONENT,train,SCRIPTED:OP3,1,3,2,1,18,0.19999998807907104,1,0,1,11.0,11.81003146701389
202,3928,0,491,FIXED_OPPONENT,train,SCRIPTED:OP3,0,3,3,0,18,0.4399999976158142,1,0,1,11.0,9.88264889187283
203,3928,0,491,FIXED_OPPONENT,train,SCRIPTED:OP3,0,3,3,0,20,0.2800000011920929,1,0,3,11.0,9.632736206054688
204,3936,0,492,FIXED_OPPONENT,train,SCRIPTED:OP3,0,3,3,0,18,0.23999999463558197,1,0,2,11.0,10.14753892686632
205,3952,0,494,FIXED_OPPONENT,train,SCRIPTED:OP3,1,3,1,2,18,0.23999999463558197,1,0,1,11.0,10.246699015299479
206,3968,0,496,FIXED_OPPONENT,train,SCRIPTED:OP3,0,2,3,-1,20,0.3199999928474426,1,0,8,13.0,9.346807098388672
207,3992,0,499,FIXED_OPPONENT,train,SCRIPTED:OP3,1,3,2,1,18,0.1599999964237213,1,0,0,12.0,10.662260267469618
208,4016,0,502,FIXED_OPPONENT,train,SCRIPTED:OP3,0,2,3,-1,18,0.19999998807907104,1,0,0,12.0,11.170766194661459
209,4064,0,508,FIXED_OPPONENT,train,SCRIPTED:OP3,1,3,2,1,17,0.1599999964237213,1,0,1,11.0,10.464291740866269
210,4072,0,509,FIXED_OPPONENT,train,SCRIPTED:OP3,0,2,3,-1,19,0.23999999463558197,1,0,3,12.0,10.5111083984375
211,4072,0,509,FIXED_OPPONENT,train,SCRIPTED:OP3,0,2,3,-1,18,0.1599999964237213,1,0,0,11.0,10.678964402940538
212,4088,0,511,FIXED_OPPONENT,train,SCRIPTED:OP3,1,3,2,1,19,0.2800000011920929,1,0,0,13.0,12.233626516241776
213,4104,0,513,FIXED_OPPONENT,train,SCRIPTED:OP3,1,3,2,1,17,0.11999999731779099,1,0,0,11.0,13.08951882755055
214,4104,0,513,FIXED_OPPONENT,train,SCRIPTED:OP3,1,3,2,1,19,0.19999998807907104,1,0,2,12.0,10.30440962942023
215,4136,0,517,FIXED_OPPONENT,train,SCRIPTED:OP3,0,2,3,-1,18,0.2800000011920929,1,0,0,11.0,11.971277025010851
216,4176,0,522,FIXED_OPPONENT,train,SCRIPTED:OP3,1,3,2,1,20,0.3199999928474426,1,0,0,12.0,10.918988037109376
217,4208,0,526,FIXED_OPPONENT,train,SCRIPTED:OP3,0,2,3,-1,18,0.19999998807907104,1,0,4,11.0,10.77925279405382
218,4216,0,527,FIXED_OPPONENT,train,SCRIPTED:OP3,0,2,3,-1,18,0.23999999463558197,1,0,7,11.0,9.79441409640842
219,4232,0,529,FIXED_OPPONENT,train,SCRIPTED:OP3,0,2,3,-1,18,0.3199999928474426,1,0,2,11.0,9.29185316297743
220,4232,0,529,FIXED_OPPONENT,train,SCRIPTED:OP3,1,3,2,1,20,0.3199999928474426,1,0,5,13.0,8.643102264404297
221,4248,0,531,FIXED_OPPONENT,train,SCRIPTED:OP3,0,2,3,-1,18,0.19999998807907104,1,0,0,11.0,10.550620185004341
222,4264,0,533,FIXED_OPPONENT,train,SCRIPTED:OP3,0,3,3,0,20,0.19999998807907104,1,0,3,11.0,10.354989624023437
223,4280,0,535,FIXED_OPPONENT,train,SCRIPTED:OP3,1,3,2,1,18,0.2800000011920929,1,0,3,11.0,10.70584445529514
224,4328,0,541,FIXED_OPPONENT,train,SCRIPTED:OP3,0,2,3,-1,19,0.1599999964237213,1,0,0,12.0,11.573014911852384
225,4368,0,546,FIXED_OPPONENT,train,SCRIPTED:OP3,1,3,2,1,20,0.35999998450279236,1,0,2,13.0,8.501199340820312
226,4368,0,546,FIXED_OPPONENT,train,SCRIPTED:OP3,1,3,2,1,19,0.19999998807907104,1,0,0,12.0,11.913984599866366
227,4368,0,546,FIXED_OPPONENT,train,SCRIPTED:OP3,1,3,2,1,17,0.19999998807907104,1,0,2,11.0,10.2109375
228,4384,0,548,FIXED_OPPONENT,train,SCRIPTED:OP3,0,2,3,-1,17,0.19999998807907104,1,0,1,11.0,11.055218864889707
229,4392,0,549,FIXED_OPPONENT,train,SCRIPTED:OP3,1,3,2,1,20,0.1599999964237213,1,0,1,13.0,10.90163345336914
230,4408,0,551,FIXED_OPPONENT,train,SCRIPTED:OP3,0,1,3,-2,18,0.1599999964237213,1,0,0,12.0,10.716868082682291
231,4424,0,553,FIXED_OPPONENT,train,SCRIPTED:OP3,1,3,2,1,18,0.19999998807907104,1,0,0,11.0,11.351255628797743
232,4472,0,559,FIXED_OPPONENT,train,SCRIPTED:OP3,0,2,3,-1,18,0.23999999463558197,1,0,0,12.0,11.668706258138021
233,4512,0,564,FIXED_OPPONENT,train,SCRIPTED:OP3,0,2,3,-1,18,0.19999998807907104,1,0,0,11.0,10.410491943359375
234,4512,0,564,FIXED_OPPONENT,train,SCRIPTED:OP3,1,3,2,1,18,0.23999999463558197,1,0,1,11.0,10.67494625515408
235,4512,0,564,FIXED_OPPONENT,train,SCRIPTED:OP3,0,2,3,-1,18,0.19999998807907104,1,0,2,11.0,11.922317504882812
236,4512,0,564,FIXED_OPPONENT,train,SCRIPTED:OP3,1,3,1,2,16,0.3199999928474426,1,0,2,11.0,10.369979858398438
237,4544,0,568,FIXED_OPPONENT,train,SCRIPTED:OP3,0,2,3,-1,17,0.1599999964237213,1,0,2,11.0,10.215233297909007
238,4544,0,568,FIXED_OPPONENT,train,SCRIPTED:OP3,0,2,3,-1,19,0.3199999928474426,1,0,3,11.0,9.513313695004111
239,4568,0,571,FIXED_OPPONENT,train,SCRIPTED:OP3,0,2,3,-1,18,0.23999999463558197,1,0,1,12.0,10.719100952148438
240,4608,0,576,FIXED_OPPONENT,train,SCRIPTED:OP3,0,2,3,-1,17,0.19999998807907104,1,0,0,12.0,10.924233829273897
241,4648,0,581,FIXED_OPPONENT,train,SCRIPTED:OP3,0,2,3,-1,17,0.23999999463558197,0,1,6,11.0,10.395081463982077
242,4656,0,582,FIXED_OPPONENT,train,SCRIPTED:OP3,0,2,3,-1,18,0.19999998807907104,1,0,6,11.0,10.931781344943577
243,4656,0,582,FIXED_OPPONENT,train,SCRIPTED:OP3,0,3,3,0,18,0.2800000011920929,1,0,2,11.0,9.768193562825521
244,4664,0,583,FIXED_OPPONENT,train,SCRIPTED:OP3,1,3,2,1,19,0.23999999463558197,1,0,1,12.0,11.432394730417352
245,4680,0,585,FIXED_OPPONENT,train,SCRIPTED:OP3,1,3,2,1,17,0.23999999463558197,1,0,3,12.0,10.384093340705423
246,4696,0,587,FIXED_OPPONENT,train,SCRIPTED:OP3,0,3,3,0,19,0.07999999821186066,1,0,2,12.0,11.181418971011514
247,4712,0,589,FIXED_OPPONENT,train,SCRIPTED:OP3,1,3,2,1,18,0.1599999964237213,1,0,5,11.0,10.282903035481771
248,4752,0,594,FIXED_OPPONENT,train,SCRIPTED:OP3,0,2,3,-1,18,0.3999999761581421,1,0,2,12.0,8.682439168294271
249,4768,0,596,FIXED_OPPONENT,train,SCRIPTED:OP3,0,2,3,-1,15,0.23999999463558197,1,0,0,11.0,11.478851318359375
250,4800,0,600,FIXED_OPPONENT,train,SCRIPTED:OP3,0,3,3,0,18,0.23999999463558197,1,0,2,11.0,11.301433987087673
251,4800,0,600,FIXED_OPPONENT,train,SCRIPTED:OP3,1,3,2,1,18,0.11999999731779099,1,0,2,11.0,11.37929958767361
252,4808,0,601,FIXED_OPPONENT,train,SCRIPTED:OP3,1,3,2,1,18,0.35999998450279236,1,0,0,11.0,11.119698418511284
253,4816,0,602,FIXED_OPPONENT,train,SCRIPTED:OP3,0,2,3,-1,17,0.11999999731779099,1,0,0,11.0,12.25604248046875
254,4856,0,607,FIXED_OPPONENT,train,SCRIPTED:OP3,0,3,3,0,20,0.23999999463558197,1,0,4,13.0,10.37713165283203
255,4880,0,610,FIXED_OPPONENT,train,SCRIPTED:OP3,1,3,2,1,21,0.2800000011920929,1,0,4,15.0,9.446762084960938
256,4896,0,612,FIXED_OPPONENT,train,SCRIPTED:OP3,0,3,3,0,18,0.23999999463558197,1,0,3,12.0,10.762589348687065
257,4912,0,614,FIXED_OPPONENT,train,SCRIPTED:OP3,1,3,2,1,18,0.2800000011920929,1,0,4,11.0,9.335831536187065
258,4944,0,618,FIXED_OPPONENT,train,SCRIPTED:OP3,1,3,2,1,18,0.11999999731779099,0,1,6,12.0,9.855530632866753
259,4960,0,620,FIXED_OPPONENT,train,SCRIPTED:OP3,0,3,3,0,20,0.23999999463558197,1,0,0,13.0,12.334414672851562
260,4960,0,620,FIXED_OPPONENT,train,SCRIPTED:OP3,0,2,3,-1,19,0.23999999463558197,1,0,3,12.0,10.122386731599507
261,4968,0,621,FIXED_OPPONENT,train,SCRIPTED:OP3,0,2,3,-1,19,0.23999999463558197,1,0,1,11.0,11.745598240902549
262,5000,0,625,FIXED_OPPONENT,train,SCRIPTED:OP3,0,2,3,-1,18,0.23999999463558197,1,0,1,11.0,9.656221177842882
263,5024,0,628,FIXED_OPPONENT,train,SCRIPTED:OP3,1,3,2,1,18,0.35999998450279236,1,0,1,11.0,9.61334228515625
264,5056,0,632,FIXED_OPPONENT,train,SCRIPTED:OP3,0,2,3,-1,20,0.3999999761581421,1,0,5,11.0,9.924009704589844
265,5056,0,632,FIXED_OPPONENT,train,SCRIPTED:OP3,0,2,3,-1,18,0.2800000011920929,1,0,0,11.0,11.289369371202257
266,5096,0,637,FIXED_OPPONENT,train,SCRIPTED:OP3,0,3,3,0,19,0.23999999463558197,1,0,5,12.0,9.67437744140625
267,5104,0,638,FIXED_OPPONENT,train,SCRIPTED:OP3,0,2,3,-1,18,0.1599999964237213,1,0,5,11.0,12.11995357937283
268,5104,0,638,FIXED_OPPONENT,train,SCRIPTED:OP3,1,3,2,1,18,0.19999998807907104,1,0,0,11.0,12.645679897732204
269,5128,0,641,FIXED_OPPONENT,train,SCRIPTED:OP3,0,3,3,0,20,0.23999999463558197,1,0,2,12.0,10.88973388671875
270,5152,0,644,FIXED_OPPONENT,train,SCRIPTED:OP3,1,3,2,1,19,0.23999999463558197,1,0,2,12.0,9.317594026264391
271,5168,0,646,FIXED_OPPONENT,train,SCRIPTED:OP3,1,3,2,1,18,0.23999999463558197,1,0,2,12.0,9.44208017985026
272,5200,0,650,FIXED_OPPONENT,train,SCRIPTED:OP3,1,3,2,1,18,0.19999998807907104,1,0,0,12.0,10.964505513509115
273,5208,0,651,FIXED_OPPONENT,train,SCRIPTED:OP3,0,2,3,-1,19,0.3199999928474426,1,0,4,15.0,9.439794440018503
274,5248,0,656,FIXED_OPPONENT,train,SCRIPTED:OP3,0,2,3,-1,15,0.1599999964237213,1,0,0,11.0,11.445533243815104
275,5248,0,656,FIXED_OPPONENT,train,SCRIPTED:OP3,1,3,1,2,18,0.4399999976158142,1,0,3,11.0,9.942087809244791
276,5248,0,656,FIXED_OPPONENT,train,SCRIPTED:OP3,0,2,3,-1,19,0.1599999964237213,1,0,6,12.0,9.725194027549342
277,5256,0,657,FIXED_OPPONENT,train,SCRIPTED:OP3,0,2,3,-1,19,0.07999999821186066,1,0,0,12.0,12.41508564196135
278,5304,0,663,FIXED_OPPONENT,train,SCRIPTED:OP3,1,3,2,1,19,0.2800000011920929,1,0,2,13.0,10.221979241622122
279,5312,0,664,FIXED_OPPONENT,train,SCRIPTED:OP3,1,3,2,1,18,0.35999998450279236,1,0,2,11.0,10.231878492567274
280,5344,0,668,FIXED_OPPONENT,train,SCRIPTED:OP3,1,3,2,1,17,0.19999998807907104,1,0,1,11.0,10.121516508214613
281,5352,0,669,FIXED_OPPONENT,train,SCRIPTED:OP3,0,2,3,-1,19,0.1599999964237213,1,0,3,12.0,10.838721827456826
282,5384,0,673,FIXED_OPPONENT,train,SCRIPTED:OP3,1,3,2,1,17,0.1599999964237213,1,0,1,11.0,10.796095006606159
283,5392,0,674,FIXED_OPPONENT,train,SCRIPTED:OP3,0,2,3,-1,18,0.2800000011920929,1,0,2,11.0,9.67305416531033
284,5392,0,674,FIXED_OPPONENT,train,SCRIPTED:OP3,0,2,3,-1,18,0.19999998807907104,1,0,1,11.0,10.107999165852865
285,5408,0,676,FIXED_OPPONENT,train,SCRIPTED:OP3,0,2,3,-1,19,0.2800000011920929,1,0,3,12.0,10.549909892835116
286,5448,0,681,FIXED_OPPONENT,train,SCRIPTED:OP3,1,3,2,1,18,0.23999999463558197,1,0,0,12.0,10.50148179796007
287,5472,0,684,FIXED_OPPONENT,train,SCRIPTED:OP3,0,3,3,0,20,0.23999999463558197,1,0,3,13.0,9.853462982177735
288,5496,0,687,FIXED_OPPONENT,train,SCRIPTED:OP3,0,3,3,0,19,0.35999998450279236,1,0,9,12.0,10.70277244166324
289,5528,0,691,FIXED_OPPONENT,train,SCRIPTED:OP3,0,3,3,0,22,0.19999998807907104,0,1,7,15.0,9.794584794477982
290,5536,0,692,FIXED_OPPONENT,train,SCRIPTED:OP3,0,2,3,-1,19,0.19999998807907104,0,1,2,11.0,10.287696436831826
291,5544,0,693,FIXED_OPPONENT,train,SCRIPTED:OP3,1,3,2,1,19,0.2800000011920929,1,0,2,11.0,9.469586021021792
292,5560,0,695,FIXED_OPPONENT,train,SCRIPTED:OP3,1,3,2,1,21,0.19999998807907104,1,0,1,12.0,9.691209338960194
293,5568,0,696,FIXED_OPPONENT,train,SCRIPTED:OP3,0,2,3,-1,20,0.2800000011920929,1,0,1,13.0,10.808951568603515
294,5592,0,699,FIXED_OPPONENT,train,SCRIPTED:OP3,1,3,2,1,18,0.23999999463558197,1,0,2,11.0,10.641637166341146
295,5592,0,699,FIXED_OPPONENT,train,SCRIPTED:OP3,0,2,3,-1,15,0.19999998807907104,1,0,0,11.0,11.189822387695312
296,5648,0,706,FIXED_OPPONENT,train,SCRIPTED:OP3,1,3,2,1,19,0.11999999731779099,1,0,4,13.0,9.274029380396792
297,5680,0,710,FIXED_OPPONENT,train,SCRIPTED:OP3,0,2,3,-1,19,0.23999999463558197,1,0,1,11.0,11.18023039165296
298,5688,0,711,FIXED_OPPONENT,train,SCRIPTED:OP3,1,3,2,1,18,0.23999999463558197,1,0,4,11.0,10.94421132405599
299,5704,0,713,FIXED_OPPONENT,train,SCRIPTED:OP3,1,3,2,1,18,0.11999999731779099,1,0,2,11.0,9.32537587483724
300,5712,0,714,FIXED_OPPONENT,train,SCRIPTED:OP3,0,2,3,-1,18,0.23999999463558197,1,0,3,11.0,10.289450751410591
301,5712,0,714,FIXED_OPPONENT,train,SCRIPTED:OP3,1,3,2,1,22,0.23999999463558197,1,0,3,15.0,10.97291426225142
302,5744,0,718,FIXED_OPPONENT,train,SCRIPTED:OP3,0,3,3,0,19,0.3199999928474426,1,0,5,11.0,11.007214194849917
303,5752,0,719,FIXED_OPPONENT,train,SCRIPTED:OP3,0,2,3,-1,20,0.19999998807907104,1,0,2,13.0,9.696237182617187
304,5792,0,724,FIXED_OPPONENT,train,SCRIPTED:OP3,1,3,2,1,18,0.2800000011920929,1,0,0,11.0,11.078748914930555
305,5824,0,728,FIXED_OPPONENT,train,SCRIPTED:OP3,1,3,1,2,18,0.2800000011920929,1,0,1,13.0,9.118533664279514
306,5832,0,729,FIXED_OPPONENT,train,SCRIPTED:OP3,0,2,3,-1,18,0.11999999731779099,1,0,1,11.0,11.062539842393663
307,5840,0,730,FIXED_OPPONENT,train,SCRIPTED:OP3,1,3,2,1,16,0.23999999463558197,1,0,0,12.0,10.79503059387207
308,5856,0,732,FIXED_OPPONENT,train,SCRIPTED:OP3,0,2,3,-1,18,0.1599999964237213,1,0,2,11.0,11.072669982910156
309,5872,0,734,FIXED_OPPONENT,train,SCRIPTED:OP3,0,3,3,0,21,0.2800000011920929,1,0,7,14.0,9.145758492606026
310,5888,0,736,FIXED_OPPONENT,train,SCRIPTED:OP3,0,2,3,-1,17,0.2800000011920929,1,0,4,13.0,9.639341466567096
311,5888,0,736,FIXED_OPPONENT,train,SCRIPTED:OP3,1,3,2,1,18,0.35999998450279236,1,0,3,11.0,9.489021301269531
312,5936,0,742,FIXED_OPPONENT,train,SCRIPTED:OP3,0,2,3,-1,18,0.23999999463558197,1,0,2,11.0,10.455668131510416
313,5976,0,747,FIXED_OPPONENT,train,SCRIPTED:OP3,1,3,2,1,19,0.35999998450279236,1,0,6,11.0,8.459095201994243
314,5976,0,747,FIXED_OPPONENT,train,SCRIPTED:OP3,1,3,1,2,18,0.4399999976158142,1,0,0,11.0,10.799036661783854
315,5992,0,749,FIXED_OPPONENT,train,SCRIPTED:OP3,0,2,3,-1,17,0.19999998807907104,1,0,0,11.0,12.326905194450827
316,6008,0,751,FIXED_OPPONENT,train,SCRIPTED:OP3,1,3,2,1,17,0.19999998807907104,1,0,2,11.0,10.36641019933364
317,6016,0,752,FIXED_OPPONENT,train,SCRIPTED:OP3,0,3,3,0,22,0.23999999463558197,1,0,1,13.0,10.879152471368963
318,6040,0,755,FIXED_OPPONENT,train,SCRIPTED:OP3,1,3,2,1,19,0.23999999463558197,1,0,1,12.0,10.93660455001028
319,6040,0,755,FIXED_OPPONENT,train,SCRIPTED:OP3,1,3,2,1,19,0.19999998807907104,1,0,3,12.0,9.637592516447368
320,6080,0,760,FIXED_OPPONENT,train,SCRIPTED:OP3,1,3,2,1,18,0.19999998807907104,1,0,3,11.0,10.71168433295356
321,6120,0,765,FIXED_OPPONENT,train,SCRIPTED:OP3,1,3,2,1,18,0.3199999928474426,1,0,1,11.0,11.217471652560764
322,6152,0,769,FIXED_OPPONENT,train,SCRIPTED:OP3,0,2,3,-1,18,0.19999998807907104,0,1,6,12.0,10.564854092068142
323,6152,0,769,FIXED_OPPONENT,train,SCRIPTED:OP3,1,3,2,1,22,0.2800000011920929,1,0,3,15.0,10.718318592418324
324,6160,0,770,FIXED_OPPONENT,train,SCRIPTED:OP3,1,3,2,1,21,0.1599999964237213,1,0,5,14.0,10.178567795526414
325,6160,0,770,FIXED_OPPONENT,train,SCRIPTED:OP3,1,3,2,1,18,0.3199999928474426,1,0,0,12.0,10.045466105143229
326,6200,0,775,FIXED_OPPONENT,train,SCRIPTED:OP3,1,3,2,1,20,0.23999999463558197,1,0,4,12.0,10.433491516113282
327,6216,0,777,FIXED_OPPONENT,train,SCRIPTED:OP3,0,3,3,0,22,0.19999998807907104,1,0,0,13.0,11.30158857865767
328,6232,0,779,FIXED_OPPONENT,train,SCRIPTED:OP3,1,3,2,1,19,0.23999999463558197,1,0,9,12.0,9.257078471936678
329,6264,0,783,FIXED_OPPONENT,train,SCRIPTED:OP3,1,3,2,1,18,0.3199999928474426,1,0,0,11.0,9.94188012017144
330,6296,0,787,FIXED_OPPONENT,train,SCRIPTED:OP3,0,2,3,-1,18,0.1599999964237213,1,0,3,11.0,11.148740980360243
331,6304,0,788,FIXED_OPPONENT,train,SCRIPTED:OP3,1,3,2,1,19,0.23999999463558197,1,0,1,12.0,9.701229697779604
332,6304,0,788,FIXED_OPPONENT,train,SCRIPTED:OP3,0,2,3,-1,18,0.19999998807907104,1,0,2,11.0,10.25638919406467
333,6328,0,791,FIXED_OPPONENT,train,SCRIPTED:OP3,1,3,2,1,21,0.1599999964237213,1,0,1,14.0,11.128174554734002
334,6344,0,793,FIXED_OPPONENT,train,SCRIPTED:OP3,1,3,2,1,18,0.1599999964237213,1,0,1,11.0,10.510670132107204
335,6352,0,794,FIXED_OPPONENT,train,SCRIPTED:OP3,1,3,2,1,17,0.23999999463558197,1,0,0,11.0,11.66808453728171
336,6384,0,798,FIXED_OPPONENT,train,SCRIPTED:OP3,1,3,2,1,19,0.23999999463558197,1,0,2,12.0,10.316465678967928
337,6424,0,803,FIXED_OPPONENT,train,SCRIPTED:OP3,0,2,3,-1,20,0.19999998807907104,1,0,4,13.0,9.559038543701172
338,6432,0,804,FIXED_OPPONENT,train,SCRIPTED:OP3,0,1,3,-2,16,0.1599999964237213,1,0,1,12.0,10.349564552307129
339,6440,0,805,FIXED_OPPONENT,train,SCRIPTED:OP3,1,3,2,1,17,0.35999998450279236,1,0,1,11.0,8.805171293370863
340,6448,0,806,FIXED_OPPONENT,train,SCRIPTED:OP3,0,2,3,-1,19,0.3199999928474426,1,0,0,12.0,11.484196713096217
341,6480,0,810,FIXED_OPPONENT,train,SCRIPTED:OP3,0,2,3,-1,19,0.11999999731779099,1,0,4,12.0,10.36295599686472
342,6488,0,811,FIXED_OPPONENT,train,SCRIPTED:OP3,0,2,3,-1,18,0.19999998807907104,1,0,0,11.0,10.577892727322048
343,6496,0,812,FIXED_OPPONENT,train,SCRIPTED:OP3,1,3,2,1,18,0.1599999964237213,1,0,0,11.0,11.121387905544704
344,6536,0,817,FIXED_OPPONENT,train,SCRIPTED:OP3,1,3,2,1,19,0.23999999463558197,1,0,0,11.0,9.613941393400493
345,6568,0,821,FIXED_OPPONENT,train,SCRIPTED:OP3,0,3,3,0,18,0.1599999964237213,1,0,4,11.0,11.69758521185981
346,6576,0,822,FIXED_OPPONENT,train,SCRIPTED:OP3,1,3,2,1,18,0.2800000011920929,1,0,1,11.0,8.631494310167101
347,6584,0,823,FIXED_OPPONENT,train,SCRIPTED:OP3,0,3,3,0,18,0.19999998807907104,1,0,6,11.0,10.514349195692274
348,6600,0,825,FIXED_OPPONENT,train,SCRIPTED:OP3,1,3,1,2,19,0.23999999463558197,1,0,1,12.0,10.217046637284128
349,6616,0,827,FIXED_OPPONENT,train,SCRIPTED:OP3,1,3,2,1,17,0.19999998807907104,1,0,0,11.0,12.766871732823988
350,6632,0,829,FIXED_OPPONENT,train,SCRIPTED:OP3,0,2,3,-1,18,0.19999998807907104,1,0,0,12.0,11.300936381022135
351,6656,0,832,FIXED_OPPONENT,train,SCRIPTED:OP3,1,3,2,1,20,0.2800000011920929,1,0,1,13.0,10.302822875976563
352,6688,0,836,FIXED_OPPONENT,train,SCRIPTED:OP3,1,3,2,1,19,0.3199999928474426,1,0,1,12.0,11.940925196597451
353,6728,0,841,FIXED_OPPONENT,train,SCRIPTED:OP3,0,1,3,-2,18,0.23999999463558197,0,1,2,11.0,10.339900546603733
354,6728,0,841,FIXED_OPPONENT,train,SCRIPTED:OP3,0,2,3,-1,19,0.2800000011920929,1,0,1,12.0,10.453469527395148
355,6736,0,842,FIXED_OPPONENT,train,SCRIPTED:OP3,0,3,3,0,21,0.2800000011920929,1,0,2,14.0,9.842013404482888
356,6744,0,843,FIXED_OPPONENT,train,SCRIPTED:OP3,0,2,3,-1,18,0.1599999964237213,1,0,1,11.0,11.387525770399305
357,6776,0,847,FIXED_OPPONENT,train,SCRIPTED:OP3,1,3,2,1,18,0.19999998807907104,1,0,1,11.0,10.212726169162327
358,6776,0,847,FIXED_OPPONENT,train,SCRIPTED:OP3,0,1,3,-2,15,0.3199999928474426,1,0,0,11.0,11.713225301106771
359,6784,0,848,FIXED_OPPONENT,train,SCRIPTED:OP3,0,3,3,0,21,0.23999999463558197,1,0,7,13.0,9.514875139508929
360,6848,0,856,FIXED_OPPONENT,train,SCRIPTED:OP3,1,3,2,1,20,0.19999998807907104,1,0,1,13.0,9.80120620727539
361,6872,0,859,FIXED_OPPONENT,train,SCRIPTED:OP3,1,3,2,1,18,0.23999999463558197,1,0,0,11.0,12.36915757921007
362,6872,0,859,FIXED_OPPONENT,train,SCRIPTED:OP3,0,3,3,0,18,0.23999999463558197,1,0,2,11.0,10.763589647081163
363,6880,0,860,FIXED_OPPONENT,train,SCRIPTED:OP3,1,3,2,1,17,0.19999998807907104,1,0,3,11.0,9.30452055089614
364,6896,0,862,FIXED_OPPONENT,train,SCRIPTED:OP3,0,2,3,-1,20,0.1599999964237213,0,1,4,12.0,10.958409118652344
365,6920,0,865,FIXED_OPPONENT,train,SCRIPTED:OP3,0,3,3,0,18,0.2800000011920929,1,0,4,11.0,9.040406968858507
366,6936,0,867,FIXED_OPPONENT,train,SCRIPTED:OP3,0,3,3,0,19,0.35999998450279236,1,0,0,11.0,10.636672973632812
367,6944,0,868,FIXED_OPPONENT,train,SCRIPTED:OP3,0,2,3,-1,21,0.2800000011920929,1,0,9,12.0,9.551815941220237
368,7016,0,877,FIXED_OPPONENT,train,SCRIPTED:OP3,1,3,1,2,18,0.19999998807907104,1,0,0,12.0,12.039581298828125
369,7016,0,877,FIXED_OPPONENT,train,SCRIPTED:OP3,0,3,3,0,21,0.1599999964237213,1,0,4,14.0,9.970560709635416
370,7024,0,878,FIXED_OPPONENT,train,SCRIPTED:OP3,1,3,2,1,19,0.1599999964237213,1,0,2,12.0,10.559674714740954
371,7032,0,879,FIXED_OPPONENT,train,SCRIPTED:OP3,0,2,3,-1,19,0.3199999928474426,1,0,1,11.0,11.247764988949424
372,7048,0,881,FIXED_OPPONENT,train,SCRIPTED:OP3,0,3,3,0,19,0.23999999463558197,1,0,4,11.0,9.971593756424753
373,7080,0,885,FIXED_OPPONENT,train,SCRIPTED:OP3,1,3,2,1,18,0.3999999761581421,1,0,3,11.0,9.370231628417969
374,7080,0,885,FIXED_OPPONENT,train,SCRIPTED:OP3,1,3,2,1,17,0.23999999463558197,1,0,1,11.0,13.258520687327666
375,7096,0,887,FIXED_OPPONENT,train,SCRIPTED:OP3,0,3,3,0,22,0.2800000011920929,1,0,4,15.0,10.1725810657848
376,7136,0,892,FIXED_OPPONENT,train,SCRIPTED:OP3,1,3,2,1,15,0.23999999463558197,1,0,1,11.0,11.085677083333334
377,7160,0,895,FIXED_OPPONENT,train,SCRIPTED:OP3,0,3,3,0,18,0.2800000011920929,1,0,1,11.0,9.502317640516493
378,7168,0,896,FIXED_OPPONENT,train,SCRIPTED:OP3,1,3,2,1,18,0.11999999731779099,0,1,3,11.0,10.587717692057291
379,7192,0,899,FIXED_OPPONENT,train,SCRIPTED:OP3,1,3,2,1,18,0.23999999463558197,1,0,3,11.0,11.443270365397135
380,7192,0,899,FIXED_OPPONENT,train,SCRIPTED:OP3,1,3,2,1,20,0.19999998807907104,1,0,4,12.0,11.132838439941406
381,7216,0,902,FIXED_OPPONENT,train,SCRIPTED:OP3,1,3,2,1,17,0.23999999463558197,1,0,2,11.0,8.840685676125918
382,7224,0,903,FIXED_OPPONENT,train,SCRIPTED:OP3,0,2,3,-1,18,0.11999999731779099,1,0,0,11.0,12.136255900065104
383,7224,0,903,FIXED_OPPONENT,train,SCRIPTED:OP3,1,3,1,2,16,0.2800000011920929,1,0,1,11.0,10.198493003845215
384,7272,0,909,FIXED_OPPONENT,train,SCRIPTED:OP3,0,2,3,-1,17,0.07999999821186066,1,0,1,11.0,11.580427281996784
385,7312,0,914,FIXED_OPPONENT,train,SCRIPTED:OP3,0,2,3,-1,19,0.23999999463558197,1,0,5,12.0,9.784839027806333
386,7312,0,914,FIXED_OPPONENT,train,SCRIPTED:OP3,0,2,3,-1,18,0.19999998807907104,1,0,5,11.0,9.514170328776041
387,7336,0,917,FIXED_OPPONENT,train,SCRIPTED:OP3,1,3,2,1,18,0.2800000011920929,1,0,1,11.0,11.142870585123697
388,7336,0,917,FIXED_OPPONENT,train,SCRIPTED:OP3,0,2,3,-1,18,0.19999998807907104,1,0,2,11.0,11.227233039008247
389,7368,0,921,FIXED_OPPONENT,train,SCRIPTED:OP3,1,3,2,1,18,0.3199999928474426,1,0,2,11.0,9.753057691786024
390,7376,0,922,FIXED_OPPONENT,train,SCRIPTED:OP3,1,3,2,1,20,0.23999999463558197,1,0,3,13.0,10.26181411743164
391,7392,0,924,FIXED_OPPONENT,train,SCRIPTED:OP3,0,3,3,0,21,0.3199999928474426,1,0,0,14.0,11.248384021577381
392,7432,0,929,FIXED_OPPONENT,train,SCRIPTED:OP3,1,3,2,1,20,0.23999999463558197,1,0,1,13.0,10.945569610595703
393,7464,0,933,FIXED_OPPONENT,train,SCRIPTED:OP3,1,3,1,2,19,0.3199999928474426,1,0,0,12.0,11.278888903166118
394,7464,0,933,FIXED_OPPONENT,train,SCRIPTED:OP3,0,2,3,-1,19,0.35999998450279236,1,0,1,13.0,9.72312445389597
395,7480,0,935,FIXED_OPPONENT,train,SCRIPTED:OP3,1,3,2,1,18,0.19999998807907104,1,0,1,11.0,10.680611504448784
396,7488,0,936,FIXED_OPPONENT,train,SCRIPTED:OP3,0,2,3,-1,19,0.35999998450279236,1,0,2,12.0,9.965625963712993
397,7512,0,939,FIXED_OPPONENT,train,SCRIPTED:OP3,1,3,2,1,18,0.2800000011920929,1,0,0,11.0,10.97206285264757
398,7520,0,940,FIXED_OPPONENT,train,SCRIPTED:OP3,0,3,3,0,18,0.11999999731779099,1,0,2,11.0,10.735082838270399
399,7536,0,942,FIXED_OPPONENT,train,SCRIPTED:OP3,1,3,1,2,18,0.23999999463558197,1,0,1,11.0,9.554367065429688
400,7576,0,947,FIXED_OPPONENT,train,SCRIPTED:OP3,1,3,2,1,18,0.11999999731779099,1,0,4,11.0,11.660547044542101
401,7600,0,950,FIXED_OPPONENT,train,SCRIPTED:OP3,1,3,2,1,17,0.2800000011920929,1,0,0,11.0,10.980372709386488
402,7608,0,951,FIXED_OPPONENT,train,SCRIPTED:OP3,1,3,2,1,18,0.23999999463558197,1,0,5,11.0,9.947366502549913
403,7632,0,954,FIXED_OPPONENT,train,SCRIPTED:OP3,1,3,2,1,19,0.1599999964237213,1,0,2,12.0,10.31476472553454
404,7640,0,955,FIXED_OPPONENT,train,SCRIPTED:OP3,0,2,3,-1,19,0.3199999928474426,1,0,1,12.0,10.72693513569079
405,7664,0,958,FIXED_OPPONENT,train,SCRIPTED:OP3,1,3,2,1,19,0.3199999928474426,1,0,1,12.0,9.702334755345396
406,7664,0,958,FIXED_OPPONENT,train,SCRIPTED:OP3,0,3,3,0,18,0.07999999821186066,1,0,4,11.0,11.561247083875868
407,7688,0,961,FIXED_OPPONENT,train,SCRIPTED:OP3,0,3,3,0,19,0.19999998807907104,1,0,1,12.0,11.158071417557565
408,7720,0,965,FIXED_OPPONENT,train,SCRIPTED:OP3,0,3,3,0,18,0.23999999463558197,1,0,5,11.0,10.403943379720053
409,7752,0,969,FIXED_OPPONENT,train,SCRIPTED:OP3,0,3,3,0,19,0.11999999731779099,1,0,2,12.0,9.813735961914062
410,7768,0,971,FIXED_OPPONENT,train,SCRIPTED:OP3,1,3,2,1,20,0.3199999928474426,1,0,5,11.0,9.926667785644531
411,7776,0,972,FIXED_OPPONENT,train,SCRIPTED:OP3,0,1,3,-2,18,0.2800000011920929,1,0,3,11.0,9.993169996473524
412,7784,0,973,FIXED_OPPONENT,train,SCRIPTED:OP3,0,2,3,-1,18,0.23999999463558197,1,0,2,11.0,9.387418958875868
413,7792,0,974,FIXED_OPPONENT,train,SCRIPTED:OP3,1,3,1,2,16,0.11999999731779099,1,0,5,11.0,10.573826789855957
414,7816,0,977,FIXED_OPPONENT,train,SCRIPTED:OP3,0,2,3,-1,19,0.23999999463558197,1,0,1,12.0,9.017585352847451
415,7840,0,980,FIXED_OPPONENT,train,SCRIPTED:OP3,0,3,3,0,19,0.3199999928474426,1,0,5,12.0,9.24016691509046
416,7880,0,985,FIXED_OPPONENT,train,SCRIPTED:OP3,0,2,3,-1,20,0.19999998807907104,1,0,2,12.0,9.912053680419922
417,7904,0,988,FIXED_OPPONENT,train,SCRIPTED:OP3,1,3,1,2,15,0.19999998807907104,1,0,0,11.0,12.30073954264323
418,7904,0,988,FIXED_OPPONENT,train,SCRIPTED:OP3,0,2,3,-1,19,0.23999999463558197,1,0,6,12.0,10.428284494500412
419,7912,0,989,FIXED_OPPONENT,train,SCRIPTED:OP3,0,2,3,-1,17,0.3199999928474426,1,0,1,11.0,10.495035508099724
420,7944,0,993,FIXED_OPPONENT,train,SCRIPTED:OP3,1,3,2,1,22,0.2800000011920929,1,0,5,12.0,10.109262639825994
421,7968,0,996,FIXED_OPPONENT,train,SCRIPTED:OP3,1,3,2,1,22,0.3199999928474426,1,0,4,12.0,8.59001991965554
422,7968,0,996,FIXED_OPPONENT,train,SCRIPTED:OP3,1,3,1,2,16,0.1599999964237213,1,0,0,12.0,10.29571533203125
423,7968,0,996,FIXED_OPPONENT,train,SCRIPTED:OP3,0,3,3,0,19,0.1599999964237213,1,0,9,12.0,9.69045699270148
424,8048,0,1006,FIXED_OPPONENT,train,SCRIPTED:OP3,1,3,2,1,18,0.23999999463558197,1,0,0,11.0,10.901893615722656
425,8048,0,1006,FIXED_OPPONENT,train,SCRIPTED:OP3,1,3,1,2,18,0.3199999928474426,1,0,2,11.0,9.541991339789497
426,8048,0,1006,FIXED_OPPONENT,train,SCRIPTED:OP3,0,2,3,-1,21,0.23999999463558197,1,0,4,14.0,10.567405337379093
427,8064,0,1008,FIXED_OPPONENT,train,SCRIPTED:OP3,1,3,2,1,19,0.2800000011920929,1,0,2,12.0,9.898463199013158
428,8088,0,1011,FIXED_OPPONENT,train,SCRIPTED:OP3,0,2,3,-1,18,0.1599999964237213,1,0,3,11.0,10.804933336046007
429,8104,0,1013,FIXED_OPPONENT,train,SCRIPTED:OP3,0,1,3,-2,17,0.1599999964237213,1,0,0,11.0,11.633969475241269
430,8128,0,1016,FIXED_OPPONENT,train,SCRIPTED:OP3,1,3,2,1,20,0.2800000011920929,1,0,0,13.0,10.645944976806641
431,8136,0,1017,FIXED_OPPONENT,train,SCRIPTED:OP3,0,2,3,-1,21,0.2800000011920929,1,0,3,14.0,10.700081234886532
432,8208,0,1026,FIXED_OPPONENT,train,SCRIPTED:OP3,1,3,1,2,20,0.2800000011920929,1,0,2,12.0,10.374629974365234
433,8208,0,1026,FIXED_OPPONENT,train,SCRIPTED:OP3,0,3,3,0,20,0.23999999463558197,1,0,3,12.0,10.567256927490234
434,8208,0,1026,FIXED_OPPONENT,train,SCRIPTED:OP3,0,3,3,0,20,0.23999999463558197,1,0,2,12.0,11.287650299072265
435,8216,0,1027,FIXED_OPPONENT,train,SCRIPTED:OP3,0,2,3,-1,19,0.1599999964237213,1,0,0,12.0,12.998171354594984
436,8240,0,1030,FIXED_OPPONENT,train,SCRIPTED:OP3,0,3,3,0,19,0.23999999463558197,1,0,1,11.0,9.708087318821958
437,8248,0,1031,FIXED_OPPONENT,train,SCRIPTED:OP3,0,2,3,-1,18,0.3199999928474426,1,0,3,11.0,9.442769368489584
438,8272,0,1034,FIXED_OPPONENT,train,SCRIPTED:OP3,1,3,2,1,18,0.19999998807907104,1,0,4,11.0,10.44779798719618
439,8288,0,1036,FIXED_OPPONENT,train,SCRIPTED:OP3,0,1,3,-2,19,0.1599999964237213,1,0,3,11.0,11.263510453073602
440,8352,0,1044,FIXED_OPPONENT,train,SCRIPTED:OP3,1,3,2,1,17,0.19999998807907104,0,1,3,11.0,10.168611414292279
441,8352,0,1044,FIXED_OPPONENT,train,SCRIPTED:OP3,0,3,3,0,18,0.23999999463558197,1,0,3,11.0,10.357286241319445
442,8360,0,1045,FIXED_OPPONENT,train,SCRIPTED:OP3,0,3,3,0,19,0.23999999463558197,1,0,3,12.0,10.077763607627467
443,8368,0,1046,FIXED_OPPONENT,train,SCRIPTED:OP3,0,3,3,0,20,0.19999998807907104,1,0,2,11.0,10.877593231201171
444,8384,0,1048,FIXED_OPPONENT,train,SCRIPTED:OP3,1,3,2,1,18,0.19999998807907104,1,0,2,12.0,11.055099487304688
445,8392,0,1049,FIXED_OPPONENT,train,SCRIPTED:OP3,1,3,2,1,18,0.19999998807907104,1,0,0,12.0,10.72355482313368
446,8408,0,1051,FIXED_OPPONENT,train,SCRIPTED:OP3,1,3,1,2,17,0.1599999964237213,1,0,2,12.0,11.529333675608916
447,8440,0,1055,FIXED_OPPONENT,train,SCRIPTED:OP3,1,3,2,1,19,0.19999998807907104,1,0,5,13.0,9.666848433645148
448,8504,0,1063,FIXED_OPPONENT,train,SCRIPTED:OP3,0,2,3,-1,19,0.1599999964237213,1,0,4,12.0,10.212968525133634
449,8504,0,1063,FIXED_OPPONENT,train,SCRIPTED:OP3,1,3,2,1,17,0.2800000011920929,1,0,0,11.0,9.043451645795036
450,8512,0,1064,FIXED_OPPONENT,train,SCRIPTED:OP3,1,3,2,1,20,0.19999998807907104,1,0,2,13.0,9.999604797363281
451,8520,0,1065,FIXED_OPPONENT,train,SCRIPTED:OP3,0,3,3,0,20,0.23999999463558197,1,0,3,13.0,10.362785339355469
452,8528,0,1066,FIXED_OPPONENT,train,SCRIPTED:OP3,0,2,3,-1,18,0.23999999463558197,1,0,2,11.0,10.062276204427084
453,8536,0,1067,FIXED_OPPONENT,train,SCRIPTED:OP3,1,3,2,1,18,0.2800000011920929,1,0,4,11.0,11.010855780707466
454,8560,0,1070,FIXED_OPPONENT,train,SCRIPTED:OP3,0,1,3,-2,19,0.19999998807907104,0,1,2,12.0,9.92994529322574
455,8616,0,1077,FIXED_OPPONENT,train,SCRIPTED:OP3,1,3,2,1,22,0.35999998450279236,1,0,2,15.0,10.467221346768467
456,8648,0,1081,FIXED_OPPONENT,train,SCRIPTED:OP3,0,2,3,-1,18,0.19999998807907104,1,0,0,12.0,11.564174228244358
457,8656,0,1082,FIXED_OPPONENT,train,SCRIPTED:OP3,1,3,2,1,19,0.19999998807907104,1,0,0,12.0,12.189946224814967
458,8656,0,1082,FIXED_OPPONENT,train,SCRIPTED:OP3,1,3,2,1,18,0.3199999928474426,1,0,2,11.0,11.204600863986546
459,8664,0,1083,FIXED_OPPONENT,train,SCRIPTED:OP3,1,3,2,1,18,0.2800000011920929,1,0,3,11.0,9.979529486762154
460,8680,0,1085,FIXED_OPPONENT,train,SCRIPTED:OP3,0,2,3,-1,19,0.11999999731779099,1,0,4,11.0,11.223080283717104
461,8680,0,1085,FIXED_OPPONENT,train,SCRIPTED:OP3,1,3,2,1,18,0.2800000011920929,1,0,0,11.0,11.959068298339844
462,8712,0,1089,FIXED_OPPONENT,train,SCRIPTED:OP3,1,3,2,1,19,0.11999999731779099,1,0,2,12.0,11.730323389956826
463,8768,0,1096,FIXED_OPPONENT,train,SCRIPTED:OP3,1,3,2,1,19,0.19999998807907104,1,0,5,12.0,9.298600046258224
464,8800,0,1100,FIXED_OPPONENT,train,SCRIPTED:OP3,0,3,3,0,19,0.19999998807907104,1,0,3,12.0,10.315314845034951
465,8816,0,1102,FIXED_OPPONENT,train,SCRIPTED:OP3,1,3,2,1,20,0.1599999964237213,1,0,0,13.0,11.386055755615235
466,8824,0,1103,FIXED_OPPONENT,train,SCRIPTED:OP3,0,3,3,0,21,0.3199999928474426,1,0,4,14.0,10.55033438546317
467,8824,0,1103,FIXED_OPPONENT,train,SCRIPTED:OP3,1,3,2,1,20,0.2800000011920929,1,0,2,13.0,10.218827819824218
468,8832,0,1104,FIXED_OPPONENT,train,SCRIPTED:OP3,1,3,2,1,19,0.3199999928474426,1,0,3,12.0,9.839482357627467
469,8840,0,1105,FIXED_OPPONENT,train,SCRIPTED:OP3,0,2,3,-1,20,0.2800000011920929,1,0,4,12.0,9.36742935180664
470,8872,0,1109,FIXED_OPPONENT,train,SCRIPTED:OP3,0,2,3,-1,20,0.23999999463558197,1,0,3,12.0,9.120169067382813
471,8920,0,1115,FIXED_OPPONENT,train,SCRIPTED:OP3,0,2,3,-1,19,0.23999999463558197,1,0,1,12.0,10.457184640984787
472,8944,0,1118,FIXED_OPPONENT,train,SCRIPTED:OP3,0,2,3,-1,18,0.23999999463558197,1,0,3,11.0,10.47384304470486
473,8968,0,1121,FIXED_OPPONENT,train,SCRIPTED:OP3,0,2,3,-1,19,0.23999999463558197,1,0,6,11.0,10.198898315429688
474,8968,0,1121,FIXED_OPPONENT,train,SCRIPTED:OP3,0,2,3,-1,18,0.2800000011920929,1,0,1,11.0,10.163020663791233
475,8984,0,1123,FIXED_OPPONENT,train,SCRIPTED:OP3,0,2,3,-1,18,0.2800000011920929,1,0,4,11.0,9.879731920030382
476,8984,0,1123,FIXED_OPPONENT,train,SCRIPTED:OP3,0,2,3,-1,19,0.2800000011920929,1,0,1,12.0,10.14703369140625
477,8992,0,1124,FIXED_OPPONENT,train,SCRIPTED:OP3,0,2,3,-1,21,0.23999999463558197,1,0,4,14.0,10.769643874395461
478,9040,0,1130,FIXED_OPPONENT,train,SCRIPTED:OP3,0,3,3,0,21,0.1599999964237213,1,0,6,14.0,9.618079049246651
479,9072,0,1134,FIXED_OPPONENT,train,SCRIPTED:OP3,1,3,2,1,19,0.19999998807907104,0,1,3,12.0,9.213522660104852
480,9088,0,1136,FIXED_OPPONENT,train,SCRIPTED:OP3,1,3,2,1,18,0.1599999964237213,1,0,4,11.0,10.251337687174479
481,9112,0,1139,FIXED_OPPONENT,train,SCRIPTED:OP3,0,2,3,-1,18,0.19999998807907104,1,0,5,11.0,9.411139594184029
482,9112,0,1139,FIXED_OPPONENT,train,SCRIPTED:OP3,0,1,3,-2,16,0.23999999463558197,1,0,0,12.0,12.856051445007324
483,9112,0,1139,FIXED_OPPONENT,train,SCRIPTED:OP3,0,2,3,-1,18,0.3199999928474426,1,0,1,11.0,10.106814914279514
484,9152,0,1144,FIXED_OPPONENT,train,SCRIPTED:OP3,1,3,2,1,21,0.3199999928474426,1,0,5,14.0,9.390537806919642
485,9160,0,1145,FIXED_OPPONENT,train,SCRIPTED:OP3,0,3,3,0,21,0.1599999964237213,1,0,5,12.0,9.673621768043155
486,9192,0,1149,FIXED_OPPONENT,train,SCRIPTED:OP3,0,2,3,-1,19,0.23999999463558197,1,0,0,11.0,9.984658492238898
487,9232,0,1154,FIXED_OPPONENT,train,SCRIPTED:OP3,1,3,2,1,20,0.23999999463558197,1,0,6,13.0,10.454339599609375
488,9240,0,1155,FIXED_OPPONENT,train,SCRIPTED:OP3,0,3,3,0,19,0.23999999463558197,1,0,2,12.0,9.849543521278783
489,9248,0,1156,FIXED_OPPONENT,train,SCRIPTED:OP3,0,2,3,-1,17,0.19999998807907104,1,0,2,11.0,10.595584644990808
490,9256,0,1157,FIXED_OPPONENT,train,SCRIPTED:OP3,0,2,3,-1,18,0.11999999731779099,1,0,3,11.0,10.774742974175346
491,9256,0,1157,FIXED_OPPONENT,train,SCRIPTED:OP3,1,3,2,1,18,0.19999998807907104,1,0,4,13.0,10.662122090657553
492,9304,0,1163,FIXED_OPPONENT,train,SCRIPTED:OP3,1,3,2,1,18,0.2800000011920929,1,0,0,12.0,11.248619927300346
493,9312,0,1164,FIXED_OPPONENT,train,SCRIPTED:OP3,0,2,3,-1,20,0.23999999463558197,1,0,6,13.0,10.179529571533203
494,9344,0,1168,FIXED_OPPONENT,train,SCRIPTED:OP3,1,3,2,1,19,0.2800000011920929,1,0,0,12.0,11.48383933619449
495,9384,0,1173,FIXED_OPPONENT,train,SCRIPTED:OP3,1,3,2,1,19,0.1599999964237213,1,0,1,12.0,10.22943115234375
496,9392,0,1174,FIXED_OPPONENT,train,SCRIPTED:OP3,0,2,3,-1,18,0.2800000011920929,1,0,0,11.0,11.27679697672526
497,9400,0,1175,FIXED_OPPONENT,train,SCRIPTED:OP3,1,3,2,1,18,0.3199999928474426,1,0,1,11.0,10.44508531358507
498,9400,0,1175,FIXED_OPPONENT,train,SCRIPTED:OP3,0,2,3,-1,20,0.23999999463558197,1,0,1,12.0,11.00234375
499,9408,0,1176,FIXED_OPPONENT,train,SCRIPTED:OP3,0,3,3,0,19,0.23999999463558197,1,0,0,12.0,11.278215107164884
500,9448,0,1181,FIXED_OPPONENT,train,SCRIPTED:OP3,0,2,3,-1,17,0.23999999463558197,1,0,2,12.0,10.004407994887409
501,9464,0,1183,FIXED_OPPONENT,train,SCRIPTED:OP3,0,3,3,0,20,0.23999999463558197,1,0,9,12.0,9.837906646728516
502,9488,0,1186,FIXED_OPPONENT,train,SCRIPTED:OP3,1,3,2,1,18,0.3199999928474426,1,0,2,11.0,11.66708034939236
503,9544,0,1193,FIXED_OPPONENT,train,SCRIPTED:OP3,0,3,3,0,19,0.1599999964237213,1,0,2,12.0,10.67268210963199
504,9544,0,1193,FIXED_OPPONENT,train,SCRIPTED:OP3,1,3,2,1,18,0.2800000011920929,1,0,3,11.0,9.878507826063368
505,9544,0,1193,FIXED_OPPONENT,train,SCRIPTED:OP3,1,3,2,1,18,0.19999998807907104,1,0,0,11.0,12.555831909179688
506,9552,0,1194,FIXED_OPPONENT,train,SCRIPTED:OP3,0,3,3,0,21,0.35999998450279236,1,0,4,14.0,9.548685709635416
507,9552,0,1194,FIXED_OPPONENT,train,SCRIPTED:OP3,0,2,3,-1,18,0.11999999731779099,1,0,2,12.0,11.281655205620659
508,9608,0,1201,FIXED_OPPONENT,train,SCRIPTED:OP3,1,3,2,1,18,0.23999999463558197,1,0,2,11.0,11.28921169704861
509,9616,0,1202,FIXED_OPPONENT,train,SCRIPTED:OP3,1,3,2,1,21,0.23999999463558197,1,0,5,14.0,11.096123831612724
510,9632,0,1204,FIXED_OPPONENT,train,SCRIPTED:OP3,1,3,2,1,18,0.3199999928474426,1,0,1,11.0,10.19142066107856
511,9680,0,1210,FIXED_OPPONENT,train,SCRIPTED:OP3,1,3,2,1,16,0.1599999964237213,1,0,4,11.0,10.191134452819824
512,9688,0,1211,FIXED_OPPONENT,train,SCRIPTED:OP3,1,3,2,1,18,0.23999999463558197,1,0,2,11.0,11.408436245388454
513,9688,0,1211,FIXED_OPPONENT,train,SCRIPTED:OP3,1,3,1,2,17,0.23999999463558197,1,0,1,11.0,8.968267104204964
514,9704,0,1213,FIXED_OPPONENT,train,SCRIPTED:OP3,1,3,2,1,20,0.2800000011920929,1,0,1,13.0,10.253981781005859
515,9712,0,1214,FIXED_OPPONENT,train,SCRIPTED:OP3,0,3,3,0,21,0.23999999463558197,0,1,5,14.0,8.848265148344494
516,9728,0,1216,FIXED_OPPONENT,train,SCRIPTED:OP3,0,1,3,-2,15,0.2800000011920929,1,0,1,11.0,10.88319803873698
517,9768,0,1221,FIXED_OPPONENT,train,SCRIPTED:OP3,1,3,2,1,19,0.23999999463558197,1,0,0,12.0,11.161999351099917
518,9776,0,1222,FIXED_OPPONENT,train,SCRIPTED:OP3,1,3,2,1,18,0.19999998807907104,1,0,0,12.0,10.938609653049046
519,9824,0,1228,FIXED_OPPONENT,train,SCRIPTED:OP3,1,3,2,1,18,0.2800000011920929,1,0,3,12.0,10.219242519802517
520,9840,0,1230,FIXED_OPPONENT,train,SCRIPTED:OP3,1,3,2,1,19,0.3199999928474426,1,0,1,12.0,9.902496337890625
521,9840,0,1230,FIXED_OPPONENT,train,SCRIPTED:OP3,0,2,3,-1,19,0.19999998807907104,1,0,2,12.0,11.483037848221628
522,9848,0,1231,FIXED_OPPONENT,train,SCRIPTED:OP3,1,3,2,1,18,0.23999999463558197,1,0,0,11.0,10.992999606662327
523,9864,0,1233,FIXED_OPPONENT,train,SCRIPTED:OP3,0,2,3,-1,19,0.19999998807907104,1,0,3,11.0,11.19889992161801
524,9896,0,1237,FIXED_OPPONENT,train,SCRIPTED:OP3,1,3,2,1,21,0.1599999964237213,1,0,3,14.0,9.352854410807291
525,9912,0,1239,FIXED_OPPONENT,train,SCRIPTED:OP3,0,2,3,-1,18,0.3199999928474426,1,0,2,11.0,10.566783481174046
526,9920,0,1240,FIXED_OPPONENT,train,SCRIPTED:OP3,0,2,3,-1,18,0.23999999463558197,1,0,0,11.0,12.22930908203125
527,9968,0,1246,FIXED_OPPONENT,train,SCRIPTED:OP3,1,3,1,2,18,0.3999999761581421,1,0,0,11.0,10.407018025716146
528,9984,0,1248,FIXED_OPPONENT,train,SCRIPTED:OP3,1,3,2,1,18,0.11999999731779099,1,0,5,11.0,9.866986592610678
529,9984,0,1248,FIXED_OPPONENT,train,SCRIPTED:OP3,1,3,2,1,18,0.3199999928474426,1,0,5,11.0,9.924334208170572
530,10008,0,1251,FIXED_OPPONENT,train,SCRIPTED:OP3,0,2,3,-1,18,0.35999998450279236,1,0,5,12.0,10.534017774793837
531,10016,0,1252,FIXED_OPPONENT,train,SCRIPTED:OP3,1,3,2,1,21,0.3199999928474426,1,0,4,14.0,8.987569899786086
532,10048,0,1256,FIXED_OPPONENT,train,SCRIPTED:OP3,0,2,3,-1,19,0.23999999463558197,1,0,5,12.0,10.622150621916118
533,10056,0,1257,FIXED_OPPONENT,train,SCRIPTED:OP3,1,3,2,1,18,0.19999998807907104,1,0,0,11.0,10.950660705566406
534,10072,0,1259,FIXED_OPPONENT,train,SCRIPTED:OP3,0,3,3,0,19,0.2800000011920929,1,0,2,11.0,11.11484166195518
535,10120,0,1265,FIXED_OPPONENT,train,SCRIPTED:OP3,1,3,2,1,19,0.19999998807907104,1,0,2,12.0,11.15916603489926
536,10128,0,1266,FIXED_OPPONENT,train,SCRIPTED:OP3,0,2,3,-1,18,0.23999999463558197,1,0,0,12.0,10.121796502007378
537,10136,0,1267,FIXED_OPPONENT,train,SCRIPTED:OP3,1,3,2,1,19,0.2800000011920929,1,0,0,11.0,12.01486527292352
538,10152,0,1269,FIXED_OPPONENT,train,SCRIPTED:OP3,0,2,3,-1,18,0.23999999463558197,1,0,3,11.0,10.223498026529947
539,10184,0,1273,FIXED_OPPONENT,train,SCRIPTED:OP3,1,3,2,1,21,0.3199999928474426,1,0,9,11.0,8.907651628766741
540,10192,0,1274,FIXED_OPPONENT,train,SCRIPTED:OP3,1,3,2,1,18,0.23999999463558197,1,0,2,11.0,10.410880194769966
541,10200,0,1275,FIXED_OPPONENT,train,SCRIPTED:OP3,1,3,2,1,18,0.19999998807907104,1,0,0,11.0,12.443856981065538
542,10216,0,1277,FIXED_OPPONENT,train,SCRIPTED:OP3,0,2,3,-1,18,0.35999998450279236,1,0,1,11.0,9.744603474934896
543,10256,0,1282,FIXED_OPPONENT,train,SCRIPTED:OP3,1,3,2,1,17,0.2800000011920929,1,0,1,11.0,10.085923138786764
544,10272,0,1284,FIXED_OPPONENT,train,SCRIPTED:OP3,1,3,2,1,18,0.19999998807907104,1,0,1,11.0,11.348163180881077
545,10288,0,1286,FIXED_OPPONENT,train,SCRIPTED:OP3,0,3,3,0,19,0.2800000011920929,1,0,1,12.0,10.58329853258635
546,10304,0,1288,FIXED_OPPONENT,train,SCRIPTED:OP3,1,3,2,1,19,0.2800000011920929,1,0,3,12.0,9.950219405324836
547,10336,0,1292,FIXED_OPPONENT,train,SCRIPTED:OP3,0,2,3,-1,19,0.19999998807907104,1,0,0,11.0,12.02197265625
548,10344,0,1293,FIXED_OPPONENT,train,SCRIPTED:OP3,1,3,2,1,16,0.23999999463558197,1,0,0,11.0,10.792277336120605
549,10352,0,1294,FIXED_OPPONENT,train,SCRIPTED:OP3,0,2,3,-1,19,0.23999999463558197,1,0,5,12.0,10.144975361071134
550,10360,0,1295,FIXED_OPPONENT,train,SCRIPTED:OP3,0,2,3,-1,21,0.3199999928474426,1,0,2,14.0,9.838678269159226
551,10408,0,1301,FIXED_OPPONENT,train,SCRIPTED:OP3,1,3,2,1,19,0.19999998807907104,1,0,4,12.0,10.636070653011924
552,10416,0,1302,FIXED_OPPONENT,train,SCRIPTED:OP3,0,2,3,-1,18,0.3999999761581421,1,0,0,11.0,10.003167894151476
553,10432,0,1304,FIXED_OPPONENT,train,SCRIPTED:OP3,1,3,2,1,18,0.1599999964237213,1,0,2,11.0,10.19381374782986
554,10448,0,1306,FIXED_OPPONENT,train,SCRIPTED:OP3,1,3,2,1,18,0.2800000011920929,1,0,1,12.0,10.42639414469401
555,10480,0,1310,FIXED_OPPONENT,train,SCRIPTED:OP3,1,3,2,1,18,0.11999999731779099,1,0,5,11.0,10.922142028808594
556,10488,0,1311,FIXED_OPPONENT,train,SCRIPTED:OP3,1,3,2,1,18,0.11999999731779099,1,0,4,11.0,10.48573727077908
557,10496,0,1312,FIXED_OPPONENT,train,SCRIPTED:OP3,1,3,2,1,18,0.2800000011920929,0,1,4,11.0,9.506268819173178
558,10504,0,1313,FIXED_OPPONENT,train,SCRIPTED:OP3,1,3,2,1,18,0.3199999928474426,1,0,2,12.0,9.42082044813368
559,10560,0,1320,FIXED_OPPONENT,train,SCRIPTED:OP3,1,3,2,1,18,0.23999999463558197,1,0,2,11.0,10.031019422743055
560,10576,0,1322,FIXED_OPPONENT,train,SCRIPTED:OP3,0,3,3,0,18,0.1599999964237213,1,0,7,12.0,9.266392178005642
561,10584,0,1323,FIXED_OPPONENT,train,SCRIPTED:OP3,0,3,3,0,22,0.3199999928474426,1,0,1,15.0,10.59832694313743
562,10616,0,1327,FIXED_OPPONENT,train,SCRIPTED:OP3,1,3,2,1,17,0.1599999964237213,1,0,0,12.0,11.393750359030332
563,10624,0,1328,FIXED_OPPONENT,train,SCRIPTED:OP3,1,3,2,1,22,0.35999998450279236,1,0,9,15.0,9.035337968306107
564,10632,0,1329,FIXED_OPPONENT,train,SCRIPTED:OP3,1,3,2,1,18,0.23999999463558197,1,0,1,11.0,11.944737752278646
565,10648,0,1331,FIXED_OPPONENT,train,SCRIPTED:OP3,1,3,2,1,18,0.1599999964237213,1,0,0,11.0,11.269857618543837
566,10656,0,1332,FIXED_OPPONENT,train,SCRIPTED:OP3,0,3,3,0,20,0.23999999463558197,1,0,1,12.0,9.94704818725586
567,10712,0,1339,FIXED_OPPONENT,train,SCRIPTED:OP3,0,3,3,0,19,0.23999999463558197,1,0,1,11.0,10.47964075991982
568,10728,0,1341,FIXED_OPPONENT,train,SCRIPTED:OP3,0,1,3,-2,18,0.23999999463558197,1,0,5,11.0,10.213268703884548
569,10728,0,1341,FIXED_OPPONENT,train,SCRIPTED:OP3,0,2,3,-1,19,0.23999999463558197,1,0,0,12.0,10.697234304327713
570,10752,0,1344,FIXED_OPPONENT,train,SCRIPTED:OP3,1,3,2,1,17,0.3199999928474426,1,0,2,11.0,10.997382668887868
571,10768,0,1346,FIXED_OPPONENT,train,SCRIPTED:OP3,0,2,3,-1,17,0.23999999463558197,1,0,3,11.0,12.45412041159237
572,10768,0,1346,FIXED_OPPONENT,train,SCRIPTED:OP3,0,2,3,-1,18,0.19999998807907104,1,0,2,11.0,11.03010474310981
573,10800,0,1350,FIXED_OPPONENT,train,SCRIPTED:OP3,1,3,2,1,19,0.2800000011920929,1,0,1,12.0,10.586255525287829
574,10800,0,1350,FIXED_OPPONENT,train,SCRIPTED:OP3,1,3,2,1,18,0.1599999964237213,1,0,2,11.0,11.508488125271267
575,10848,0,1356,FIXED_OPPONENT,train,SCRIPTED:OP3,0,2,3,-1,15,0.23999999463558197,1,0,0,11.0,10.332985432942708
576,10864,0,1358,FIXED_OPPONENT,train,SCRIPTED:OP3,1,3,2,1,19,0.19999998807907104,1,0,2,12.0,10.0511474609375
577,10880,0,1360,FIXED_OPPONENT,train,SCRIPTED:OP3,0,3,3,0,19,0.23999999463558197,1,0,2,11.0,10.540606046977796
578,10904,0,1363,FIXED_OPPONENT,train,SCRIPTED:OP3,1,3,2,1,17,0.2800000011920929,1,0,4,11.0,10.466527602251839
579,10904,0,1363,FIXED_OPPONENT,train,SCRIPTED:OP3,0,2,3,-1,19,0.19999998807907104,1,0,1,12.0,11.108272351716694
580,10912,0,1364,FIXED_OPPONENT,train,SCRIPTED:OP3,1,3,2,1,18,0.23999999463558197,1,0,2,12.0,8.964230007595486
581,10944,0,1368,FIXED_OPPONENT,train,SCRIPTED:OP3,1,3,2,1,18,0.19999998807907104,1,0,0,11.0,11.44338650173611
582,10944,0,1368,FIXED_OPPONENT,train,SCRIPTED:OP3,1,3,2,1,18,0.23999999463558197,1,0,0,12.0,10.214672512478298
583,10992,0,1374,FIXED_OPPONENT,train,SCRIPTED:OP3,0,2,3,-1,16,0.19999998807907104,1,0,1,12.0,10.79604721069336
584,10992,0,1374,FIXED_OPPONENT,train,SCRIPTED:OP3,0,3,3,0,18,0.23999999463558197,1,0,2,11.0,9.864551120334202
585,11024,0,1378,FIXED_OPPONENT,train,SCRIPTED:OP3,0,2,3,-1,18,0.2800000011920929,1,0,2,11.0,9.955953809950087
586,11048,0,1381,FIXED_OPPONENT,train,SCRIPTED:OP3,1,3,2,1,17,0.23999999463558197,1,0,0,11.0,10.521261776194853
587,11056,0,1382,FIXED_OPPONENT,train,SCRIPTED:OP3,1,3,2,1,19,0.3999999761581421,1,0,2,12.0,10.008495130037007
588,11064,0,1383,FIXED_OPPONENT,train,SCRIPTED:OP3,0,3,3,0,20,0.19999998807907104,1,0,4,12.0,9.993318176269531
589,11080,0,1385,FIXED_OPPONENT,train,SCRIPTED:OP3,1,3,2,1,17,0.23999999463558197,1,0,1,12.0,9.49999371696921
590,11096,0,1387,FIXED_OPPONENT,train,SCRIPTED:OP3,0,2,3,-1,19,0.11999999731779099,1,0,0,12.0,10.592688309518914
591,11144,0,1393,FIXED_OPPONENT,train,SCRIPTED:OP3,1,3,2,1,19,0.1599999964237213,1,0,3,12.0,10.34627251876028
592,11152,0,1394,FIXED_OPPONENT,train,SCRIPTED:OP3,0,2,3,-1,20,0.19999998807907104,1,0,2,13.0,10.616822814941406
593,11176,0,1397,FIXED_OPPONENT,train,SCRIPTED:OP3,0,3,3,0,19,0.2800000011920929,1,0,5,12.0,11.100761012027139
594,11200,0,1400,FIXED_OPPONENT,train,SCRIPTED:OP3,0,2,3,-1,19,0.19999998807907104,1,0,5,12.0,10.302001150030838
595,11200,0,1400,FIXED_OPPONENT,train,SCRIPTED:OP3,1,3,2,1,18,0.3199999928474426,1,0,3,11.0,9.870894538031685
596,11224,0,1403,FIXED_OPPONENT,train,SCRIPTED:OP3,0,3,3,0,20,0.23999999463558197,1,0,9,13.0,10.841799926757812
597,11240,0,1405,FIXED_OPPONENT,train,SCRIPTED:OP3,0,3,3,0,20,0.19999998807907104,1,0,1,13.0,10.095967864990234
598,11240,0,1405,FIXED_OPPONENT,train,SCRIPTED:OP3,0,3,3,0,18,0.23999999463558197,1,0,4,11.0,10.111865573459202
599,11296,0,1412,FIXED_OPPONENT,train,SCRIPTED:OP3,1,3,1,2,19,0.3199999928474426,1,0,1,12.0,10.929121318616366
600,11296,0,1412,FIXED_OPPONENT,train,SCRIPTED:OP3,1,3,2,1,18,0.23999999463558197,1,0,0,12.0,11.428151448567709
601,11320,0,1415,FIXED_OPPONENT,train,SCRIPTED:OP3,1,3,1,2,15,0.19999998807907104,1,0,1,11.0,12.503981526692709
602,11336,0,1417,FIXED_OPPONENT,train,SCRIPTED:OP3,1,3,2,1,17,0.23999999463558197,1,0,0,11.0,11.539919684914981
603,11336,0,1417,FIXED_OPPONENT,train,SCRIPTED:OP3,0,2,3,-1,20,0.2800000011920929,1,0,4,14.0,10.16735610961914
604,11368,0,1421,FIXED_OPPONENT,train,SCRIPTED:OP3,1,3,2,1,18,0.23999999463558197,1,0,0,11.0,11.362096150716146
605,11392,0,1424,FIXED_OPPONENT,train,SCRIPTED:OP3,0,2,3,-1,19,0.23999999463558197,1,0,0,11.0,10.393194098221628
606,11392,0,1424,FIXED_OPPONENT,train,SCRIPTED:OP3,1,3,2,1,19,0.23999999463558197,1,0,3,12.0,11.385371961091694
607,11440,0,1430,FIXED_OPPONENT,train,SCRIPTED:OP3,1,3,1,2,18,0.3199999928474426,1,0,0,12.0,10.514798482259115
608,11440,0,1430,FIXED_OPPONENT,train,SCRIPTED:OP3,1,3,2,1,18,0.23999999463558197,0,1,7,11.0,9.719818115234375
609,11472,0,1434,FIXED_OPPONENT,train,SCRIPTED:OP3,1,3,2,1,19,0.23999999463558197,1,0,1,12.0,13.702212685032896
610,11480,0,1435,FIXED_OPPONENT,train,SCRIPTED:OP3,1,3,2,1,18,0.2800000011920929,1,0,4,11.0,9.248760647243923
611,11480,0,1435,FIXED_OPPONENT,train,SCRIPTED:OP3,1,3,2,1,18,0.11999999731779099,1,0,1,11.0,10.880162556966146
612,11528,0,1441,FIXED_OPPONENT,train,SCRIPTED:OP3,1,3,2,1,20,0.23999999463558197,1,0,0,13.0,11.558241271972657
613,11536,0,1442,FIXED_OPPONENT,train,SCRIPTED:OP3,0,2,3,-1,18,0.3199999928474426,1,0,1,11.0,11.652987162272135
614,11560,0,1445,FIXED_OPPONENT,train,SCRIPTED:OP3,0,2,3,-1,21,0.23999999463558197,1,0,6,14.0,10.202858334495907
615,11584,0,1448,FIXED_OPPONENT,train,SCRIPTED:OP3,0,3,3,0,18,0.23999999463558197,1,0,1,11.0,10.21730465359158
616,11600,0,1450,FIXED_OPPONENT,train,SCRIPTED:OP3,1,3,2,1,20,0.4399999976158142,1,0,1,13.0,8.997731781005859
617,11616,0,1452,FIXED_OPPONENT,train,SCRIPTED:OP3,0,2,3,-1,18,0.1599999964237213,0,1,1,12.0,10.547739664713541
618,11624,0,1453,FIXED_OPPONENT,train,SCRIPTED:OP3,0,2,3,-1,18,0.2800000011920929,1,0,1,11.0,9.967263963487413
619,11648,0,1456,FIXED_OPPONENT,train,SCRIPTED:OP3,1,3,2,1,21,0.23999999463558197,1,0,2,14.0,10.196451822916666
620,11680,0,1460,FIXED_OPPONENT,train,SCRIPTED:OP3,1,3,2,1,18,0.11999999731779099,1,0,4,12.0,11.603656344943577
621,11688,0,1461,FIXED_OPPONENT,train,SCRIPTED:OP3,0,3,3,0,20,0.1599999964237213,1,0,1,12.0,11.616743469238282
622,11704,0,1463,FIXED_OPPONENT,train,SCRIPTED:OP3,0,2,3,-1,18,0.23999999463558197,1,0,0,11.0,11.502141316731771
623,11720,0,1465,FIXED_OPPONENT,train,SCRIPTED:OP3,0,2,3,-1,15,0.35999998450279236,1,0,0,11.0,12.281264241536459
624,11736,0,1467,FIXED_OPPONENT,train,SCRIPTED:OP3,1,3,1,2,19,0.2800000011920929,1,0,3,12.0,11.05590177837171
625,11776,0,1472,FIXED_OPPONENT,train,SCRIPTED:OP3,0,2,3,-1,20,0.19999998807907104,1,0,3,13.0,9.974861907958985
626,11776,0,1472,FIXED_OPPONENT,train,SCRIPTED:OP3,1,3,2,1,19,0.19999998807907104,1,0,2,12.0,10.527293155067845
627,11808,0,1476,FIXED_OPPONENT,train,SCRIPTED:OP3,1,3,2,1,20,0.35999998450279236,1,0,3,13.0,9.235279083251953
628,11824,0,1478,FIXED_OPPONENT,train,SCRIPTED:OP3,0,2,3,-1,18,0.1599999964237213,0,1,5,11.0,10.727256774902344
629,11840,0,1480,FIXED_OPPONENT,train,SCRIPTED:OP3,0,2,3,-1,19,0.19999998807907104,1,0,1,12.0,10.162176031815378
630,11864,0,1483,FIXED_OPPONENT,train,SCRIPTED:OP3,0,2,3,-1,16,0.2800000011920929,1,0,0,12.0,12.144583702087402
631,11864,0,1483,FIXED_OPPONENT,train,SCRIPTED:OP3,1,3,2,1,20,0.23999999463558197,1,0,5,13.0,10.835136413574219
632,11864,0,1483,FIXED_OPPONENT,train,SCRIPTED:OP3,1,3,2,1,18,0.19999998807907104,1,0,4,11.0,9.80436791314019
633,11928,0,1491,FIXED_OPPONENT,train,SCRIPTED:OP3,1,3,2,1,19,0.11999999731779099,1,0,1,12.0,10.942516126130757
634,11952,0,1494,FIXED_OPPONENT,train,SCRIPTED:OP3,0,3,3,0,22,0.23999999463558197,1,0,2,14.0,10.799322648481889
635,11968,0,1496,FIXED_OPPONENT,train,SCRIPTED:OP3,1,3,2,1,20,0.1599999964237213,1,0,7,12.0,10.316944885253907
636,11968,0,1496,FIXED_OPPONENT,train,SCRIPTED:OP3,1,3,2,1,18,0.3999999761581421,1,0,0,11.0,10.695523579915365
637,11976,0,1497,FIXED_OPPONENT,train,SCRIPTED:OP3,1,3,2,1,17,0.19999998807907104,1,0,0,11.0,12.758979348575368
638,11984,0,1498,FIXED_OPPONENT,train,SCRIPTED:OP3,1,3,1,2,15,0.07999999821186066,1,0,0,11.0,11.221213785807292
639,12008,0,1501,FIXED_OPPONENT,train,SCRIPTED:OP3,0,3,3,0,18,0.23999999463558197,1,0,3,11.0,10.338534037272135
640,12016,0,1502,FIXED_OPPONENT,train,SCRIPTED:OP3,0,2,3,-1,19,0.1599999964237213,1,0,3,12.0,10.037762290553042
641,12080,0,1510,FIXED_OPPONENT,train,SCRIPTED:OP3,0,2,3,-1,19,0.19999998807907104,1,0,2,12.0,10.742738422594572
642,12104,0,1513,FIXED_OPPONENT,train,SCRIPTED:OP3,0,2,3,-1,19,0.35999998450279236,1,0,4,12.0,10.044102718955592
643,12112,0,1514,FIXED_OPPONENT,train,SCRIPTED:OP3,0,2,3,-1,18,0.11999999731779099,1,0,0,11.0,10.844048394097221
644,12112,0,1514,FIXED_OPPONENT,train,SCRIPTED:OP3,1,3,2,1,18,0.1599999964237213,1,0,1,11.0,10.463843451605904
645,12120,0,1515,FIXED_OPPONENT,train,SCRIPTED:OP3,0,2,3,-1,18,0.35999998450279236,1,0,2,11.0,9.66519504123264
646,12128,0,1516,FIXED_OPPONENT,train,SCRIPTED:OP3,0,2,3,-1,18,0.19999998807907104,1,0,2,11.0,10.478535970052084
647,12160,0,1520,FIXED_OPPONENT,train,SCRIPTED:OP3,1,3,2,1,18,0.19999998807907104,1,0,5,11.0,9.648727416992188
648,12160,0,1520,FIXED_OPPONENT,train,SCRIPTED:OP3,0,2,3,-1,19,0.3199999928474426,1,0,2,12.0,10.548402485094572
649,12232,0,1529,FIXED_OPPONENT,train,SCRIPTED:OP3,0,2,3,-1,19,0.19999998807907104,1,0,1,12.0,9.956483539782072
650,12240,0,1530,FIXED_OPPONENT,train,SCRIPTED:OP3,0,1,3,-2,17,0.11999999731779099,1,0,0,11.0,11.790994980755974
651,12264,0,1533,FIXED_OPPONENT,train,SCRIPTED:OP3,0,3,3,0,19,0.35999998450279236,1,0,1,12.0,10.63922119140625
652,12272,0,1534,FIXED_OPPONENT,train,SCRIPTED:OP3,1,3,2,1,19,0.1599999964237213,1,0,0,15.0,11.676256681743421
653,12280,0,1535,FIXED_OPPONENT,train,SCRIPTED:OP3,0,3,3,0,21,0.35999998450279236,1,0,4,13.0,8.834433419363839
654,12288,0,1536,FIXED_OPPONENT,train,SCRIPTED:OP3,1,3,2,1,20,0.23999999463558197,1,0,1,13.0,10.431658172607422
655,12304,0,1538,FIXED_OPPONENT,train,SCRIPTED:OP3,0,2,3,-1,18,0.19999998807907104,1,0,5,11.0,9.617201063368055
656,12312,0,1539,FIXED_OPPONENT,train,SCRIPTED:OP3,0,2,3,-1,19,0.35999998450279236,1,0,5,12.0,10.44437689530222
657,12376,0,1547,FIXED_OPPONENT,train,SCRIPTED:OP3,1,3,2,1,18,0.23999999463558197,1,0,5,11.0,10.653519524468315
658,12384,0,1548,FIXED_OPPONENT,train,SCRIPTED:OP3,1,3,1,2,18,0.3199999928474426,1,0,3,11.0,9.017868041992188
659,12416,0,1552,FIXED_OPPONENT,train,SCRIPTED:OP3,1,3,2,1,19,0.3199999928474426,1,0,0,11.0,9.581867418791118
660,12416,0,1552,FIXED_OPPONENT,train,SCRIPTED:OP3,1,3,2,1,18,0.1599999964237213,1,0,2,11.0,10.040317959255642
661,12424,0,1553,FIXED_OPPONENT,train,SCRIPTED:OP3,1,3,2,1,18,0.19999998807907104,1,0,1,11.0,10.981272379557291
662,12456,0,1557,FIXED_OPPONENT,train,SCRIPTED:OP3,0,1,3,-2,19,0.1599999964237213,1,0,2,12.0,9.925586098118833
663,12456,0,1557,FIXED_OPPONENT,train,SCRIPTED:OP3,0,2,3,-1,18,0.19999998807907104,1,0,2,11.0,10.924829271104601
664,12464,0,1558,FIXED_OPPONENT,train,SCRIPTED:OP3,0,3,3,0,22,0.3199999928474426,1,0,5,12.0,10.566288341175426
665,12528,0,1566,FIXED_OPPONENT,train,SCRIPTED:OP3,0,3,3,0,19,0.35999998450279236,1,0,1,12.0,9.406156841077303
666,12536,0,1567,FIXED_OPPONENT,train,SCRIPTED:OP3,0,2,3,-1,19,0.11999999731779099,1,0,1,12.0,10.821374993575247
667,12560,0,1570,FIXED_OPPONENT,train,SCRIPTED:OP3,1,3,2,1,18,0.11999999731779099,1,0,3,13.0,9.11980946858724
668,12568,0,1571,FIXED_OPPONENT,train,SCRIPTED:OP3,0,2,3,-1,19,0.3199999928474426,1,0,4,13.0,9.41239367033306
669,12568,0,1571,FIXED_OPPONENT,train,SCRIPTED:OP3,0,2,3,-1,18,0.1599999964237213,1,0,4,11.0,11.355751885308159
670,12616,0,1577,FIXED_OPPONENT,train,SCRIPTED:OP3,1,3,2,1,20,0.1599999964237213,1,0,0,12.0,11.87578887939453
671,12616,0,1577,FIXED_OPPONENT,train,SCRIPTED:OP3,1,3,2,1,19,0.4399999976158142,1,0,0,12.0,10.5775001927426
672,12616,0,1577,FIXED_OPPONENT,train,SCRIPTED:OP3,1,3,2,1,20,0.2800000011920929,1,0,3,13.0,10.956063079833985
673,12680,0,1585,FIXED_OPPONENT,train,SCRIPTED:OP3,1,3,2,1,19,0.23999999463558197,1,0,1,11.0,9.084978605571546
674,12704,0,1588,FIXED_OPPONENT,train,SCRIPTED:OP3,0,2,3,-1,18,0.3199999928474426,1,0,0,11.0,11.536471048990885
675,12712,0,1589,FIXED_OPPONENT,train,SCRIPTED:OP3,1,3,2,1,22,0.2800000011920929,1,0,3,15.0,10.601350264115768
676,12720,0,1590,FIXED_OPPONENT,train,SCRIPTED:OP3,0,3,3,0,19,0.19999998807907104,1,0,5,11.0,10.23120759662829
677,12736,0,1592,FIXED_OPPONENT,train,SCRIPTED:OP3,1,3,2,1,21,0.2800000011920929,1,0,4,14.0,10.077640351795015
678,12760,0,1595,FIXED_OPPONENT,train,SCRIPTED:OP3,0,2,3,-1,18,0.19999998807907104,1,0,0,11.0,11.806933085123697
679,12760,0,1595,FIXED_OPPONENT,train,SCRIPTED:OP3,0,2,3,-1,18,0.2800000011920929,1,0,2,11.0,10.57186550564236
680,12776,0,1597,FIXED_OPPONENT,train,SCRIPTED:OP3,1,3,2,1,20,0.19999998807907104,1,0,0,12.0,11.58990707397461
681,12824,0,1603,FIXED_OPPONENT,train,SCRIPTED:OP3,1,3,2,1,18,0.19999998807907104,1,0,2,11.0,10.801439073350695
682,12856,0,1607,FIXED_OPPONENT,train,SCRIPTED:OP3,0,2,3,-1,19,0.3199999928474426,1,0,4,13.0,9.805509065326891
683,12856,0,1607,FIXED_OPPONENT,train,SCRIPTED:OP3,1,3,2,1,18,0.1599999964237213,1,0,0,11.0,10.114949544270834
684,12880,0,1610,FIXED_OPPONENT,train,SCRIPTED:OP3,0,1,3,-2,15,0.23999999463558197,1,0,3,11.0,9.243916829427084
685,12880,0,1610,FIXED_OPPONENT,train,SCRIPTED:OP3,1,3,2,1,20,0.1599999964237213,1,0,6,11.0,9.7311279296875
686,12888,0,1611,FIXED_OPPONENT,train,SCRIPTED:OP3,1,3,2,1,19,0.23999999463558197,1,0,2,12.0,10.498092651367188
687,12896,0,1612,FIXED_OPPONENT,train,SCRIPTED:OP3,1,3,1,2,17,0.3999999761581421,1,0,1,11.0,9.613812614889707
688,12912,0,1614,FIXED_OPPONENT,train,SCRIPTED:OP3,1,3,2,1,17,0.1599999964237213,1,0,2,11.0,9.73958273494945
689,12976,0,1622,FIXED_OPPONENT,train,SCRIPTED:OP3,1,3,2,1,19,0.23999999463558197,1,0,0,12.0,9.808330335115132
690,13000,0,1625,FIXED_OPPONENT,train,SCRIPTED:OP3,1,3,2,1,18,0.3199999928474426,1,0,2,12.0,9.39955308702257
691,13008,0,1626,FIXED_OPPONENT,train,SCRIPTED:OP3,1,3,2,1,19,0.2800000011920929,1,0,4,12.0,9.147993388928866
692,13024,0,1628,FIXED_OPPONENT,train,SCRIPTED:OP3,0,1,3,-2,16,0.19999998807907104,1,0,0,12.0,10.042379379272461
693,13024,0,1628,FIXED_OPPONENT,train,SCRIPTED:OP3,0,2,3,-1,18,0.35999998450279236,1,0,3,11.0,8.88751475016276
694,13032,0,1629,FIXED_OPPONENT,train,SCRIPTED:OP3,0,2,3,-1,19,0.4399999976158142,1,0,2,11.0,9.075526187294408
695,13048,0,1631,FIXED_OPPONENT,train,SCRIPTED:OP3,0,2,3,-1,20,0.19999998807907104,1,0,2,13.0,10.546706390380859
696,13064,0,1633,FIXED_OPPONENT,train,SCRIPTED:OP3,0,3,3,0,19,0.3199999928474426,1,0,0,11.0,10.266164679276315
697,13120,0,1640,FIXED_OPPONENT,train,SCRIPTED:OP3,0,2,3,-1,18,0.23999999463558197,1,0,5,11.0,9.564097086588541
698,13152,0,1644,FIXED_OPPONENT,train,SCRIPTED:OP3,0,2,3,-1,18,0.23999999463558197,1,0,1,11.0,9.666895548502604
699,13152,0,1644,FIXED_OPPONENT,train,SCRIPTED:OP3,1,3,2,1,19,0.23999999463558197,1,0,1,12.0,9.930339612458882
700,13176,0,1647,FIXED_OPPONENT,train,SCRIPTED:OP3,0,2,3,-1,18,0.3199999928474426,1,0,0,11.0,11.669016520182291
701,13176,0,1647,FIXED_OPPONENT,train,SCRIPTED:OP3,0,2,3,-1,16,0.07999999821186066,1,0,0,11.0,11.140583038330078
702,13184,0,1648,FIXED_OPPONENT,train,SCRIPTED:OP3,0,2,3,-1,20,0.23999999463558197,1,0,6,13.0,10.725098419189454
703,13192,0,1649,FIXED_OPPONENT,train,SCRIPTED:OP3,0,2,3,-1,16,0.19999998807907104,1,0,0,11.0,13.126287460327148
704,13192,0,1649,FIXED_OPPONENT,train,SCRIPTED:OP3,1,3,2,1,21,0.2800000011920929,1,0,5,15.0,8.898084368024554
705,13264,0,1658,FIXED_OPPONENT,train,SCRIPTED:OP3,0,2,3,-1,18,0.23999999463558197,1,0,3,14.0,9.210688273111979
706,13272,0,1659,FIXED_OPPONENT,train,SCRIPTED:OP3,0,2,3,-1,15,0.2800000011920929,1,0,2,11.0,9.830654907226563
707,13296,0,1662,FIXED_OPPONENT,train,SCRIPTED:OP3,0,2,3,-1,18,0.19999998807907104,1,0,0,11.0,10.472803751627604
708,13312,0,1664,FIXED_OPPONENT,train,SCRIPTED:OP3,0,2,3,-1,17,0.23999999463558197,1,0,0,11.0,10.8336181640625
709,13328,0,1666,FIXED_OPPONENT,train,SCRIPTED:OP3,0,2,3,-1,19,0.23999999463558197,1,0,10,12.0,8.821015207391037
710,13336,0,1667,FIXED_OPPONENT,train,SCRIPTED:OP3,1,3,2,1,18,0.19999998807907104,1,0,1,11.0,10.477813720703125
711,13344,0,1668,FIXED_OPPONENT,train,SCRIPTED:OP3,0,3,3,0,19,0.23999999463558197,1,0,1,12.0,10.954103971782484
712,13352,0,1669,FIXED_OPPONENT,train,SCRIPTED:OP3,1,3,2,1,21,0.2800000011920929,1,0,2,14.0,11.647803170340401
713,13392,0,1674,FIXED_OPPONENT,train,SCRIPTED:OP3,0,1,3,-2,16,0.1599999964237213,1,0,0,12.0,12.011489868164062
714,13416,0,1677,FIXED_OPPONENT,train,SCRIPTED:OP3,0,2,3,-1,18,0.11999999731779099,1,0,1,11.0,11.018980238172743
715,13440,0,1680,FIXED_OPPONENT,train,SCRIPTED:OP3,0,2,3,-1,18,0.2800000011920929,1,0,2,11.0,9.97380150689019
716,13464,0,1683,FIXED_OPPONENT,train,SCRIPTED:OP3,1,3,1,2,15,0.1599999964237213,1,0,0,11.0,12.458778889973958
717,13472,0,1684,FIXED_OPPONENT,train,SCRIPTED:OP3,0,2,3,-1,18,0.23999999463558197,0,1,6,11.0,10.603572421603733
718,13472,0,1684,FIXED_OPPONENT,train,SCRIPTED:OP3,0,2,3,-1,20,0.07999999821186066,1,0,2,13.0,12.083616638183594
719,13480,0,1685,FIXED_OPPONENT,train,SCRIPTED:OP3,0,2,3,-1,16,0.1599999964237213,1,0,0,12.0,11.050590515136719
720,13488,0,1686,FIXED_OPPONENT,train,SCRIPTED:OP3,1,3,2,1,19,0.19999998807907104,1,0,2,11.0,9.59259675678454
721,13552,0,1694,FIXED_OPPONENT,train,SCRIPTED:OP3,1,3,2,1,17,0.11999999731779099,1,0,0,11.0,10.77484759162454
722,13560,0,1695,FIXED_OPPONENT,train,SCRIPTED:OP3,1,3,2,1,21,0.19999998807907104,1,0,2,14.0,9.613228207542782
723,13600,0,1700,FIXED_OPPONENT,train,SCRIPTED:OP3,1,3,2,1,20,0.2800000011920929,1,0,2,12.0,9.881470489501954
724,13608,0,1701,FIXED_OPPONENT,train,SCRIPTED:OP3,1,3,2,1,18,0.23999999463558197,1,0,2,12.0,9.632422553168404
725,13608,0,1701,FIXED_OPPONENT,train,SCRIPTED:OP3,1,3,2,1,17,0.23999999463558197,1,0,0,11.0,12.198698156020221
726,13632,0,1704,FIXED_OPPONENT,train,SCRIPTED:OP3,1,3,2,1,18,0.23999999463558197,1,0,0,11.0,11.614620632595486
727,13648,0,1706,FIXED_OPPONENT,train,SCRIPTED:OP3,0,2,3,-1,22,0.35999998450279236,1,0,4,12.0,8.939097317782315
728,13648,0,1706,FIXED_OPPONENT,train,SCRIPTED:OP3,1,3,2,1,21,0.3999999761581421,1,0,5,14.0,9.600811186290922
729,13696,0,1712,FIXED_OPPONENT,train,SCRIPTED:OP3,0,2,3,-1,18,0.1599999964237213,1,0,5,11.0,10.385796440972221
730,13712,0,1714,FIXED_OPPONENT,train,SCRIPTED:OP3,1,3,2,1,19,0.19999998807907104,1,0,8,12.0,10.065613596062912
731,13744,0,1718,FIXED_OPPONENT,train,SCRIPTED:OP3,1,3,2,1,17,0.3199999928474426,1,0,4,11.0,10.124490176930147
732,13760,0,1720,FIXED_OPPONENT,train,SCRIPTED:OP3,0,2,3,-1,19,0.19999998807907104,1,0,6,12.0,10.455731040553042
733,13768,0,1721,FIXED_OPPONENT,train,SCRIPTED:OP3,0,2,3,-1,21,0.19999998807907104,1,0,1,14.0,12.285188220796131
734,13776,0,1722,FIXED_OPPONENT,train,SCRIPTED:OP3,0,2,3,-1,18,0.23999999463558197,1,0,2,11.0,9.438304477267796
735,13792,0,1724,FIXED_OPPONENT,train,SCRIPTED:OP3,0,3,3,0,18,0.3199999928474426,1,0,3,11.0,10.088745964898003
736,13808,0,1726,FIXED_OPPONENT,train,SCRIPTED:OP3,0,2,3,-1,20,0.19999998807907104,1,0,6,13.0,10.157614135742188
737,13848,0,1731,FIXED_OPPONENT,train,SCRIPTED:OP3,0,2,3,-1,19,0.19999998807907104,1,0,2,12.0,10.896791156969572
738,13872,0,1734,FIXED_OPPONENT,train,SCRIPTED:OP3,0,3,3,0,20,0.19999998807907104,1,0,2,13.0,9.891066741943359
739,13896,0,1737,FIXED_OPPONENT,train,SCRIPTED:OP3,0,3,3,0,19,0.23999999463558197,1,0,1,12.0,9.33927355314556
740,13904,0,1738,FIXED_OPPONENT,train,SCRIPTED:OP3,1,3,2,1,18,0.3999999761581421,1,0,5,11.0,9.384219699435764
741,13920,0,1740,FIXED_OPPONENT,train,SCRIPTED:OP3,1,3,2,1,19,0.19999998807907104,1,0,0,11.0,13.231650904605264
742,13928,0,1741,FIXED_OPPONENT,train,SCRIPTED:OP3,0,2,3,-1,19,0.3199999928474426,1,0,6,12.0,9.169166966488486
743,13952,0,1744,FIXED_OPPONENT,train,SCRIPTED:OP3,1,3,2,1,20,0.2800000011920929,1,0,2,11.0,9.84900131225586
744,13968,0,1746,FIXED_OPPONENT,train,SCRIPTED:OP3,1,3,2,1,20,0.3199999928474426,1,0,9,13.0,9.099593353271484
745,14000,0,1750,FIXED_OPPONENT,train,SCRIPTED:OP3,1,3,2,1,16,0.19999998807907104,1,0,0,12.0,11.136785507202148
746,14024,0,1753,FIXED_OPPONENT,train,SCRIPTED:OP3,0,3,3,0,22,0.2800000011920929,1,0,8,12.0,9.639663696289062
747,14032,0,1754,FIXED_OPPONENT,train,SCRIPTED:OP3,1,3,2,1,17,0.19999998807907104,1,0,2,12.0,10.432313806870404
748,14056,0,1757,FIXED_OPPONENT,train,SCRIPTED:OP3,1,3,2,1,16,0.3199999928474426,1,0,1,11.0,9.807870864868164
749,14064,0,1758,FIXED_OPPONENT,train,SCRIPTED:OP3,0,2,3,-1,20,0.19999998807907104,1,0,1,13.0,10.080697631835937
750,14064,0,1758,FIXED_OPPONENT,train,SCRIPTED:OP3,0,2,3,-1,18,0.1599999964237213,1,0,5,11.0,10.253711276584202
751,14096,0,1762,FIXED_OPPONENT,train,SCRIPTED:OP3,0,2,3,-1,18,0.19999998807907104,1,0,0,11.0,10.274357265896267
752,14112,0,1764,FIXED_OPPONENT,train,SCRIPTED:OP3,0,3,3,0,18,0.1599999964237213,1,0,4,11.0,8.441897922092014
753,14152,0,1769,FIXED_OPPONENT,train,SCRIPTED:OP3,0,3,3,0,19,0.3199999928474426,1,0,6,12.0,11.154211747018914
754,14184,0,1773,FIXED_OPPONENT,train,SCRIPTED:OP3,0,2,3,-1,20,0.1599999964237213,1,0,1,13.0,11.209788513183593
755,14184,0,1773,FIXED_OPPONENT,train,SCRIPTED:OP3,0,2,3,-1,19,0.11999999731779099,1,0,3,12.0,11.347076416015625
756,14208,0,1776,FIXED_OPPONENT,train,SCRIPTED:OP3,1,3,2,1,18,0.3999999761581421,1,0,1,13.0,10.157810635036892
757,14208,0,1776,FIXED_OPPONENT,train,SCRIPTED:OP3,0,2,3,-1,18,0.19999998807907104,1,0,2,11.0,10.933423360188803
758,14216,0,1777,FIXED_OPPONENT,train,SCRIPTED:OP3,0,2,3,-1,20,0.2800000011920929,1,0,1,13.0,10.595760345458984
759,14240,0,1780,FIXED_OPPONENT,train,SCRIPTED:OP3,1,3,1,2,16,0.19999998807907104,1,0,0,12.0,10.937455177307129
760,14240,0,1780,FIXED_OPPONENT,train,SCRIPTED:OP3,1,3,2,1,18,0.1599999964237213,1,0,4,11.0,10.760353936089409
761,14312,0,1789,FIXED_OPPONENT,train,SCRIPTED:OP3,0,2,3,-1,20,0.19999998807907104,1,0,4,12.0,9.754990386962891
762,14320,0,1790,FIXED_OPPONENT,train,SCRIPTED:OP3,1,3,2,1,17,0.19999998807907104,1,0,0,11.0,11.014994004193474
763,14344,0,1793,FIXED_OPPONENT,train,SCRIPTED:OP3,1,3,2,1,17,0.19999998807907104,1,0,0,13.0,9.902963077320772
764,14344,0,1793,FIXED_OPPONENT,train,SCRIPTED:OP3,0,2,3,-1,20,0.1599999964237213,1,0,0,13.0,11.486026000976562
765,14352,0,1794,FIXED_OPPONENT,train,SCRIPTED:OP3,1,3,2,1,18,0.35999998450279236,1,0,0,11.0,10.038361443413628
766,14368,0,1796,FIXED_OPPONENT,train,SCRIPTED:OP3,1,3,2,1,19,0.19999998807907104,1,0,1,12.0,11.217236167506167
767,14376,0,1797,FIXED_OPPONENT,train,SCRIPTED:OP3,1,3,2,1,17,0.2800000011920929,1,0,0,11.0,10.994032915900736
768,14408,0,1801,FIXED_OPPONENT,train,SCRIPTED:OP3,1,3,2,1,21,0.19999998807907104,1,0,2,14.0,10.5871095203218
769,14456,0,1807,FIXED_OPPONENT,train,SCRIPTED:OP3,1,3,2,1,18,0.2800000011920929,1,0,0,11.0,12.200996398925781
770,14464,0,1808,FIXED_OPPONENT,train,SCRIPTED:OP3,1,3,2,1,18,0.23999999463558197,1,0,5,12.0,8.941563076443142
771,14480,0,1810,FIXED_OPPONENT,train,SCRIPTED:OP3,0,2,3,-1,17,0.19999998807907104,1,0,1,11.0,9.682583977194394
772,14488,0,1811,FIXED_OPPONENT,train,SCRIPTED:OP3,0,2,3,-1,18,0.23999999463558197,1,0,0,12.0,9.73439195421007
773,14488,0,1811,FIXED_OPPONENT,train,SCRIPTED:OP3,1,3,2,1,17,0.3199999928474426,1,0,2,11.0,9.7068068560432
774,14496,0,1812,FIXED_OPPONENT,train,SCRIPTED:OP3,1,3,2,1,15,0.19999998807907104,1,0,0,11.0,11.926706949869791
775,14504,0,1813,FIXED_OPPONENT,train,SCRIPTED:OP3,1,3,2,1,17,0.19999998807907104,1,0,0,11.0,11.693357579848346
776,14576,0,1822,FIXED_OPPONENT,train,SCRIPTED:OP3,0,2,3,-1,21,0.23999999463558197,1,0,3,14.0,10.181976318359375
777,14592,0,1824,FIXED_OPPONENT,train,SCRIPTED:OP3,0,1,3,-2,16,0.19999998807907104,1,0,1,12.0,10.061700820922852
778,14600,0,1825,FIXED_OPPONENT,train,SCRIPTED:OP3,1,3,1,2,18,0.23999999463558197,1,0,0,11.0,10.892141554090712
779,14608,0,1826,FIXED_OPPONENT,train,SCRIPTED:OP3,0,1,3,-2,15,0.11999999731779099,1,0,0,11.0,11.725691731770834
780,14640,0,1830,FIXED_OPPONENT,train,SCRIPTED:OP3,0,2,3,-1,20,0.23999999463558197,1,0,4,13.0,9.366505432128907
781,14648,0,1831,FIXED_OPPONENT,train,SCRIPTED:OP3,0,2,3,-1,20,0.1599999964237213,1,0,0,12.0,12.464311218261718
782,14656,0,1832,FIXED_OPPONENT,train,SCRIPTED:OP3,0,2,3,-1,20,0.2800000011920929,1,0,1,13.0,10.682843017578126
783,14656,0,1832,FIXED_OPPONENT,train,SCRIPTED:OP3,0,2,3,-1,19,0.19999998807907104,1,0,3,11.0,11.357047633120889
784,14720,0,1840,FIXED_OPPONENT,train,SCRIPTED:OP3,1,3,2,1,18,0.1599999964237213,1,0,6,12.0,9.654698689778646
785,14736,0,1842,FIXED_OPPONENT,train,SCRIPTED:OP3,1,3,2,1,18,0.1599999964237213,1,0,3,11.0,10.547094557020399
786,14736,0,1842,FIXED_OPPONENT,train,SCRIPTED:OP3,1,3,2,1,17,0.23999999463558197,1,0,1,11.0,11.908504710477942
787,14752,0,1844,FIXED_OPPONENT,train,SCRIPTED:OP3,1,3,2,1,18,0.1599999964237213,1,0,2,12.0,9.786608378092447
788,14784,0,1848,FIXED_OPPONENT,train,SCRIPTED:OP3,1,3,1,2,17,0.19999998807907104,1,0,1,12.0,11.934823428883272
789,14792,0,1849,FIXED_OPPONENT,train,SCRIPTED:OP3,1,3,1,2,17,0.23999999463558197,1,0,0,11.0,10.186413035673255
790,14792,0,1849,FIXED_OPPONENT,train,SCRIPTED:OP3,0,2,3,-1,19,0.1599999964237213,1,0,0,12.0,10.891456202456826
791,14800,0,1850,FIXED_OPPONENT,train,SCRIPTED:OP3,0,3,3,0,18,0.19999998807907104,1,0,3,11.0,10.993903266059029
792,14864,0,1858,FIXED_OPPONENT,train,SCRIPTED:OP3,1,3,2,1,18,0.2800000011920929,1,0,0,11.0,11.041768391927084
793,14880,0,1860,FIXED_OPPONENT,train,SCRIPTED:OP3,1,3,2,1,18,0.19999998807907104,1,0,1,12.0,11.46140628390842
794,14888,0,1861,FIXED_OPPONENT,train,SCRIPTED:OP3,0,2,3,-1,19,0.19999998807907104,1,0,3,13.0,9.858966225071958
795,14896,0,1862,FIXED_OPPONENT,train,SCRIPTED:OP3,0,2,3,-1,18,0.23999999463558197,1,0,0,12.0,11.102234734429253
796,14920,0,1865,FIXED_OPPONENT,train,SCRIPTED:OP3,1,3,2,1,17,0.19999998807907104,1,0,0,11.0,10.434019200942096
797,14936,0,1867,FIXED_OPPONENT,train,SCRIPTED:OP3,1,3,1,2,18,0.23999999463558197,1,0,1,11.0,10.588938395182291
798,14944,0,1868,FIXED_OPPONENT,train,SCRIPTED:OP3,1,3,2,1,19,0.2800000011920929,1,0,4,12.0,9.116587588661595
799,14944,0,1868,FIXED_OPPONENT,train,SCRIPTED:OP3,0,2,3,-1,18,0.2800000011920929,1,0,2,11.0,9.912630716959635
800,15016,0,1877,FIXED_OPPONENT,train,SCRIPTED:OP3,1,3,2,1,19,0.23999999463558197,1,0,1,12.0,9.93644152189556
801,15032,0,1879,FIXED_OPPONENT,train,SCRIPTED:OP3,1,3,2,1,17,0.1599999964237213,1,0,1,11.0,11.37288261862362
802,15040,0,1880,FIXED_OPPONENT,train,SCRIPTED:OP3,0,2,3,-1,19,0.3199999928474426,1,0,2,12.0,10.5267333984375
803,15048,0,1881,FIXED_OPPONENT,train,SCRIPTED:OP3,0,1,3,-2,16,0.19999998807907104,1,0,3,12.0,11.12098503112793
804,15048,0,1881,FIXED_OPPONENT,train,SCRIPTED:OP3,1,3,2,1,21,0.23999999463558197,1,0,3,14.0,9.932214646112351
805,15080,0,1885,FIXED_OPPONENT,train,SCRIPTED:OP3,0,3,3,0,17,0.3199999928474426,1,0,0,11.0,9.53623244341682
806,15096,0,1887,FIXED_OPPONENT,train,SCRIPTED:OP3,1,3,2,1,20,0.35999998450279236,1,0,1,11.0,10.200122833251953
807,15112,0,1889,FIXED_OPPONENT,train,SCRIPTED:OP3,0,2,3,-1,21,0.23999999463558197,1,0,1,14.0,10.4788331531343
808,15168,0,1896,FIXED_OPPONENT,train,SCRIPTED:OP3,1,3,1,2,15,0.23999999463558197,1,0,1,11.0,11.719022623697917
809,15168,0,1896,FIXED_OPPONENT,train,SCRIPTED:OP3,1,3,2,1,17,0.19999998807907104,1,0,0,11.0,10.552699369542738
810,15168,0,1896,FIXED_OPPONENT,train,SCRIPTED:OP3,1,3,2,1,19,0.1599999964237213,1,0,2,12.0,11.203162745425576
811,15192,0,1899,FIXED_OPPONENT,train,SCRIPTED:OP3,1,3,1,2,18,0.2800000011920929,1,0,2,11.0,9.514251708984375
812,15192,0,1899,FIXED_OPPONENT,train,SCRIPTED:OP3,0,2,3,-1,19,0.19999998807907104,1,0,3,12.0,11.092627274362664
813,15232,0,1904,FIXED_OPPONENT,train,SCRIPTED:OP3,0,2,3,-1,19,0.3199999928474426,1,0,8,12.0,9.29109754060444
814,15240,0,1905,FIXED_OPPONENT,train,SCRIPTED:OP3,1,3,2,1,18,0.2800000011920929,1,0,0,11.0,11.866235521104601
815,15288,0,1911,FIXED_OPPONENT,train,SCRIPTED:OP3,0,3,3,0,22,0.19999998807907104,1,0,3,14.0,11.069046714089133
816,15288,0,1911,FIXED_OPPONENT,train,SCRIPTED:OP3,1,3,2,1,15,0.2800000011920929,1,0,1,11.0,11.004219563802083
817,15304,0,1913,FIXED_OPPONENT,train,SCRIPTED:OP3,1,3,2,1,17,0.19999998807907104,1,0,2,11.0,9.796156939338236
818,15320,0,1915,FIXED_OPPONENT,train,SCRIPTED:OP3,1,3,2,1,16,0.19999998807907104,1,0,5,11.0,9.583381652832031
819,15320,0,1915,FIXED_OPPONENT,train,SCRIPTED:OP3,0,3,3,0,19,0.3199999928474426,1,0,4,12.0,10.082484195106908
820,15344,0,1918,FIXED_OPPONENT,train,SCRIPTED:OP3,1,3,2,1,19,0.2800000011920929,1,0,4,12.0,9.769529643811678
821,15384,0,1923,FIXED_OPPONENT,train,SCRIPTED:OP3,0,2,3,-1,19,0.07999999821186066,1,0,5,11.0,9.021143863075658
822,15384,0,1923,FIXED_OPPONENT,train,SCRIPTED:OP3,1,3,2,1,18,0.1599999964237213,1,0,0,11.0,11.733296712239584
823,15440,0,1930,FIXED_OPPONENT,train,SCRIPTED:OP3,0,2,3,-1,19,0.11999999731779099,1,0,0,12.0,10.98419189453125
824,15440,0,1930,FIXED_OPPONENT,train,SCRIPTED:OP3,1,3,2,1,19,0.35999998450279236,1,0,0,12.0,11.171551353053042
825,15448,0,1931,FIXED_OPPONENT,train,SCRIPTED:OP3,0,3,3,0,18,0.1599999964237213,1,0,4,11.0,9.006675720214844
826,15464,0,1933,FIXED_OPPONENT,train,SCRIPTED:OP3,0,2,3,-1,18,0.1599999964237213,0,1,4,11.0,10.21297878689236
827,15472,0,1934,FIXED_OPPONENT,train,SCRIPTED:OP3,1,3,1,2,19,0.3199999928474426,1,0,1,12.0,10.513491981907896
828,15480,0,1935,FIXED_OPPONENT,train,SCRIPTED:OP3,0,2,3,-1,17,0.23999999463558197,1,0,6,12.0,10.322756598977481
829,15528,0,1941,FIXED_OPPONENT,train,SCRIPTED:OP3,0,2,3,-1,18,0.19999998807907104,1,0,2,11.0,10.442326015896267
830,15544,0,1943,FIXED_OPPONENT,train,SCRIPTED:OP3,1,3,2,1,20,0.1599999964237213,0,1,2,13.0,10.159378814697266
831,15584,0,1948,FIXED_OPPONENT,train,SCRIPTED:OP3,0,2,3,-1,18,0.19999998807907104,1,0,6,14.0,9.292967054578993
832,15600,0,1950,FIXED_OPPONENT,train,SCRIPTED:OP3,1,3,2,1,20,0.23999999463558197,1,0,2,13.0,11.407114410400391
833,15608,0,1951,FIXED_OPPONENT,train,SCRIPTED:OP3,1,3,2,1,20,0.2800000011920929,1,0,0,13.0,10.519298553466797
834,15608,0,1951,FIXED_OPPONENT,train,SCRIPTED:OP3,0,2,3,-1,18,0.11999999731779099,1,0,0,11.0,12.162538316514757
835,15624,0,1953,FIXED_OPPONENT,train,SCRIPTED:OP3,1,3,2,1,19,0.19999998807907104,1,0,3,13.0,10.364635266755757
836,15632,0,1954,FIXED_OPPONENT,train,SCRIPTED:OP3,0,3,3,0,19,0.2800000011920929,1,0,3,12.0,10.67978949295847
837,15672,0,1959,FIXED_OPPONENT,train,SCRIPTED:OP3,0,2,3,-1,18,0.3199999928474426,1,0,5,11.0,10.447283426920572
838,15688,0,1961,FIXED_OPPONENT,train,SCRIPTED:OP3,1,3,2,1,18,0.19999998807907104,1,0,0,11.0,9.536837259928385
839,15728,0,1966,FIXED_OPPONENT,train,SCRIPTED:OP3,0,3,3,0,18,0.19999998807907104,1,0,7,11.0,9.472278171115452
840,15744,0,1968,FIXED_OPPONENT,train,SCRIPTED:OP3,0,2,3,-1,18,0.1599999964237213,1,0,0,11.0,9.777151319715712
841,15752,0,1969,FIXED_OPPONENT,train,SCRIPTED:OP3,0,2,3,-1,18,0.2800000011920929,1,0,2,11.0,10.005517747667101
842,15760,0,1970,FIXED_OPPONENT,train,SCRIPTED:OP3,0,2,3,-1,19,0.23999999463558197,1,0,0,11.0,11.481104800575658
843,15776,0,1972,FIXED_OPPONENT,train,SCRIPTED:OP3,1,3,2,1,18,0.3199999928474426,1,0,0,11.0,10.20014868842231
844,15776,0,1972,FIXED_OPPONENT,train,SCRIPTED:OP3,1,3,2,1,19,0.2800000011920929,1,0,3,11.0,9.74778185392681
845,15824,0,1978,FIXED_OPPONENT,train,SCRIPTED:OP3,0,2,3,-1,19,0.23999999463558197,1,0,3,12.0,10.686398154810854
846,15832,0,1979,FIXED_OPPONENT,train,SCRIPTED:OP3,1,3,2,1,18,0.19999998807907104,1,0,2,12.0,11.013212415907118
847,15864,0,1983,FIXED_OPPONENT,train,SCRIPTED:OP3,1,3,1,2,17,0.3199999928474426,1,0,0,12.0,10.533749748678769
848,15880,0,1985,FIXED_OPPONENT,train,SCRIPTED:OP3,0,1,3,-2,16,0.19999998807907104,1,0,3,12.0,9.79443359375
849,15896,0,1987,FIXED_OPPONENT,train,SCRIPTED:OP3,0,3,3,0,19,0.11999999731779099,0,1,4,12.0,11.046530472604852
850,15904,0,1988,FIXED_OPPONENT,train,SCRIPTED:OP3,0,2,3,-1,18,0.23999999463558197,1,0,1,11.0,10.314446343315971
851,15920,0,1990,FIXED_OPPONENT,train,SCRIPTED:OP3,0,2,3,-1,18,0.3199999928474426,1,0,0,11.0,9.749638875325521
852,15928,0,1991,FIXED_OPPONENT,train,SCRIPTED:OP3,1,3,1,2,19,0.19999998807907104,1,0,2,12.0,10.660588314658717
853,15968,0,1996,FIXED_OPPONENT,train,SCRIPTED:OP3,1,3,2,1,18,0.19999998807907104,1,0,2,11.0,10.162690904405382
854,15976,0,1997,FIXED_OPPONENT,train,SCRIPTED:OP3,0,2,3,-1,18,0.1599999964237213,1,0,3,12.0,9.353708902994791
855,16008,0,2001,FIXED_OPPONENT,train,SCRIPTED:OP3,1,3,2,1,18,0.2800000011920929,1,0,3,11.0,9.96058570014106
856,16024,0,2003,FIXED_OPPONENT,train,SCRIPTED:OP3,1,3,2,1,18,0.2800000011920929,1,0,2,11.0,10.518997192382812
857,16040,0,2005,FIXED_OPPONENT,train,SCRIPTED:OP3,1,3,2,1,18,0.23999999463558197,1,0,1,11.0,11.135994805230034
858,16056,0,2007,FIXED_OPPONENT,train,SCRIPTED:OP3,0,3,3,0,19,0.19999998807907104,1,0,0,12.0,11.308923018606086
859,16064,0,2008,FIXED_OPPONENT,train,SCRIPTED:OP3,0,1,3,-2,18,0.11999999731779099,1,0,2,11.0,10.783936394585503
860,16072,0,2009,FIXED_OPPONENT,train,SCRIPTED:OP3,0,2,3,-1,18,0.23999999463558197,1,0,2,11.0,11.205928378634983
861,16104,0,2013,FIXED_OPPONENT,train,SCRIPTED:OP3,1,3,2,1,16,0.19999998807907104,1,0,0,12.0,12.029662132263184
862,16112,0,2014,FIXED_OPPONENT,train,SCRIPTED:OP3,0,2,3,-1,18,0.19999998807907104,1,0,1,11.0,11.501525031195747
863,16152,0,2019,FIXED_OPPONENT,train,SCRIPTED:OP3,1,3,2,1,18,0.19999998807907104,1,0,2,11.0,10.096039666069878
864,16168,0,2021,FIXED_OPPONENT,train,SCRIPTED:OP3,0,2,3,-1,18,0.23999999463558197,1,0,1,11.0,10.375476413302952
865,16192,0,2024,FIXED_OPPONENT,train,SCRIPTED:OP3,1,3,2,1,19,0.2800000011920929,1,0,1,12.0,9.921246980365954
866,16200,0,2025,FIXED_OPPONENT,train,SCRIPTED:OP3,0,3,3,0,18,0.2800000011920929,1,0,2,11.0,10.095938788519966
867,16208,0,2026,FIXED_OPPONENT,train,SCRIPTED:OP3,1,3,2,1,18,0.11999999731779099,1,0,3,12.0,11.839797973632812
868,16216,0,2027,FIXED_OPPONENT,train,SCRIPTED:OP3,1,3,2,1,18,0.23999999463558197,1,0,1,11.0,9.463035583496094
869,16256,0,2032,FIXED_OPPONENT,train,SCRIPTED:OP3,0,2,3,-1,18,0.23999999463558197,1,0,2,11.0,10.48465304904514
870,16256,0,2032,FIXED_OPPONENT,train,SCRIPTED:OP3,0,2,3,-1,19,0.19999998807907104,1,0,5,12.0,9.566733912417764
871,16272,0,2034,FIXED_OPPONENT,train,SCRIPTED:OP3,0,1,3,-2,15,0.2800000011920929,1,0,2,11.0,10.503495279947916
872,16312,0,2039,FIXED_OPPONENT,train,SCRIPTED:OP3,0,2,3,-1,18,0.2800000011920929,1,0,2,11.0,9.615334404839409
873,16336,0,2042,FIXED_OPPONENT,train,SCRIPTED:OP3,1,3,2,1,18,0.2800000011920929,1,0,0,12.0,10.513978746202257
874,16360,0,2045,FIXED_OPPONENT,train,SCRIPTED:OP3,1,3,2,1,19,0.1599999964237213,1,0,3,12.0,9.959213256835938
875,16360,0,2045,FIXED_OPPONENT,train,SCRIPTED:OP3,0,2,3,-1,18,0.23999999463558197,1,0,0,11.0,10.892208523220486
876,16360,0,2045,FIXED_OPPONENT,train,SCRIPTED:OP3,0,3,3,0,20,0.23999999463558197,1,0,4,13.0,11.25777359008789
