checkpoint_step,context,obs_source,obs_source_family,episode_index,episode_seed,policy_a,policy_b,pair_type,jsd_all_bits,jsd_macro_bits,kl_ab_bits,kl_ba_bits,argmax_disagreement,macro_disagreement,n_matched_steps
200000,C_RUSH,piR/s901001,piR,0,1030001,piR/s901001,piR/s901002,within_piR,0.01385990074525085,0.006347963376255907,0.05863385162993367,0.058422221114027485,0.18351063829787234,0.11170212765957446,94
200000,C_RUSH,piR/s901001,piR,0,1030001,piR/s901001,piR/s901003,within_piR,0.014432089287554012,0.006418659103666199,0.06067111605620719,0.06069791622618369,0.17819148936170212,0.10106382978723404,94
200000,C_RUSH,piR/s901001,piR,0,1030001,piR/s901001,piS/s902001,between,0.014910294288519674,0.008089560551273018,0.06262663543792989,0.0627808818776405,0.19148936170212766,0.12234042553191489,94
200000,C_RUSH,piR/s901001,piR,0,1030001,piR/s901001,piS/s902002,between,0.014659955024842122,0.009149446179943925,0.061373468386557974,0.06147482868886987,0.19414893617021275,0.13297872340425532,94
200000,C_RUSH,piR/s901001,piR,0,1030001,piR/s901001,piS/s902003,between,0.014794125104037834,0.009242718534266128,0.061614936618456545,0.06209461846388676,0.20212765957446807,0.13829787234042554,94
200000,C_RUSH,piR/s901001,piR,0,1030001,piR/s901002,piR/s901003,within_piR,0.013816808330233674,0.005541122454466464,0.058407054447606147,0.058339501236091405,0.18882978723404256,0.11702127659574468,94
200000,C_RUSH,piR/s901001,piR,0,1030001,piR/s901002,piS/s902001,between,0.014298483016852933,0.008377315711863396,0.05994636437967088,0.06027074686379506,0.18617021276595744,0.10638297872340426,94
200000,C_RUSH,piR/s901001,piR,0,1030001,piR/s901002,piS/s902002,between,0.01456677507528165,0.009804512629433585,0.06066422113690813,0.06222327156920074,0.19148936170212766,0.1276595744680851,94
200000,C_RUSH,piR/s901001,piR,0,1030001,piR/s901002,piS/s902003,between,0.013889169482507423,0.009456106478231875,0.05768642645740456,0.058479658841891914,0.21010638297872342,0.15425531914893617,94
200000,C_RUSH,piR/s901001,piR,0,1030001,piR/s901003,piS/s902001,between,0.014798768611769568,0.008234671495074659,0.06195637032429617,0.06274834721106584,0.19946808510638298,0.13829787234042554,94
200000,C_RUSH,piR/s901001,piR,0,1030001,piR/s901003,piS/s902002,between,0.014286164893628571,0.008351740293201002,0.06008351247892043,0.05995091152968737,0.19946808510638298,0.13829787234042554,94
200000,C_RUSH,piR/s901001,piR,0,1030001,piR/s901003,piS/s902003,between,0.013634331671766054,0.008082899334457303,0.05665071425566847,0.05716435755122062,0.19946808510638298,0.13297872340425532,94
200000,C_RUSH,piR/s901001,piR,0,1030001,piS/s902001,piS/s902002,within_piS,0.013721776037955076,0.009680973990774349,0.05748063563477817,0.05720031924662114,0.19946808510638298,0.13829787234042554,94
200000,C_RUSH,piR/s901001,piR,0,1030001,piS/s902001,piS/s902003,within_piS,0.011560384273572857,0.005745144322447122,0.04802698581354183,0.04817856266373929,0.17819148936170212,0.10106382978723404,94
200000,C_RUSH,piR/s901001,piR,0,1030001,piS/s902002,piS/s902003,within_piS,0.012140781282325064,0.006522255980611298,0.050221175156637834,0.050770242043567206,0.19946808510638298,0.13829787234042554,94
200000,C_RUSH,piR/s901001,piR,1,1030002,piR/s901001,piR/s901002,within_piR,0.014100905341603503,0.008089270776474103,0.05937263372505625,0.05875039657248811,0.18803418803418803,0.1111111111111111,117
200000,C_RUSH,piR/s901001,piR,1,1030002,piR/s901001,piR/s901003,within_piR,0.016109773999027792,0.010472161614309205,0.06795355448070232,0.0676156403447937,0.18803418803418803,0.1111111111111111,117
200000,C_RUSH,piR/s901001,piR,1,1030002,piR/s901001,piS/s902001,between,0.013938266329243157,0.0075756997812201415,0.05747969095617943,0.05911241298924777,0.19444444444444445,0.1282051282051282,117
200000,C_RUSH,piR/s901001,piR,1,1030002,piR/s901001,piS/s902002,between,0.013904305324484447,0.006612129758697972,0.058108777332747205,0.058824463481798095,0.1794871794871795,0.09401709401709402,117
200000,C_RUSH,piR/s901001,piR,1,1030002,piR/s901001,piS/s902003,between,0.01257018152689538,0.006549669087090423,0.05192983289275736,0.05291480540420031,0.18376068376068377,0.10683760683760683,117
200000,C_RUSH,piR/s901001,piR,1,1030002,piR/s901002,piR/s901003,within_piR,0.015478714677504913,0.009272682587447253,0.06479218225808128,0.06519086136942116,0.19444444444444445,0.1282051282051282,117
200000,C_RUSH,piR/s901001,piR,1,1030002,piR/s901002,piS/s902001,between,0.014137555365870712,0.007885857285584299,0.05843366410799045,0.06029843439592974,0.20726495726495728,0.14957264957264957,117
200000,C_RUSH,piR/s901001,piR,1,1030002,piR/s901002,piS/s902002,between,0.01444906888441879,0.008874780754201388,0.05978537473497784,0.06156452384317266,0.18803418803418803,0.1282051282051282,117
200000,C_RUSH,piR/s901001,piR,1,1030002,piR/s901002,piS/s902003,between,0.01310658173574624,0.006585015813047297,0.05386516810533649,0.0560329314324041,0.1987179487179487,0.13675213675213677,117
200000,C_RUSH,piR/s901001,piR,1,1030002,piR/s901003,piS/s902001,between,0.014457455240324291,0.007307686718900018,0.06074112926548172,0.06108476699227944,0.19230769230769232,0.12393162393162394,117
200000,C_RUSH,piR/s901001,piR,1,1030002,piR/s901003,piS/s902002,between,0.014747651294208347,0.008584694197987531,0.06164422818983641,0.06250458702352557,0.1858974358974359,0.1111111111111111,117
200000,C_RUSH,piR/s901001,piR,1,1030002,piR/s901003,piS/s902003,between,0.014098376800944234,0.007810346849868077,0.059036864005003006,0.05912911450528273,0.20726495726495728,0.14957264957264957,117
200000,C_RUSH,piR/s901001,piR,1,1030002,piS/s902001,piS/s902002,within_piS,0.01229989466096212,0.004918991407384517,0.05153549764569598,0.05145592718640907,0.18376068376068377,0.1111111111111111,117
200000,C_RUSH,piR/s901001,piR,1,1030002,piS/s902001,piS/s902003,within_piS,0.012483809323997511,0.00586790375027992,0.05206391935426405,0.05210292518542185,0.20512820512820512,0.1452991452991453,117
200000,C_RUSH,piR/s901001,piR,1,1030002,piS/s902002,piS/s902003,within_piS,0.012204240430690625,0.0059466455389373995,0.05081251727823069,0.051136050059377026,0.1858974358974359,0.11965811965811966,117
200000,C_RUSH,piR/s901001,piR,2,1030003,piR/s901001,piR/s901002,within_piR,0.014625123534031456,0.00890352494524481,0.06053437102511202,0.061670476091632946,0.20192307692307693,0.1346153846153846,78
200000,C_RUSH,piR/s901001,piR,2,1030003,piR/s901001,piR/s901003,within_piR,0.01474891184689961,0.007288208097119415,0.06229739488073786,0.06154454077060198,0.1987179487179487,0.11538461538461539,78
200000,C_RUSH,piR/s901001,piR,2,1030003,piR/s901001,piS/s902001,between,0.015438227732974522,0.007080796260021991,0.0644223742131737,0.06588243673909808,0.19230769230769232,0.10256410256410256,78
200000,C_RUSH,piR/s901001,piR,2,1030003,piR/s901001,piS/s902002,between,0.014538119235938066,0.0075543002762251945,0.06113401212003987,0.06082891819992316,0.1987179487179487,0.11538461538461539,78
200000,C_RUSH,piR/s901001,piR,2,1030003,piR/s901001,piS/s902003,between,0.014715749365779733,0.010432122699381936,0.06143316948960543,0.061105872095609706,0.20512820512820512,0.1346153846153846,78
200000,C_RUSH,piR/s901001,piR,2,1030003,piR/s901002,piR/s901003,within_piR,0.016507541469302462,0.010718891285816287,0.06879612727109197,0.06952144946991955,0.22115384615384615,0.16025641025641027,78
200000,C_RUSH,piR/s901001,piR,2,1030003,piR/s901002,piS/s902001,between,0.01550515433199736,0.007804175874480808,0.06465117309150589,0.06589176484035371,0.20192307692307693,0.1346153846153846,78
200000,C_RUSH,piR/s901001,piR,2,1030003,piR/s901002,piS/s902002,between,0.013862643425388569,0.007181195067555164,0.05701494374586913,0.05887101346698648,0.1955128205128205,0.10897435897435898,78
200000,C_RUSH,piR/s901001,piR,2,1030003,piR/s901002,piS/s902003,between,0.014137048185684339,0.008904508062992669,0.05845180417180897,0.05956744157598811,0.21474358974358973,0.14743589743589744,78
200000,C_RUSH,piR/s901001,piR,2,1030003,piR/s901003,piS/s902001,between,0.01688222121055675,0.009632542800862053,0.07120410573611724,0.0711976440465585,0.2115384300000,C_RUSH,piR/s901001,piR,2,1030003,piR/s901003,piS/s902002,between,0.022224886728033334,0.014087524068618724,0.09436768356322327,0.0950035597839386,0.22954545454545455,0.15454545454545454,110
300000,C_RUSH,piR/s901001,piR,2,1030003,piR/s901003,piS/s902003,between,0.021574302878246708,0.011770493888506263,0.09120751414999108,0.09243302585081598,0.22727272727272727,0.15454545454545454,110
300000,C_RUSH,piR/s901001,piR,2,1030003,piS/s902001,piS/s902002,within_piS,0.020304049449544666,0.011742044438699773,0.08591559686682307,0.08643883119176862,0.20454545454545456,0.12727272727272726,110
300000,C_RUSH,piR/s901001,piR,2,1030003,piS/s902001,piS/s902003,within_piS,0.020474689157754838,0.009727322674317408,0.08741148744993796,0.087120484704057,0.20909090909090908,0.11363636363636363,110
300000,C_RUSH,piR/s901001,piR,2,1030003,piS/s902002,piS/s902003,within_piS,0.021031155571691582,0.012970384074651611,0.08938448945705668,0.08954567277616168,0.22954545454545455,0.1590909090909091,110
300000,C_RUSH,piR/s901001,piR,3,1030004,piR/s901001,piR/s901002,within_piR,0.01628687390665552,0.0069352125201688295,0.06920397521288862,0.06978900439690362,0.1775,0.105,100
300000,C_RUSH,piR/s901001,piR,3,1030004,piR/s901001,piR/s901003,within_piR,0.019540700803066708,0.010777136057658631,0.08370751330855604,0.08385492256936958,0.1725,0.095,100
300000,C_RUSH,piR/s901001,piR,3,1030004,piR/s901001,piS/s902001,between,0.017701901068777153,0.007999830966731824,0.07475809791110455,0.07670913600441522,0.17,0.095,100
300000,C_RUSH,piR/s901001,piR,3,1030004,piR/s901001,piS/s902002,between,0.018415260181137674,0.011861114582936629,0.07748336334946097,0.07974408168645862,0.185,0.115,100
300000,C_RUSH,piR/s901001,piR,3,1030004,piR/s901001,piS/s902003,between,0.018636519443254916,0.012037096598391632,0.0792824535723982,0.07903675440098042,0.1875,0.12,100
300000,C_RUSH,piR/s901001,piR,3,1030004,piR/s901002,piR/s901003,within_piR,0.018625851141084542,0.009055791796258365,0.08063880278408198,0.07929507607950408,0.175,0.1,100
300000,C_RUSH,piR/s901001,piR,3,1030004,piR/s901002,piS/s902001,between,0.016892235916705457,0.00709916077675607,0.07171923578857445,0.0722221267318142,0.185,0.12,100
300000,C_RUSH,piR/s901001,piR,3,1030004,piR/s901002,piS/s902002,between,0.01769898520580226,0.011212923892634119,0.0755964280867618,0.07470784661777781,0.1975,0.15,100
300000,C_RUSH,piR/s901001,piR,3,1030004,piR/s901002,piS/s902003,between,0.01800160285958914,0.009511931642981083,0.0767735742786637,0.07779492198038623,0.1825,0.115,100
300000,C_RUSH,piR/s901001,piR,3,1030004,piR/s901003,piS/s902001,between,0.021354162465141838,0.013237246714789203,0.0900682174634645,0.0939829179325473,0.1875,0.13,100
300000,C_RUSH,piR/s901001,piR,3,1030004,piR/s901003,piS/s902002,between,0.02233011649259769,0.016763215541838423,0.09603633870482793,0.09642769521999878,0.1925,0.13,100
300000,C_RUSH,piR/s901001,piR,3,1030004,piR/s901003,piS/s902003,between,0.020163823037655355,0.012377063318600359,0.08584540744198157,0.08716997401436632,0.1875,0.125,100
300000,C_RUSH,piR/s901001,piR,3,1030004,piS/s902001,piS/s902002,within_piS,0.016892666918202792,0.009126650241016858,0.07333787581414816,0.07073021811378963,0.1775,0.1,100
300000,C_RUSH,piR/s901001,piR,3,1030004,piS/s902001,piS/s902003,within_piS,0.01925920294027603,0.009557823283912468,0.08290163442508287,0.08217445025450953,0.175,0.105,100
300000,C_RUSH,piR/s901001,piR,3,1030004,piS/s902002,piS/s902003,within_piS,0.019514547748590357,0.013071571915825404,0.08151710092582988,0.08486762666517281,0.185,0.115,100
300000,C_RUSH,piR/s901001,piR,4,1030005,piR/s901001,piR/s901002,within_piR,0.01853294022595991,0.008205228952318275,0.07993352045914139,0.07950870756668436,0.17708333333333334,0.09375,96
300000,C_RUSH,piR/s901001,piR,4,1030005,piR/s901001,piR/s901003,within_piR,0.021967421075182635,0.010810632910814294,0.09514014116980724,0.09389879850681326,0.19010416666666666,0.109375,96
300000,C_RUSH,piR/s901001,piR,4,1030005,piR/s901001,piS/s902001,between,0.020922046401294043,0.010776494453902039,0.09008298310948015,0.09006904476710842,0.18489583333333334,0.11458333333333333,96
300000,C_RUSH,piR/s901001,piR,4,1030005,piR/s901001,piS/s902002,between,0.01913011655468028,0.010100933829977564,0.08053413377054368,0.08302723928416163,0.18229166666666666,0.09895833333333333,96
300000,C_RUSH,piR/s901001,piR,4,1030005,piR/s901001,piS/s902003,between,0.020364621377366464,0.01063125692297681,0.08722790878454674,0.08723208449335827,0.19010416666666666,0.109375,96
300000,C_RUSH,piR/s901001,piR,4,1030005,piR/s901002,piR/s901003,within_piR,0.022423913104048065,0.01451096487188195,0.09609050726860313,0.0964187682593135,0.19010416666666666,0.10416666666666667,96
300000,C_RUSH,piR/s901001,piR,4,1030005,piR/s901002,piS/s902001,between,0.021344243815024398,0.01408216558051107,0.09041613394577334,0.0930364191618755,0.19010416666666666,0.11458333333333333,96
300000,C_RUSH,piR/s901001,piR,4,1030005,piR/s901002,piS/s902002,between,0.018793685751674023,0.011150636319063151,0.07838327698008578,0.08117452637066995,0.20572916666666666,0.140625,96
300000,C_RUSH,piR/s901001,piR,4,1030005,piR/s901002,piS/s902003,between,0.019775642901239766,0.010660836391166205,0.08385795978183791,0.08495430888665052,0.19270833333333334,0.109375,96
300000,C_RUSH,piR/s901001,piR,4,1030005,piR/s901003,piS/s902001,between,0.023596033386887028,0.015501412510329377,0.10041442692490149,0.10174219775247913,0.20052083333333334,0.13541666666666666,96
300000,C_RUSH,piR/s901001,piR,4,1030005,piR/s901003,piS/s902002,between,0.020823727189913686,0.012889851895080663,0.08786323127825213,0.0902205554043251,0.203125,0.13541666666666666,96
300000,C_RUSH,piR/s901001,piR,4,1030005,piR/s901003,piS/s902003,between,0.021223553202450545,0.012390317611962368,0.08976829690977238,0.09143467679263555,0.1953125,0.11458333333333333,96
300000,C_RUSH,piR/s901001,piR,4,1030005,piS/s902001,piS/s902002,within_piS,0.018804290918100725,0.010340057487604928,0.07910514345689161,0.0814353493213472,0.1953125,0.11979166666666667,96
300000,C_RUSH,piR/s901001,piR,4,1030005,piS/s902001,piS/s902003,within_piS,0.020072553454669285,0.010708763500230832,0.08482703698015477,0.08688172893764327,0.1953125,0.11979166666666667,96
300000,C_RUSH,piR/s901001,piR,4,1030005,piS/s902002,piS/s902003,within_piS,0.01718386239958674,0.008686131648521911,0.07271140021713682,0.07301159188150572,0.19270833333333334,0.125,96
300000,C_RUSH,piR/s901001,piR,5,1030006,piR/s901001,piR/s901002,within_piR,0.018758531494660436,0.01026815056633222,0.07865954171032959,0.08135353471343364,0.20402298850574713,0.13793103448275862,87
300000,C_RUSH,piR/s901001,piR,5,1030006,piR/s901001,piR/s901003,within_piR,0.018796879181112697,0.007915646346537778,0.08145111775070989,0.07961480948268719,0.1810344827586207,0.09770114942528736,87
300000,C_RUSH,piR/s901001,piR,5,1030006,piR/s901001,piS/s902001,between,0.01897806716219544,0.009116590224178725,0.08132381473763456,0.08069512891998971,0.1781609195402299,0.09770114942528736,87
300000,C_RUSH,piR/s901001,piR,5,1030006,piR/s901001,piS/s902002,between,0.01941644761037235,0.010498041993187017,0.08171124422873911,0.08417867569426013,0.1867816091954023,0.09770114942528736,87
300000,C_RUSH,piR/s901001,piR,5,1030006,piR/s901001,piS/s902003,between,0.02042684860247466,0.011284039339222337,0.08667570190289407,0.08773569990893472,0.19540229885057472,0.1206896551724138,87
300000,C_RUSH,piR/s901001,piR,5,1030006,piR/s901002,piR/s901003,within_piR,0.019541551490713748,0.01048620200030868,0.08531736806650558,0.08147775231667183,0.19827586206896552,0.1206896551724138,87
300000,C_RUSH,piR/s901001,piR,5,1030006,piR/s901002,piS/s902001,between,0.017211555920713117,0.007197158083034045,0.07239159227422802,0.07356438212059589,0.1839080459770115,0.10919540229885058,87
300000,C_RUSH,piR/s901001,piR,5,1030006,piR/s901002,piS/s902002,between,0.018307017252058785,0.00851926263252511,0.0778501405489822,0.07889187266566265,0.20402298850574713,0.13218390804597702,87
300000,C_RUSH,piR/s901001,piR,5,1030006,piR/s901002,piS/s902003,between,0.018763322425662705,0.008214958490877547,0.08081714791968699,0.08049564307572141,0.20402298850574713,0.13793103448275862,87
300000,C_RUSH,piR/s901001,piR,5,1030006,piR/s901003,piS/s902001,between,0.018588066179788705,0.00876617074394867,0.0787125909798241,0.0800019372493348,0.1781609195402299,0.08045977011494253,87
300000,C_RUSH,piR/s901001,piR,5,1030006,piR/s901003,piS/s902002,between,0.017936045248532127,0.00810926086347059,0.07531332587424798,0.07742885359605796,0.1867816091954023,0.10344827586206896,87
300000,C_RUSH,piR/s901001,piR,5,1030006,piR/s901003,piS/s902003,between,0.02139570239530447,0.012458950000176246,0.09071051080251137,0.09284728668542364,0.1896551724137931,0.11494252873563218,87
300000,C_RUSH,piR/s901001,piR,5,1030006,piS/s902001,piS/s902002,within_piS,0.01926008562479354,0.010117256196827334,0.08223288228818008,0.08180261200185279,0.20689655172413793,0.13793103448275862,87
300000,C_RUSH,piR/s901001,piR,5,1030006,piS/s902001,piS/s902003,within_piS,0.018477098316602065,0.008231958013474257,0.0798771141581127,0.07894526040631127,0.1867816091954023,0.10344827586206896,87
300000,C_RUSH,piR/s901001,piR,5,1030006,piS/s902002,piS/s902003,within_piS,0.019040283571937194,0.009708977211295022,0.08158002944770261,0.08128870665935957,0.20977011494252873,0.14367816091954022,87
300000,C_RUSH,piR/s901001,piR,6,1030007,piR/s901001,piR/s901002,within_piR,0.022932638321456738,0.015575622702246227,0.09836852905855113,0.09840841548641249,0.20869565217391303,0.13043478260869565,115
300000,C_RUSH,piR/s901001,piR,6,1030007,piR/s901001,piR/s901003,within_piR,0.0233349409014404,0.012775302485113653,0.10250896438369711,0.09841309829680196,0.1956521739130435,0.10434782608695652,115
300000,C_RUSH,piR/s901001,piR,6,1030007,piR/s901001,piS/s902001,between,0.024906899889644753,0.017273609424159737,0.10589023887592197,0.10837329344943536,0.21956521739130436,0.1608695652173913,115
300000,C_RUSH,piR/s901001,piR,6,1030007,piR/s901001,piS/s902002,between,0.02097040567768477,0.010999553309233792,0.08916256128009274,0.09034191186645883,0.20434782608695654,0.12608695652173912,115
300000,C_RUSH,piR/s901001,piR,6,1030007,piR/s901001,piS/s902003,between,0.02156154584123854,0.011803374409920209,0.09253731422700026,0.09255599200657698,0.19782608695652174,0.11304347826086956,115
300000,C_RUSH,piR/s901001,piR,6,1030007,piR/s901002,piR/s901003,within_piR,0.022941172852980137,0.014131465731172781,0.09898805393334793,0.09727443500179543,0.20434782608695654,0.13043478260869565,115
300000,C_RUSH,piR/s901001,piR,6,1030007,piR/s901002,piS/s902001,between,0.02273823065288527,0.015178604703978265,0.09667100439725278,0.0975971490379217,0.21304347826086956,0.14347826086956522,115
300000,C_RUSH,piR/s901001,piR,6,1030007,piR/s901002,piS/s902002,between,0.020360931320686535,0.012411693786070705,0.08613678302393887,0.08736857968426964,0.20869565217391303,0.14347826086956522,115
300000,C_RUSH,piR/s901001,piR,6,1030007,piR/s901002,piS/s902003,between,0.01996944473414302,0.01045939955212888,0.08523637442737388,0.08545694827594671,0.20434782608695654,0.12173913043478261,115
300000,C_RUSH,piR/s901001,piR,6,1030007,piR/s901003,piS/s902001,between,0.02383232678740565,0.015942369127342114,0.09950525700389613,0.10482552297351995,0.20869565217391303,0.14782608695652175,115
300000,C_RUSH,piR/s901001,piR,6,1030007,piR/s901003,piS/s902002,between,0.021809118927624396,0.013624212580961081,0.09042236104815933,0.09587437128188961,0.21956521739130436,0.1565217391304348,115
300000,C_RUSH,piR/s901001,piR,6,1030007,piR/s901003,piS/s902003,between,0.022330903249832713,0.012547204248790288,0.09508028445261696,0.0958907990757949,0.1891304347826087,0.1,115
300000,C_RUSH,piR/s901001,piR,6,1030007,piS/s902001,piS/s902002,within_piS,0.019675618581328314,0.01128880848638626,0.08347121125611036,0.08352680997864607,0.21521739130434783,0.14782608695652175,115
300000,C_RUSH,piR/s901001,piR,6,1030007,piS/s902001,piS/s902003,within_piS,0.021188788301561002,0.01181350624510056,0.09036988597647076,0.09043532115515236,0.2108695652173913,0.14347826086956522,115
300000,C_RUSH,piR/s901001,piR,6,1030007,piS/s902002,piS/s902003,within_piS,0.018600057316191687,0.008643491588973963,0.08029542580618294,0.07836138979140765,0.2,0.11739130434782609,115
300000,C_RUSH,piR/s901001,piR,7,1030008,piR/s901001,piR/s901002,within_piR,0.022520657645547996,0.012104723646428566,0.0956421948870118,0.09628505851015752,0.24236641221374045,0.14885496183206107,131
300000,C_RUSH,piR/s901001,piR,7,1030008,piR/s901001,piR/s901003,within_piR,0.023984408937008955,0.010999565031698593,0.10222838573533313,0.10243156557931037,0.2480916030534351,0.16030534351145037,131
300000,C_RUSH,piR/s901001,piR,7,1030008,piR/s901001,piS/s902001,between,0.025280674095097818,0.012975871745552682,0.1073243195698354,0.10871371587572091,0.24618320610687022,0.14885496183206107,131
300000,C_RUSH,piR/s901001,piR,7,1030008,piR/s901001,piS/s902002,between,0.023236897844115978,0.012748337962855709,0.0983752892589284,0.09960602661893132,0.2538167938931298,0.1717557251908397,131
300000,C_RUSH,piR/s901001,piR,7,1030008,piR/s901001,piS/s902003,between,0.023478062432997788,0.012066985324013296,0.09990008621631534,0.10080425926429151,0.25,0.16793893129770993,131
300000,C_RUSH,piR/s901001,piR,7,1030008,piR/s901002,piR/s901003,within_piR,0.022269961684866293,0.00923129615214781,0.09465539938230653,0.09520505051930037,0.2366412213740458,0.13358778625954199,131
300000,C_RUSH,piR/s901001,piR,7,1030008,piR/s901002,piS/s902001,between,0.023289454940357446,0.013074487062381682,0.09878157312547622,0.09947131611022363,0.25190839694656486,0.17557251908396945,131
300000,C_RUSH,piR/s901001,piR,7,1030008,piR/s901002,piS/s902002,between,0.019424622382197894,0.009906878338541581,0.08112021249955136,0.08244374800544199,0.2633587786259542,0.1984732824427481,131
300000,C_RUSH,piR/s901001,piR,7,1030008,piR/s901002,piS/s902003,between,0.021657528236879324,0.010812494536302224,0.09235000144066134,0.09187249590805571,0.2480916030534351,0.15648854961832062,131
300000,C_RUSH,piR/s901001,piR,7,1030008,piR/s901003,piS/s902001,between,0.027795522805371103,0.017073426357455315,0.11761566442869492,0.12170771454510955,0.25572519083969464,0.18702290076335878,131
300000,C_RUSH,piR/s901001,piR,7,1030008,piR/s901003,piS/s902002,between,0.02351251173914119,0.013176636855686978,0.0985678064085444,0.10106872313689284,0.25572519083969464,0.17938931297709923,131
300000,C_RUSH,piR/s901001,piR,7,1030008,piR/s901003,piS/s902003,between,0.023898983325770132,0.010343965056194141,0.10221738589420498,0.10231822055077777,0.24236641221374045,0.1450381679389313,131
300000,C_RUSH,piR/s901001,piR,7,1030008,piS/s902001,piS/s902002,within_piS,0.02163954837312038,0.009934025823346092,0.09122258314562315,0.09227113624663821,0.2366412213740458,0.13740458015267176,131
300000,C_RUSH,piR/s901001,piR,7,1030008,piS/s902001,piS/s902003,within_piS,0.025151370412182683,0.013593987502234457,0.10804788285824997,0.10667170549681375,0.24618320610687022,0.15648854961832062,131
300000,C_RUSH,piR/s901001,piR,7,1030008,piS/s902002,piS/s902003,within_piS,0.02208423072052134,0.012749751359383499,0.09404093359917762,0.09239589853816028,0.26145038167938933,0.18702290076335878,131
300000,C_RUSH,piR/s901002,piR,0,1030001,piR/s901001,piR/s901002,within_piR,0.02128485259372032,0.011619186302856268,0.09035955979932457,0.09110465094970815,0.2222222222222222,0.14102564102564102,117
300000,C_RUSH,piR/s901002,piR,0,1030001,piR/s901001,piR/s901003,within_piR,0.02371788491244895,0.012672544528147964,0.10291917020139064,0.10082199039747235,0.23504273504273504,0.16666666666666666,117
300000,C_RUSH,piR/s901002,piR,0,1030001,piR/s901001,piS/s902001,between,0.02185934401204624,0.011999918400550655,0.09294343681957959,0.09346100225394112,0.22008547008547008,0.13247863247863248,117
300000,C_RUSH,piR/s901002,piR,0,1030001,piR/s901001,piS/s902002,between,0.019712620860580458,0.010269640397362419,0.08368644735116029,0.08367602914120321,0.21581196581196582,0.1282051282051282,117
300000,C_RUSH,piR/s901002,piR,0,1030001,piR/s901001,piS/s902003,between,0.020782321018814373200000,C_RUSH,piR/s901001,piR,8,1030009,piR/s901001,piS/s902001,between,0.014967358964930587,0.008279634798232129,0.06265888675802045,0.06265217242864711,0.2119047619047619,0.1619047619047619,105
200000,C_RUSH,piR/s901001,piR,8,1030009,piR/s901001,piS/s902002,between,0.013400801263363024,0.005482662890031652,0.05631355539546402,0.05676563749308254,0.17142857142857143,0.0761904761904762,105
200000,C_RUSH,piR/s901001,piR,8,1030009,piR/s901001,piS/s902003,between,0.0133849726144756,0.006456908469538887,0.05590658388250015,0.05605821248900397,0.1880952380952381,0.11904761904761904,105
200000,C_RUSH,piR/s901001,piR,8,1030009,piR/s901002,piR/s901003,within_piR,0.01529019000664966,0.007819504945207697,0.06527370209311253,0.06387224444657195,0.2,0.1380952380952381,105
200000,C_RUSH,piR/s901001,piR,8,1030009,piR/s901002,piS/s902001,between,0.013651512118955473,0.006785819989234828,0.0564557070309139,0.05832595999179503,0.18333333333333332,0.10952380952380952,105
200000,C_RUSH,piR/s901001,piR,8,1030009,piR/s901002,piS/s902002,between,0.01370603950912811,0.0073540404362213855,0.05705546250036129,0.05810224211396917,0.20476190476190476,0.14761904761904762,105
200000,C_RUSH,piR/s901001,piR,8,1030009,piR/s901002,piS/s902003,between,0.013534850340381533,0.006647049537579509,0.05728313097579266,0.05648135791938306,0.18333333333333332,0.10476190476190476,105
200000,C_RUSH,piR/s901001,piR,8,1030009,piR/s901003,piS/s902001,between,0.016135282983556227,0.010532271768277668,0.06705403681613697,0.06876216430451156,0.2,0.14285714285714285,105
200000,C_RUSH,piR/s901001,piR,8,1030009,piR/s901003,piS/s902002,between,0.01519621344724611,0.009429411086513448,0.06287397588300245,0.06442969720038952,0.20714285714285716,0.1523809523809524,105
200000,C_RUSH,piR/s901001,piR,8,1030009,piR/s901003,piS/s902003,between,0.015732002769701645,0.009900915748572164,0.06578308513422985,0.06651253293823046,0.20238095238095238,0.1380952380952381,105
200000,C_RUSH,piR/s901001,piR,8,1030009,piS/s902001,piS/s902002,within_piS,0.012928425776555964,0.006968408231652349,0.05465897794890492,0.053673113581122193,0.18571428571428572,0.11428571428571428,105
200000,C_RUSH,piR/s901001,piR,8,1030009,piS/s902001,piS/s902003,within_piS,0.013121445596185319,0.006988385767297697,0.05535670722550008,0.0545030561966872,0.18571428571428572,0.10952380952380952,105
200000,C_RUSH,piR/s901001,piR,8,1030009,piS/s902002,piS/s902003,within_piS,0.011974457051781705,0.006384937046801113,0.049754192957926074,0.049701778116373385,0.19523809523809524,0.1380952380952381,105
200000,C_RUSH,piR/s901001,piR,9,1030010,piR/s901001,piR/s901002,within_piR,0.015964161636118832,0.00650423766995831,0.06745877727760442,0.06749678382382984,0.20833333333333334,0.11666666666666667,150
200000,C_RUSH,piR/s901001,piR,9,1030010,piR/s901001,piR/s901003,within_piR,0.017246309072365382,0.008925831380044172,0.07289595626802638,0.07246803508787306,0.22333333333333333,0.15,150
200000,C_RUSH,piR/s901001,piR,9,1030010,piR/s901001,piS/s902001,between,0.01600699447705378,0.00876181334551669,0.06743031986064768,0.06675805952060142,0.21666666666666667,0.14,150
200000,C_RUSH,piR/s901001,piR,9,1030010,piR/s901001,piS/s902002,between,0.01718358545091385,0.009214265447390256,0.0719534055206363,0.07294680936135356,0.20833333333333334,0.13333333333333333,150
200000,C_RUSH,piR/s901001,piR,9,1030010,piR/s901001,piS/s902003,between,0.015549620444337758,0.008908377303885969,0.06478936548506145,0.06519911180809429,0.22,0.16,150
200000,C_RUSH,piR/s901001,piR,9,1030010,piR/s901002,piR/s901003,within_piR,0.01628268538985663,0.008075758446588553,0.06860114732017263,0.06831307453642643,0.21666666666666667,0.14,150
200000,C_RUSH,piR/s901001,piR,9,1030010,piR/s901002,piS/s902001,between,0.0166368201322372,0.010111466124074434,0.06972336133588225,0.06959128398577141,0.22,0.14666666666666667,150
200000,C_RUSH,piR/s901001,piR,9,1030010,piR/s901002,piS/s902002,between,0.016091910955905626,0.009517009239457705,0.06685454441681102,0.06767390265132511,0.21833333333333332,0.13666666666666666,150
200000,C_RUSH,piR/s901001,piR,9,1030010,piR/s901002,piS/s902003,between,0.015227312392408562,0.008199061183454108,0.06345272594969327,0.06424912430143426,0.21,0.12333333333333334,150
200000,C_RUSH,piR/s901001,piR,9,1030010,piR/s901003,piS/s902001,between,0.015967002050173228,0.008251598295737123,0.06753014132294462,0.06723471644098805,0.20333333333333334,0.12,150
200000,C_RUSH,piR/s901001,piR,9,1030010,piR/s901003,piS/s902002,between,0.01685781744669962,0.009823518039489228,0.07072427018296397,0.07123326821540507,0.22166666666666668,0.15,150
200000,C_RUSH,piR/s901001,piR,9,1030010,piR/s901003,piS/s902003,between,0.014749519031382554,0.007870986834053408,0.061699596602286064,0.06139331086645041,0.215,0.14,150
200000,C_RUSH,piR/s901001,piR,9,1030010,piS/s902001,piS/s902002,within_piS,0.01642554024818197,0.00938556942055206,0.06917880526905851,0.06947243179192078,0.22,0.14333333333333334,150
200000,C_RUSH,piR/s901001,piR,9,1030010,piS/s902001,piS/s902003,within_piS,0.014223266266812964,0.007522849875773481,0.05927317616470861,0.059420362189018194,0.20666666666666667,0.12,150
200000,C_RUSH,piR/s901001,piR,9,1030010,piS/s902002,piS/s902003,within_piS,0.015055550868277595,0.008390471261566768,0.06280535657256109,0.06297769598161479,0.21166666666666667,0.13,150
200000,C_RUSH,piR/s901001,piR,10,1030011,piR/s901001,piR/s901002,within_piR,0.020303798931602526,0.010401579509026013,0.0852723606929663,0.08551222664083695,0.26344086021505375,0.15053763440860216,186
200000,C_RUSH,piR/s901001,piR,10,1030011,piR/s901001,piR/s901003,within_piR,0.020376061742256143,0.009592241592544896,0.08558769989402805,0.0858689031863919,0.2661290322580645,0.15591397849462366,186
200000,C_RUSH,piR/s901001,piR,10,1030011,piR/s901001,piS/s902001,between,0.021064270563915053,0.01220911724770075,0.08797858996839725,0.08952566919519667,0.28091397849462363,0.1881720430107527,186
200000,C_RUSH,piR/s901001,piR,10,1030011,piR/s901001,piS/s902002,between,0.020692454946020795,0.011478378050444509,0.08666280798013103,0.08701041877527729,0.2849462365591398,0.19623655913978494,186
200000,C_RUSH,piR/s901001,piR,10,1030011,piR/s901001,piS/s902003,between,0.018994478268723226,0.01092894210764731,0.07898226391789265,0.08016675526487312,0.26881720430107525,0.16666666666666666,186
200000,C_RUSH,piR/s901001,piR,10,1030011,piR/s901002,piR/s901003,within_piR,0.019634401517835083,0.010098018796793519,0.08190541246858868,0.08278779936114718,0.2768817204301075,0.1881720430107527,186
200000,C_RUSH,piR/s901001,piR,10,1030011,piR/s901002,piS/s902001,between,0.019520306192246505,0.011096249547219364,0.08124944017938138,0.08202935896784867,0.271505376344086,0.17204301075268819,186
200000,C_RUSH,piR/s901001,piR,10,1030011,piR/s901002,piS/s902002,between,0.01988151484376282,0.012290528255210492,0.08271330611899923,0.0834958586298524,0.29301075268817206,0.22311827956989247,186
200000,C_RUSH,piR/s901001,piR,10,1030011,piR/s901002,piS/s902003,between,0.01847530473164719,0.010531167337540656,0.07687674941640239,0.07740496710860319,0.2728494623655914,0.17204301075268819,186
200000,C_RUSH,piR/s901001,piR,10,1030011,piR/s901003,piS/s902001,between,0.02152647375187197,0.012876819998673503,0.09014362488434635,0.09069704138896842,0.28360215053763443,0.20430107526881722,186
200000,C_RUSH,piR/s901001,piR,10,1030011,piR/s901003,piS/s902002,between,0.020132789220199107,0.009880124362605085,0.08414086197607241,0.08489401532124823,0.2782258064516129,0.18548387096774194,186
200000,C_RUSH,piR/s901001,piR,10,1030011,piR/s901003,piS/s902003,between,0.01849847547588547,0.009529905027586882,0.07744099962528159,0.07755104586747971,0.2768817204301075,0.1827956989247312,186
200000,C_RUSH,piR/s901001,piR,10,1030011,piS/s902001,piS/s902002,within_piS,0.018690439301288133,0.009104689594021605,0.07855321689218792,0.0782642843281385,0.2701612903225806,0.1693548387096774,186
200000,C_RUSH,piR/s901001,piR,10,1030011,piS/s902001,piS/s902003,within_piS,0.018458807511739946,0.01052503702410444,0.0768667647243384,0.07707029204214626,0.2768817204301075,0.1881720430107527,186
200000,C_RUSH,piR/s901001,piR,10,1030011,piS/s902002,piS/s902003,within_piS,0.01833111599531045,0.008928354189012494,0.07683944917758859,0.07674296435257559,0.27956989247311825,0.18010752688172044,186
200000,C_RUSH,piR/s901001,piR,11,1030012,piR/s901001,piR/s901002,within_piR,0.020029648663136435,0.010780483390202784,0.0840619215933879,0.08382982442265458,0.2830188679245283,0.18553459119496854,159
200000,C_RUSH,piR/s901001,piR,11,1030012,piR/s901001,piR/s901003,within_piR,0.01990608273245737,0.008284373427483888,0.08421726977951821,0.08339129911240588,0.2641509433962264,0.1540880503144654,159
200000,C_RUSH,piR/s901001,piR,11,1030012,piR/s901001,piS/s902001,between,0.021124492579031,0.012509263320298353,0.08808159914414372,0.08875997312470221,0.30974842767295596,0.2358490566037736,159
200000,C_RUSH,piR/s901001,piR,11,1030012,piR/s901001,piS/s902002,between,0.019951531823293414,0.009912959609144246,0.08346804441461268,0.0838038516115097,0.28773584905660377,0.18553459119496854,159
200000,C_RUSH,piR/s901001,piR,11,1030012,piR/s901001,piS/s902003,between,0.019162997987339326,0.00945018195701823,0.08066334585897261,0.08010462753609796,0.28459119496855345,0.18553459119496854,159
200000,C_RUSH,piR/s901001,piR,11,1030012,piR/s901002,piR/s901003,within_piR,0.02116299249370353,0.009698289905958784,0.08913113551140295,0.08887405417211024,0.28773584905660377,0.1949685534591195,159
200000,C_RUSH,piR/s901001,piR,11,1030012,piR/s901002,piS/s902001,between,0.020244182979805226,0.01125519933896902,0.08458106512804678,0.08481283480094183,0.2783018867924528,0.18238993710691823,159
200000,C_RUSH,piR/s901001,piR,11,1030012,piR/s901002,piS/s902002,between,0.019079075604966578,0.010984883602088566,0.07904672092723411,0.08000859667734131,0.2893081761006289,0.20125786163522014,159
200000,C_RUSH,piR/s901001,piR,11,1030012,piR/s901002,piS/s902003,between,0.01892122006636838,0.009278952321517252,0.07893858374054316,0.07935008659472156,0.28144654088050314,0.1761006289308176,159
200000,C_RUSH,piR/s901001,piR,11,1030012,piR/s901003,piS/s902001,between,0.021485323531218136,0.010395453859664137,0.09065905660073133,0.09032135689857268,0.29245283018867924,0.20125786163522014,159
200000,C_RUSH,piR/s901001,piR,11,1030012,piR/s901003,piS/s902002,between,0.020620714988842322,0.009363498130106276,0.08666077320410166,0.08675331275871855,0.2971698113207547,0.2138364779874214,159
200000,C_RUSH,piR/s901001,piR,11,1030012,piR/s901003,piS/s902003,between,0.020688644238315665,0.00954318640593529,0.08745276552268888,0.086935308473464,0.28144654088050314,0.18238993710691823,159
200000,C_RUSH,piR/s901001,piR,11,1030012,piS/s902001,piS/s902002,within_piS,0.01868003085549976,0.0097120493470887,0.07809946977934805,0.07776132485094371,0.28773584905660377,0.1949685534591195,159
200000,C_RUSH,piR/s901001,piR,11,1030012,piS/s902001,piS/s902003,within_piS,0.017617637525340676,0.00806813324312185,0.07315038328332125,0.07409083129435437,0.2688679245283019,0.16981132075471697,159
200000,C_RUSH,piR/s901001,piR,11,1030012,piS/s902002,piS/s902003,within_piS,0.018188995983043774,0.008213275684770916,0.07601544263507042,0.07632829601166827,0.2861635220125786,0.18867924528301888,159
200000,C_RUSH,piR/s901002,piR,0,1030001,piR/s901001,piR/s901002,within_piR,0.014622450131696016,0.008297636891617605,0.06103791146055491,0.06179076289697523,0.1925287356321839,0.12643678160919541,87
200000,C_RUSH,piR/s901002,piR,0,1030001,piR/s901001,piR/s901003,within_piR,0.0156982300794677,0.007535010227091492,0.06655704686326795,0.06634357785283035,0.1810344827586207,0.11494252873563218,87
200000,C_RUSH,piR/s901002,piR,0,1030001,piR/s901001,piS/s902001,between,0.014804675601044762,0.008753378216737776,0.06154369776509028,0.06246767104723707,0.1867816091954023,0.11494252873563218,87
200000,C_RUSH,piR/s901002,piR,0,1030001,piR/s901001,piS/s902002,between,0.015210094883819842,0.008971159413601583,0.06366145735648195,0.06454034682843618,0.1896551724137931,0.1206896551724138,87
200000,C_RUSH,piR/s901002,piR,0,1030001,piR/s901001,piS/s902003,between,0.014314433320267873,0.008987797401834433,0.05958421356761852,0.0604996882373442,0.1867816091954023,0.10919540229885058,87
200000,C_RUSH,piR/s901002,piR,0,1030001,piR/s901002,piR/s901003,within_piR,0.015874521950693977,0.008924073746723408,0.0671835842395817,0.06634839793529541,0.19827586206896552,0.14367816091954022,87
200000,C_RUSH,piR/s901002,piR,0,1030001,piR/s901002,piS/s902001,between,0.014665851849276611,0.008180190512116969,0.061775106128326665,0.061832605174784054,0.1752873563218391,0.09195402298850575,87
200000,C_RUSH,piR/s901002,piR,0,1030001,piR/s901002,piS/s902002,between,0.013410856370580279,0.0067321615052257115,0.0557848869265052,0.056897549222714165,0.19827586206896552,0.13218390804597702,87
200000,C_RUSH,piR/s901002,piR,0,1030001,piR/s901002,piS/s902003,between,0.013877915476578791,0.008878551632023201,0.05816870612373521,0.05796426812196883,0.1810344827586207,0.10919540229885058,87
200000,C_RUSH,piR/s901002,piR,0,1030001,piR/s901003,piS/s902001,between,0.015655445564268244,0.0073837917308682095,0.06556212524071757,0.06709677123792415,0.1867816091954023,0.10919540229885058,87
200000,C_RUSH,piR/s901002,piR,0,1030001,piR/s901003,piS/s902002,between,0.014516002013085174,0.006806777142963671,0.06110040382428613,0.06145525412898629,0.20114942528735633,0.14367816091954022,87
200000,C_RUSH,piR/s901002,piR,0,1030001,piR/s901003,piS/s902003,between,0.01498485849649484,0.008703056402551349,0.06293829418723507,0.063053617346047,0.1925287356321839,0.12643678160919541,87
200000,C_RUSH,piR/s901002,piR,0,1030001,piS/s902001,piS/s902002,within_piS,0.012922278859972077,0.006019828183676318,0.05423405281421939,0.05403966508143095,0.19827586206896552,0.13218390804597702,87
200000,C_RUSH,piR/s901002,piR,0,1030001,piS/s902001,piS/s902003,within_piS,0.014466692404384985,0.009444153455666245,0.06085059598726201,0.060383800482469926,0.19540229885057472,0.13218390804597702,87
200000,C_RUSH,piR/s901002,piR,0,1030001,piS/s902002,piS/s902003,within_piS,0.01329798872776259,0.007024951703471962,0.05593960683326626,0.05521566599454515,0.20114942528735633,0.13793103448275862,87
200000,C_RUSH,piR/s901002,piR,1,1030002,piR/s901001,piR/s901002,within_piR,0.014627628796148538,0.008777481104252836,0.06092701514464521,0.06130908505947001,0.20277777777777778,0.13333333333333333,90
200000,C_RUSH,piR/s901002,piR,1,1030002,piR/s901001,piR/s901003,within_piR,0.01575670070914572,0.009233415447464921,0.06657609056884306,0.06583236508544921,0.20555555555555555,0.1388888888888889,90
200000,C_RUSH,piR/s901002,piR,1,1030002,piR/s901001,piS/s902001,between,0.01449963080983141,0.00798216631925715,0.059696170530514535,0.06216447882255166,0.2,0.12777777777777777,90
200000,C_RUSH,piR/s901002,piR,1,1030002,piR/s901001,piS/s902002,between,0.013604796590227538,0.006482231274415819,0.056603563169865784,0.05765135944728292,0.18888888888888888,0.1111111111111111,90
200000,C_RUSH,piR/s901002,piR,1,1030002,piR/s901001,piS/s902003,between,0.013492400287795104,0.007962811394917512,0.05614240750880312,0.05643823127943985,0.19722222222222222,0.12222222222222222,90
200000,C_RUSH,piR/s901002,piR,1,1030002,piR/s901002,piR/s901003,within_piR,0.015223814750991483,0.00846028129746835,0.0647857711353666,0.06300371675402847,0.20833333333333334,0.15,90
200000,C_RUSH,piR/s901002,piR,1,1030002,piR/s901002,piS/s902001,between,0.01282662953854702,0.00566756078288723,0.05318583522525711,0.05426968090326799,0.19722222222222222,0.12777777777777777,90
200000,C_RUSH,piR/s901002,piR,1,1030002,piR/s901002,piS/s902002,between,0.012968403356279707,0.005580913985813519,0.053959172717189564,0.05453081656638978,0.19444444444444445,0.12222222222222222,90
200000,C_RUSH,piR/s901002,piR,1,1030002,piR/s901002,piS/s902003,between,0.014027957356806002,0.00895643192701743,0.05859138315646691,0.05833381651555752,0.19722222222222222,0.13333333333333333,90
200000,C_RUSH,piR/s901002,piR,1,1030002,piR/s901003,piS/s902001,between,0.014083958625260268,0.0067258144073883775,0.058283960760494066,0.06000601814685513,0.2111111111111111,0.15555555555555556,90
200000,C_RUSH,piR/s901002,piR,1,1030002,piR/s901003,piS/s902002,between,0.013730184757429442,0.006228937775360286,0.05681012024055705,0.058241041303111835,0.20555555555555555,0.1388888888888889,90
200000,C_RUSH,piR/s901002,piR,1,1030002,piR/s901003,piS/s902003,between,0.013819003827260708,0.006482966801628447,0.05795595049978862,0.05776511463524799,0.20555555555555555,0.15,90
200000,C_RUSH,piR/s901002,piR,1,1030002,piS/s902001,piS/s902002,within_piS,0.010955742847147665,0.003248827061872196,0.04585105776621829,0.045584408101214814,0.18611111111111112,0.10555555555555556,90
200000,C_RUSH,piR/s901002,piR,1,1030002,piS/s902001,piS/s902003,within_piS,0.012916771671106152,0.006784049000073607,0.05482442664210474,0.05322507387217044,0.18888888888888888,0.11666666666666667,90
200000,C_RUSH,piR/s901002,piR,1,1030002,piS/s902002,piS/s902003,within_piS,0.012464008907841221,0.0064622987710487925,0.05234832013374087,0.051648903454066745,0.19722222222222222,0.12222222222222222,90
200000,C_RUSH,piR/s901002,piR,2,1030003,piR/s901001,piR/s901002,within_piR,0.015126150414619661,0.00719791462517605,0.06354132882775915,0.0641727486970435,0.18509615384615385,0.11057692307692307,104
200000,C_RUSH,piR/s901002,piR,2,1030003,piR/s901001,piR/s901003,within_piR,0.01655425189675763,0.0076656786818504645,0.07088143934385747,0.06935084203691942,0.18028846153846154,0.09615384615384616,104
200000,C_RUSH,piR/s901002,piR,2,1030003,piR/s901001,piS/s902001,between,0.014440490225891809,0.006689907415070109,0.059900301548920266,0.06144008181754916,0.17307692307692307,0.08653846153846154,104
200000,C_RUSH,piR/s901002,piR,2,1030003,piR/s901001,piS/s902002,between,0.016613400559327206,0.009027799187371498,0.07034122988728218,0.07048889206672264,0.20192307692307693,0.12980769230769232,104
200000,C_RUSH,piR/s901002,piR,2,1030003,piR/s901001,piS/s902003,between,0.014913163665196886,0.008473057105958985,0.06261436379111195,0.0626888656811587,0.20192307692307693,0.14423076923076922,104
200000,C_RUSH,piR/s901002,piR,2,1030003,piR/s901002,piR/s901003,within_piR,0.017090537616171915,0.010189928313386751,0.07257037166435172,0.07159176132447219,0.19951923076923078,0.12980769230769232,104
200000,C_RUSH,piR/s901002,piR,2,1030003,piR/s901002,piS/s902001,between,0.014105157177532484,0.006603836445761152,0.059134880471704815,0.05926305813561993,0.19471153846153846,0.1201923076923077,104
200000,C_RUSH,piR/s901002,piR,2,1030003,piR/s901002,piS/s902002,between,0.014946094566848494,0.007838141129443033,0.062260037339205404,0.063743511959781,0.20192307692307693,0.1346153846153846,104
200000,C_RUSH,piR/s901002,piR,2,1030003,piR/s901002,piS/s902003,between,0.014282991700249178,0.007532513067873064,0.059669688452606666,0.06024354238325717,0.19471153846153846,0.125,104
200000,C_RUSH,piR/s901002,piR,2,1030003,piR/s901003,piS/s902001,between,0.016416276047733554,0.00961877350232097,0.06850076330142324,0.06977569950892358,0.19230769230769232,0.11538461538461539,104
200000,C_RUSH,piR/s901002,piR,2,1030003,piR/s901003,piS/s902002,between,0.01755708677830701,0.01131169678632074,0.07427871156774464,0.07427926450466044,0.19951923076923078,0.12980769230769232,104
200000,C_RUSH,piR/s901002,piR,2,1030003,piR/s901003,piS/s902003,between,0.016344107702506987,0.01045919285639871,0.06776369163905492,0.06945770881417082,0.20432692307692307,0.1346153846153846,104
200000,C_RUSH,piR/s901002,piR,2,1030003,piS/s902001,piS/s902002,within_piS,0.014390581315534726,0.007771082998349842,0.06086941953767447,0.06027420701054061,0.19230769230769232,0.1201923076923077,104
200000,C_RUSH,piR/s901002,piR,2,1030003,piS/s902001,piS/s902003,within_piS,0.013989753348337824,0.00780513031068939,0.05858757504621674,0.05850511563425224,0.19471153846153846,0.125,104
200000,C_RUSH,piR/s901002,piR,2,1030003,piS/s902002,piS/s902003,within_piS,0.014285368206919676,0.007449242228847251,0.059412661658698594,0.060277449686771206,0.17548076923076922,0.09134615384615384,104
200000,C_RUSH,piR/s901002,piR,3,1030004,piR/s901001,piR/s901002,within_piR,0.015823767961784904,0.007768746635628239,0.06639459504945473,0.06622520793737958,0.2189922480620155,0.13565891472868216,129
200000,C_RUSH,piR/s901002,piR,3,1030004,piR/s901001,piR/s901003,within_piR,0.015205826209224232,0.00538200725693474,0.06435692179199597,0.06346221409192078,0.20155038759689922,0.10465116279069768,129
200000,C_RUSH,piR/s901002,piR,3,1030004,piR/s901001,piS/s902001,between,0.016789934630399697,0.00849106531706105,0.07005056783627561,0.0711608276384012,0.22868217054263565,0.15503875968992248,129
200000,C_RUSH,piR/s901002,piR,3,1030004,piR/s901001,piS/s902002,between,0.015537446596684285,0.007231387804417573,0.06486241901562206,0.06529866686230482,0.21705426356589147,0.13178294573643412,129
200000,C_RUSH,piR/s901002,piR,3,1030004,piR/s901001,piS/s902003,between,0.015873004677578198,0.007727454447636446,0.06672231913294174,0.06664046361686374,0.22093023255813954,0.13953488372093023,129
200000,C_RUSH,piR/s901002,piR,3,1030004,piR/s901002,piR/s901003,within_piR,0.01599364483081051,0.00791739161053961,0.06670520613269165,0.06752679198904538,0.22093023255813954,0.15891472868217055,129
200000,C_RUSH,piR/s901002,piR,3,1030004,piR/s901002,piS/s902001,between,0.016405790723903708,0.009713519954274817,0.06827930136442589,0.06936050833950833,0.22286821705426357,0.14728682170542637,129
200000,C_RUSH,piR/s901002,piR,3,1030004,piR/s901002,piS/s902002,between,0.01564213018012813,0.008833834680835852,0.0656130772691449,0.06595518875918006,0.22286821705426357,0.1511627906976744,129
200000,C_RUSH,piR/s901002,piR,3,1030004,piR/s901002,piS/s902003,between,0.01657422353934203,0.009785645947608546,0.06954498964816071,0.06963655227876168,0.2364341085271318,0.16666666666666666,129
200000,C_RUSH,piR/s901002,piR,3,1030004,piR/s901003,piS/s902001,between,0.01639865178357862,0.008188579912988603,0.06851179791862495,0.06935281663105179,0.22674418604651161,0.1511627906976744,129
200000,C_RUSH,piR/s901002,piR,3,1030004,piR/s901003,piS/s902002,between,0.015458231618557378,0.007133388835385169,0.0647731613911052,0.06488146153769862,0.2189922480620155,0.13953488372093023,129
200000,C_RUSH,piR/s901002,piR,3,1030004,piR/s901003,piS/s902003,between,0.015791163882305257,0.007685120147159416,0.06643704442116874,0.06654397286067719,0.22093023255813954,0.13565891472868216,129
200000,C_RUSH,piR/s901002,piR,3,1030004,piS/s902001,piS/s902002,within_piS,0.015289282825018144,0.008643736094112519,0.06429227185537055,0.06337168074225442,0.23449612403100775,0.16666666666666666,129
200000,C_RUSH,piR/s901002,piR,3,1030004,piS/s902001,piS/s902003,within_piS,0.01473910383355845,0.0070833469657875315,0.0616946721656545,0.06138792395315844,0.21705426356589147,0.13178294573643412,129
200000,C_RUSH,piR/s901002,piR,3,1030004,piS/s902002,piS/s902003,within_piS,0.013728210573995002,0.005925142310062136,0.05712251561611936,0.05742112715446634,0.2131782945736434,0.13178294573643412,129
200000,C_RUSH,piR/s901002,piR,4,1030005,piR/s901001,piR/s901002,within_piR,0.013622084267086353,0.005702187293943495,0.058244433294300554,0.056696108288882704,0.17346938775510204,0.09183673469387756,98
200000,C_RUSH,piR/s901002,piR,4,1030005,piR/s901001,piR/s901003,within_piR,0.015656234067564834,0.008277678801605032,0.06683166646044973,0.06533202183398931,0.18877551020408162,0.11224489795918367,98
200000,C_RUSH,piR/s901002,piR,4,1030005,piR/s901001,piS/s902001,between,0.012926940765036789,0.004908285696363283,0.05348885341471505,0.054658719726314205,0.1913265306122449,0.12244897959183673,98
200000,C_RUSH,piR/s901002,piR,4,1030005,piR/s901001,piS/s902002,between,0.01399930844003441,0.007078605412544313,0.059246842624287054,0.05822635053072878,0.19387755102040816,0.12244897959183673,98
200000,C_RUSH,piR/s901002,piR,4,1030005,piR/s901001,piS/s902003,between,0.013873800417731187,0.006538472766644432,0.05797071472037245,0.05851192156739548,0.19642857142857142,0.1377551020408163,98
200000,C_RUSH,piR/s901002,piR,4,1030005,piR/s901002,piR/s901003,within_piR,0.014351612401508182,0.0075623704190030516,0.06042108239324104,0.05993748811686397,0.1836734693877551,0.10204081632653061,98
200000,C_RUSH,piR/s901002,piR,4,1030005,piR/s901002,piS/s902001,between,0.013019250227204612,0.00652864493830923,0.05399932577805435,0.05477223300981104,0.1836734693877551,0.10714285714285714,98
200000,C_RUSH,piR/s901002,piR,4,1030005,piR/s901002,piS/s902002,between,0.013306783485179254,0.007351004970659491,0.05547933719426069,0.05563864027596689,0.20408163265306123,0.14795918367346939,98
200000,C_RUSH,piR/s901002,piR,4,1030005,piR/s901002,piS/s902003,between,0.013137725359096786,0.006678256135386476,0.05452686099876272,0.0554469550313662,0.1913265306122449,0.12755102040816327,98
200000,C_RUSH,piR/s901002,piR,4,1030005,piR/s901003,piS/s902001,between,0.013914561398609651,0.007253958138478534,0.05758044517494658,0.0593974068472935,0.19387755102040816,0.1326530612244898,98
200000,C_RUSH,piR/s901002,piR,4,1030005,piR/s901003,piS/s902002,between,0.013631545558382339,0.006964296833323103,0.0565034009950871,0.057795434243224836,0.2066326530612245,0.15306122448979592,98
200000,C_RUSH,piR/s901002,piR,4,1030005,piR/s901003,piS/s902003,between,0.012694983969521144,0.005757417115158788,0.052545535671553324,0.05386026091839148,0.1760204081632653,0.08673469387755102,98
200000,C_RUSH,piR/s901002,piR,4,1030005,piS/s902001,piS/s902002,within_piS,0.012341293061271403,0.006266342521528689,0.05151004831234593,0.0513061718668836,0.20408163265306123,0.15306122448979592,98
200000,C_RUSH,piR/s901002,piR,4,1030005,piS/s902001,piS/s902003,within_piS,0.01299772389598887,0.007585732114396183,0.054392649917630084,0.05415172864276197,0.1989795918367347,0.14285714285714285,98
200000,C_RUSH,piR/s901002,piR,4,1030005,piS/s902002,piS/s902003,within_piS,0.012085449189473896,0.005903784507414458,0.050628914505361,0.05023909078618721,0.1913265306122449,0.12244897959183673,98
200000,C_RUSH,piR/s901002,piR,5,1030006,piR/s901001,piR/s901002,within_piR,0.015038857771282102,0.00805183210851257,0.06312250264370461,0.06302430938592658,0.20476190476190476,0.13333333333333333,105
200000,C_RUSH,piR/s901002,piR,5,1030006,piR/s901001,piR/s901003,within_piR,0.017244006160421262,0.009489338079710323,0.07301722974406316,0.07234586185046603,0.20714285714285716,0.12857142857142856,105
200000,C_RUSH,piR/s901002,piR,5,1030006,piR/s901001,piS/s902001,between,0.015597698949179879,0.008998336420969191,0.06521174035334758,0.06591986430646793,0.20476190476190476,0.12857142857142856,105
200000,C_RUSH,piR/s901002,piR,5,1030006,piR/s901001,piS/s902002,between,0.01585476847654896,0.008000171589612633,0.06576644031453655,0.06763327573145635,0.20476190476190476,0.13333333333333333,105
200000,C_RUSH,piR/s901002,piR,5,1030006,piR/s901001,piS/s902003,between,0.015156697448766746,0.009358041505281751,0.06238715992660528,0.06406085649687468,0.21904761904761905,0.15714285714285714,105
200000,C_RUSH,piR/s901002,piR,5,1030006,piR/s901002,piR/s901003,within_piR,0.017135700307176954,0.009536720996336283,0.07205898880174483,0.07252514577268357,0.2,0.11904761904761904,105
200000,C_RUSH,piR/s901002,piR,5,1030006,piR/s901002,piS/s902001,between,0.014638786286806588,0.008619570773742806,0.06106082371187619,0.06133195447612838,0.21666666666666667,0.14761904761904762,105
200000,C_RUSH,piR/s901002,piR,5,1030006,piR/s901002,piS/s902002,between,0.014956904911743072,0.007551807885728801,0.06231254275364577,0.06319203709091432,0.20952380952380953,0.14761904761904762,105
200000,C_RUSH,piR/s901002,piR,5,1030006,piR/s901002,piS/s902003,between,0.01524469185262976,0.00996611718330743,0.06359361440090447,0.06389695928275617,0.21904761904761905,0.15714285714285714,105
200000,C_RUSH,piR/s901002,piR,5,1030006,piR/s901003,piS/s902001,between,0.01843704339129821,0.013408594724687504,0.07717055255350258,0.07839279089733828,0.21666666666666667,0.1619047619047619,105
200000,C_RUSH,piR/s901002,piR,5,1030006,piR/s901003,piS/s902002,between,0.016750272515203248,0.008228307353459058,0.06977654948585982,0.07163690677742933,0.20714285714285716,0.12857142857142856,105
200000,C_RUSH,piR/s901002,piR,5,1030006,piR/s901003,piS/s902003,between,0.015664358015408674,0.007497977903940041,0.065131090251292,0.06671926629963643,0.19285714285714287,0.1,105
200000,C_RUSH,piR/s901002,piR,5,1030006,piS/s902001,piS/s902002,within_piS,0.014867628909025285,0.007942634235826578,0.06186382600076671,0.06312514470078609,0.20476190476190476,0.13333333333333333,105
200000,C_RUSH,piR/s901002,piR,5,1030006,piS/s902001,piS/s902003,within_piS,0.014763841691092319,0.009209333331381605,0.06161420340850524,0.061744182908658435,0.2119047619047619,0.1380952380952381,105
200000,C_RUSH,piR/s901002,piR,5,1030006,piS/s902002,piS/s902003,within_piS,0.013703852902758478,0.006048491235813788,0.05767198802736593,0.05715610195222223,0.20476190476190476,0.12380952380952381,105
200000,C_RUSH,piR/s901002,piR,6,1030007,piR/s901001,piR/s901002,within_piR,0.018283755660367745,0.010007751229528815,0.07770785966404016,0.07653995353498125,0.23214285714285715,0.15476190476190477,84
200000,C_RUSH,piR/s901002,piR,6,1030007,piR/s901001,piR/s901003,within_piR,0.01956169922750565,0.009025929770863524,0.08362389057615456,0.08232100735976274,0.22023809523809523,0.13690476190476192,84
200000,C_RUSH,piR/s901002,piR,6,1030007,piR/s901001,piS/s902001,between,0.016361570399322335,0.00850946609175897,0.06825145885037738,0.06853338013017166,0.24404761904761904,0.19047619047619047,84
200000,C_RUSH,piR/s901002,piR,6,1030007,piR/s901001,piS/s902002,between,0.01579180844583767,0.005101609497912827,0.06645830774569449,0.06693005010862167,0.20833333333333334,0.125,84
200000,C_RUSH,piR/s901002,piR,6,1030007,piR/s901001,piS/s902003,between,0.01663231139246641,0.008743563015894974,0.06975706260787391,0.06951027544960582,0.23214285714285715,0.16666666666666666,84
200000,C_RUSH,piR/s901002,piR,6,1030007,piR/s901002,piR/s901003,within_piR,0.018515325634093298,0.012109395500401679,0.07829474670518691,0.07708962460597271,0.24107142857142858,0.17261904761904762,84
200000,C_RUSH,piR/s901002,piR,6,1030007,piR/s901002,piS/s902001,between,0.014729229837255279,0.007469876670179191,0.061213252051502576,0.06158023134053643,0.23214285714285715,0.15476190476190477,84
200000,C_RUSH,piR/s901002,piR,6,1030007,piR/s901002,piS/s902002,between,0.01616850596197069,0.00896765742567776,0.06694343314283498,0.06838051509990041,0.22916666666666666,0.1488095238095238,84
200000,C_RUSH,piR/s901002,piR,6,1030007,piR/s901002,piS/s902003,between,0.01608429699198071,0.011505942337529797,0.06718867717789076,0.06664703039438992,0.24404761904761904,0.17857142857142858,84
200000,C_RUSH,piR/s901002,piR,6,1030007,piR/s901003,piS/s902001,between,0.01662187274775755,0.007910070244420704,0.0686377598394437,0.07174026417499603,0.23214285714285715,0.16071428571428573,84
200000,C_RUSH,piR/s901002,piR,6,1030007,piR/s901003,piS/s902002,between,0.017357613425340084,0.008147090411004119,0.07270320839884285,0.07344583787286173,0.23511904761904762,0.16666666666666666,84
200000,C_RUSH,piR/s901002,piR,6,1030007,piR/s901003,piS/s902003,between,0.0155751613117866,0.008297114516957386,0.06444605536573615,0.06564354010043506,0.22023809523809523,0.13690476190476192,84
200000,C_RUSH,piR/s901002,piR,6,1030007,piS/s902001,piS/s902002,within_piS,0.01483157963199609,0.006612741745144311,0.0625429623420658,0.06140572784701058,0.21726190476190477,0.13690476190476192,84
200000,C_RUSH,piR/s901002,piR,6,1030007,piS/s902001,piS/s902003,within_piS,0.015647799371087994,0.01033619955723424,0.06609614532274688,0.0644204148260975,0.2261904761904762,0.15476190476190477,84
200000,C_RUSH,piR/s901002,piR,6,1030007,piS/s902002,piS/s902003,within_piS,0.015866686806723127,0.008287415783936389,0.06663239848290765,0.06621782692911873,0.23214285714285715,0.16071428571428573,84
200000,C_RUSH,piR/s901002,piR,7,1030008,piR/s901001,piR/s901002,within_piR,0.013982727699835917,0.008373842214988075,0.05810265118136682,0.05903702091742011,0.18872549019607843,0.10784313725490197,102
200000,C_RUSH,piR/s901002,piR,7,1030008,piR/s901001,piR/s901003,within_piR,0.015103955876270012,0.008187654363054561,0.06319249162343078,0.06403190627154912,0.19117647058823528,0.12254901960784313,102
200000,C_RUSH,piR/s901002,piR,7,1030008,piR/s901001,piS/s902001,between,0.017028797243694962,0.0136180709778882,0.07047351807574014,0.0724538946153651,0.20588235294117646,0.14215686274509803,102
200000,C_RUSH,piR/s901002,piR,7,1030008,piR/s901001,piS/s902002,between,0.013659660103287518,0.00775315369662861,0.05718279754308652,0.05720127435118677,0.18627450980392157,0.10294117647058823,102
200000,C_RUSH,piR/s901002,piR,7,1030008,piR/s901001,piS/s902003,between,0.01368757676972035,0.00887046462242676,0.05623758079350277,0.058182934681910076,0.19362745098039216,0.11764705882352941,102
200000,C_RUSH,piR/s901002,piR,7,1030008,piR/s901002,piR/s901003,within_piR,0.01354059950598376,0.00447843590979285,0.05644271552409447,0.05754972883018827,0.17892156862745098,0.09313725490196079,102
200000,C_RUSH,piR/s901002,piR,7,1030008,piR/s901002,piS/s902001,between,0.015107414545404261,0.009209037185911277,0.06312068539733812,0.06365442654477275,0.19362745098039216,0.11764705882352941,102
200000,C_RUSH,piR/s901002,piR,7,1030008,piR/s901002,piS/s902002,between,0.013509854860636002,0.00753624730494477,0.056152855697089325,0.05659321103241471,0.19117647058823528,0.11764705882352941,102
200000,C_RUSH,piR/s901002,piR,7,1030008,piR/s901002,piS/s902003,between,0.01199766321896888,0.005220054579148666,0.05035786934596572,0.04986124448017365,0.18872549019607843,0.10294117647058823,102
200000,C_RUSH,piR/s901002,piR,7,1030008,piR/s901003,piS/s902001,between,0.015369605540891604,0.008314992817147966,0.06423374836952542,0.06473970163683766,0.20588235294117646,0.13725490196078433,102
200000,C_RUSH,piR/s901002,piR,7,1030008,piR/s901003,piS/s902002,between,0.012960719983772925,0.004282736798397143,0.05439786402272526,0.054952784811055436,0.17892156862745098,0.08823529411764706,102
200000,C_RUSH,piR/s901002,piR,7,1030008,piR/s901003,piS/s902003,between,0.012642478952204238,0.00402425401518951,0.05310832336960814,0.053078126793819416,0.19852941176470587,0.12254901960784313,102
200000,C_RUSH,piR/s901002,piR,7,1030008,piS/s902001,piS/s902002,within_piS,0.014418869357933838,0.008548666316955209,0.060841166921933865,0.05999360681929142,0.19117647058823528,0.10784313725490197,102
200000,C_RUSH,piR/s901002,piR,7,1030008,piS/s902001,piS/s902003,within_piS,0.014383651254228087,0.008960737263366651,0.05965948637454729,0.06066185357088428,0.19852941176470587,0.12254901960784313,102
200000,C_RUSH,piR/s901002,piR,7,1030008,piS/s902002,piS/s902003,within_piS,0.012346244465926135,0.006684115810609882,0.05132888122953435,0.05144662718540291,0.20588235294117646,0.14215686274509803,102
200000,C_RUSH,piR/s901002,piR,8,1030009,piR/s901001,piR/s901002,within_piR,0.014147912014312926,0.0070972778115736485,0.05928081674003474,0.059364974900696456,0.18478260869565216,0.09239130434782608,92
200000,C_RUSH,piR/s901002,piR,8,1030009,piR/s901001,piR/s901003,within_piR,0.01406045540794164,0.005365722563724032,0.059779004913528715,0.05906785966165179,0.16576086956521738,0.07608695652173914,92
200000,C_RUSH,piR/s901002,piR,8,1030009,piR/s901001,piS/s902001,between,0.014796220094814239,0.00742560905504943,0.061179151800956094,0.06278931527040031,0.20652173913043478,0.1358695652173913,92
200000,C_RUSH,piR/s901002,piR,8,1030009,piR/s901001,piS/s902002,between,0.015208846399984243,0.008498626610741003,0.06354344344461609,0.06394688070043907,0.20923913043478262,0.14673913043478262,92
200000,C_RUSH,piR/s901002,piR,8,1030009,piR/s901001,piS/s902003,between,0.014402216487782697,0.008651966573549134,0.05949227695797409,0.0609373146518959,0.1956521739130435,0.11413043478260869,92
200000,C_RUSH,piR/s901002,piR,8,1030009,piR/s901002,piR/s901003,within_piR,0.016144777447799318,0.009148623139743763,0.0681897313005824,0.06754244062945826,0.20652173913043478,0.14130434782608695,92
200000,C_RUSH,piR/s901002,piR,8,1030009,piR/s901002,piS/s902001,between,0.01390114474654698,0.0063704704686272685,0.058464423503677664,0.058329610881345716,0.1875,0.10326086956521739,92
200000,C_RUSH,piR/s901002,piR,8,1030009,piR/s901002,piS/s902002,between,0.013327198723731625,0.006718455114439047,0.05531577709037492,0.056114494279486296,0.20380434782608695,0.13043478260869565,92
200000,C_RUSH,piR/s901002,piR,8,1030009,piR/s901002,piS/s902003,between,0.012758977550988093,0.005384801931042078,0.05340659054154393,0.05327685480598341,0.1956521739130435,0.11956521739130435,92
200000,C_RUSH,piR/s901002,piR,8,1030009,piR/s901003,piS/s902001,between,0.015920017986522005,0.008811940842692607,0.06657614962483648,0.06747986232270559,0.21739130434782608,0.15760869565217392,92
200000,C_RUSH,piR/s901002,piR,8,1030009,piR/s901003,piS/s902002,between,0.015835092234071525,0.010062874235741703,0.06559756458076707,0.06693570158817294,0.21739130434782608,0.16304347826086957,92
200000,C_RUSH,piR/s901002,piR,8,1030009,piR/s901003,piS/s902003,between,0.013551166382145645,0.007186247139793744,0.05612090324561176,0.057052605269196366,0.19021739130434784,0.11413043478260869,92
200000,C_RUSH,piR/s901002,piR,8,1030009,piS/s902001,piS/s902002,within_piS,0.013271629362041402,0.0060696629164467405,0.055655604257637735,0.05560373685263485,0.19021739130434784,0.10326086956521739,92
200000,C_RUSH,piR/s901002,piR,8,1030009,piS/s902001,piS/s902003,within_piS,0.014326603363208418,0.008564351852417261,0.05965337528201319,0.05988455149589909,0.22010869565217392,0.16304347826086957,92
200000,C_RUSH,piR/s901002,piR,8,1030009,piS/s902002,piS/s902003,within_piS,0.014141821403576879,0.009781735995651283,0.05906929214361181,0.058579264452702236,0.20923913043478262,0.15217391304347827,92
200000,C_RUSH,piR/s901002,piR,9,1030010,piR/s901001,piR/s901002,within_piR,0.016129896512824354,0.009324269559540448,0.0677814170582149,0.06758420776635705,0.20802919708029197,0.12773722627737227,137
200000,C_RUSH,piR/s901002,piR,9,1030010,piR/s901001,piR/s901003,within_piR,0.015739626678239162,0.006123956039776362,0.06668124734604743,0.0660274770589719,0.2062043795620438,0.12043795620437957,137
200000,C_RUSH,piR/s901002,piR,9,1030010,piR/s901001,piS/s902001,between,0.016987712160315683,0.010239403388898081,0.07101563794770775,0.07171934256775485,0.21897810218978103,0.15328467153284672,137
200000,C_RUSH,piR/s901002,piR,9,1030010,piR/s901001,piS/s902002,between,0.016248882584871328,0.008410779371851375,0.06752866687166474,0.06932976735933158,0.21715328467153286,0.15328467153284672,137
200000,C_RUSH,piR/s901002,piR,9,1030010,piR/s901001,piS/s902003,between,0.016820214934933683,0.011242018853630464,0.07060157817856966,0.0703946444120845,0.21350364963503649,0.13503649635036497,137
200000,C_RUSH,piR/s901002,piR,9,1030010,piR/s901002,piR/s901003,within_piR,0.014962241490069115,0.006381299135447423,0.06292288102158125,0.0626195538208298,0.19160583941605838,0.10948905109489052,137
200000,C_RUSH,piR/s901002,piR,9,1030010,piR/s901002,piS/s902001,between,0.014850577098333255,0.006473926392063631,0.06185854585552772,0.06274632270684619,0.19525547445255476,0.09854014598540146,137
200000,C_RUSH,piR/s901002,piR,9,1030010,piR/s901002,piS/s902002,between,0.014710495058474351,0.006774617876676192,0.0613909817466589,0.06174877580393223,0.20802919708029197,0.12773722627737227,137
200000,C_RUSH,piR/s901002,piR,9,1030010,piR/s901002,piS/s902003,between,0.015184720781401184,0.008277088355460847,0.06423739918253672,0.06332875982584302,0.19708029197080293,0.11678832116788321,137
200000,C_RUSH,piR/s901002,piR,9,1030010,piR/s901003,piS/s902001,between,0.016289034439091615,0.008023888492216717,0.06856518224248012,0.06890386806847683,0.2062043795620438,0.12043795620437957,137
200000,C_RUSH,piR/s901002,piR,9,1030010,piR/s901003,piS/s902002,between,0.016005679314404924,0.007852951297815977,0.06731151038925612,0.06735568218354071,0.21715328467153286,0.14233576642335766,137
200000,C_RUSH,piR/s901002,piR,9,1030010,piR/s901003,piS/s902003,between,0.015823246125205893,0.008698397456661589,0.06673918968586734,0.0663063003430925,0.1989051094890511,0.11678832116788321,137
200000,C_RUSH,piR/s901002,piR,9,1030010,piS/s902001,piS/s902002,within_piS,0.015016462421107287,0.006433961441474141,0.06327281896280912,0.06344630528681731,0.1989051094890511,0.11678832116788321,137
200000,C_RUSH,piR/s901002,piR,9,1030010,piS/s902001,piS/s902003,within_piS,0.015036517588120326,0.00763023796420355,0.06320876977512839,0.062821997286941,0.20072992700729927,0.12043795620437957,137
200000,C_RUSH,piR/s901002,piR,9,1030010,piS/s902002,piS/s902003,within_piS,0.015406169419974096,0.008046475694990313,0.06441047577094755,0.06488927661964192,0.20802919708029197,0.12773722627737227,137
200000,C_RUSH,piR/s901002,piR,10,1030011,piR/s901001,piR/s901002,within_piR,0.014240254996469583,0.007307815469787411,0.06063691606181037,0.05892608384205256,0.16071428571428573,0.07653061224489796,98
200000,C_RUSH,piR/s901002,piR,10,1030011,piR/s901001,piR/s901003,within_piR,0.015500106331252709,0.008580178413029362,0.06526061268088389,0.06513329696917651,0.1760204081632653,0.09693877551020408,98
200000,C_RUSH,piR/s901002,piR,10,1030011,piR/s901001,piS/s902001,between,0.013233994849660475,0.00645559293910623,0.05514165597972032,0.05607338697361324,0.18622448979591838,0.11224489795918367,98
200000,C_RUSH,piR/s901002,piR,10,1030011,piR/s901001,piS/s902002,between,0.013706939684743723,0.0056901335675274105,0.05754372738776997,0.05785610801619598,0.18877551020408162,0.11734693877551021,98
200000,C_RUSH,piR/s901002,piR,10,1030011,piR/s901001,piS/s902003,between,0.014336491861912659,0.009827314593545326,0.05964342630184843,0.06002954240186016,0.1913265306122449,0.12755102040816327,98
200000,C_RUSH,piR/s901002,piR,10,1030011,piR/s901002,piR/s901003,within_piR,0.015988891396457372,0.010826353340481196,0.06740855793546387,0.06694916324676733,0.18622448979591838,0.11224489795918367,98
200000,C_RUSH,piR/s901002,piR,10,1030011,piR/s901002,piS/s902001,between,0.013566306873712113,0.00798973409605493,0.05585201087671257,0.057828799699544284,0.17346938775510204,0.09693877551020408,98
200000,C_RUSH,piR/s901002,piR,10,1030011,piR/s901002,piS/s902002,between,0.012959063932051786,0.006934337525529863,0.05366744322552411,0.05481645510975258,0.16581632653061223,0.08163265306122448,98
200000,C_RUSH,piR/s901002,piR,10,1030011,piR/s901002,piS/s902003,between,0.014210087926399323,0.010570131892454942,0.0585578592899091,0.06052942899584975,0.1836734693877551,0.11734693877551021,98
200000,C_RUSH,piR/s901002,piR,10,1030011,piR/s901003,piS/s902001,between,0.014890641161659827,0.008507195952087165,0.06253081240511377,0.06254386462173482,0.18622448979591838,0.11734693877551021,98
200000,C_RUSH,piR/s901002,piR,10,1030011,piR/s901003,piS/s902002,between,0.013472783003540283,0.006468867023492571,0.05613779580562279,0.05701366409433031,0.1913265306122449,0.12244897959183673,98
200000,C_RUSH,piR/s901002,piR,10,1030011,piR/s901003,piS/s902003,between,0.01415397119035619,0.009112249796762497,0.05916611961029587,0.059225462959879224,0.18877551020408162,0.12755102040816327,98
200000,C_RUSH,piR/s901002,piR,10,1030011,piS/s902001,piS/s902002,within_piS,0.01195314741812193,0.005186857832026648,0.050034743448629494,0.04982939709580323,0.19387755102040816,0.12755102040816327,98
200000,C_RUSH,piR/s901002,piR,10,1030011,piS/s902001,piS/s902003,within_piS,0.012885654929484664,0.00771128196451866,0.05390787312128262,0.05367791972069348,0.19387755102040816,0.12755102040816327,98
200000,C_RUSH,piR/s901002,piR,10,1030011,piS/s902002,piS/s902003,within_piS,0.01210161496868143,0.0062236612688810825,0.050785476818581685,0.04994488237944932,0.17857142857142858,0.11224489795918367,98
200000,C_RUSH,piR/s901002,piR,11,1030012,piR/s901001,piR/s901002,within_piR,0.017488085020747304,0.008384066161813438,0.07368003011179877,0.07287919467858296,0.24764150943396226,0.14150943396226415,106
200000,C_RUSH,piR/s901002,piR,11,1030012,piR/s901001,piR/s901003,within_piR,0.01864769065721208,0.008117715245295126,0.07874859678954017,0.0778564585062594,0.2358490566037736,0.12735849056603774,106
200000,C_RUSH,piR/s901002,piR,11,1030012,piR/s901001,piS/s902001,between,0.020147145258215073,0.012729693929588878,0.08367841127224424,0.08520109976777544,0.2830188679245283,0.21226415094339623,106
200000,C_RUSH,piR/s901002,piR,11,1030012,piR/s901001,piS/s902002,between,0.018944348591867322,0.011058910225739524,0.07898703024662343,0.07975668885493788,0.24056603773584906,0.13679245283018868,106
200000,C_RUSH,piR/s901002,piR,11,1030012,piR/s901001,piS/s902003,between,0.018322396359570916,0.010719140789749122,0.0762793457270114,0.07693297312445482,0.25471698113207547,0.16981132075471697,106
200000,C_RUSH,piR/s901002,piR,11,1030012,piR/s901002,piR/s901003,within_piR,0.01874681647638823,0.009132191626506359,0.07861394138194143,0.07866546962312766,0.25471698113207547,0.1650943396226415,106
200000,C_RUSH,piR/s901002,piR,11,1030012,piR/s901002,piS/s902001,between,0.016913961624394392,0.007994718332038882,0.06982971000737728,0.07153296945025399,0.24764150943396226,0.15566037735849056,106
200000,C_RUSH,piR/s901002,piR,11,1030012,piR/s901002,piS/s902002,between,0.01755879870837074,0.0095965399338809,0.0727010416447796,0.07418997775968646,0.2641509433962264,0.18396226415094338,106
200000,C_RUSH,piR/s901002,piR,11,1030012,piR/s901002,piS/s902003,between,0.017612223333298867,0.010700552794558157,0.0730264470385803,0.07412925445788815,0.2641509433962264,0.1792452830188679,106
200000,C_RUSH,piR/s901002,piR,11,1030012,piR/s901003,piS/s902001,between,0.019859963386410696,0.011385280908887838,0.08210154925752235,0.08461042719432116,0.2665094339622642,0.18867924528301888,106
200000,C_RUSH,piR/s901002,piR,11,1030012,piR/s901003,piS/s902002,between,0.018874710878610743,0.009281714977369257,0.07908949922347247,0.07938732963642965,0.25,0.16981132075471697,106
200000,C_RUSH,piR/s901002,piR,11,1030012,piR/s901003,piS/s902003,between,0.017752207580114726,0.008772071166382785,0.07395065884621599,0.0749289122007504,0.22169811320754718,0.10849056603773585,106
200000,C_RUSH,piR/s901002,piR,11,1030012,piS/s902001,piS/s902002,within_piS,0.016811400089512245,0.008603728517119458,0.06983816995461332,0.07052169395598727,0.27358490566037735,0.19811320754716982,106
200000,C_RUSH,piR/s901002,piR,11,1030012,piS/s902001,piS/s902003,within_piS,0.01762939798907475,0.010331575030254884,0.07349948250341679,0.07367468834593709,0.25943396226415094,0.1650943396226415,106
200000,C_RUSH,piR/s901002,piR,11,1030012,piS/s902002,piS/s902003,within_piS,0.018286997069269673,0.011505430070412532,0.07650123580212287,0.07590368223222291,0.2665094339622642,0.18396226415094338,106
200000,C_RUSH,piR/s901003,piR,0,1030001,piR/s901001,piR/s901002,within_piR,0.013764224084816317,0.006516011066396016,0.05875389255127255,0.057481743616719864,0.19117647058823528,0.12941176470588237,85
200000,C_RUSH,piR/s901003,piR,0,1030001,piR/s901001,piR/s901003,within_piR,0.015657964093864357,0.007399142793636779,0.06662626677611981,0.06570557810878606,0.18235294117647058,0.11176470588235295,85
200000,C_RUSH,piR/s901003,piR,0,1030001,piR/s901001,piS/s902001,between,0.014005404639904389,0.006371407905357796,0.05848720205597718,0.059691845061463786,0.18235294117647058,0.10588235294117647,85
200000,C_RUSH,piR/s901003,piR,0,1030001,piR/s901001,piS/s902002,between,0.014167718154547732,0.00677090233369761,0.05977654701296553,0.0595733837968507,0.19411764705882353,0.12941176470588237,85
200000,C_RUSH,piR/s901003,piR,0,1030001,piR/s901001,piS/s902003,between,0.014856086964764693,0.008597263730041218,0.06264188481838827,0.062228844968100244,0.19411764705882353,0.12352941176470589,85
200000,C_RUSH,piR/s901003,piR,0,1030001,piR/s901002,piR/s901003,within_piR,0.014405967895763889,0.007842265383295664,0.06120216363385297,0.059718141574940355,0.21176470588235294,0.1588235294117647,85
200000,C_RUSH,piR/s901003,piR,0,1030001,piR/s901002,piS/s902001,between,0.0132149108012075,0.007070663301103283,0.055673640811162946,0.05550778118675519,0.18823529411764706,0.11764705882352941,85
200000,C_RUSH,piR/s901003,piR,0,1030001,piR/s901002,piS/s902002,between,0.013363094965727042,0.007276088911546849,0.056212289958942376,0.05605221907860363,0.19411764705882353,0.12941176470588237,85
200000,C_RUSH,piR/s901003,piR,0,1030001,piR/s901002,piS/s902003,between,0.01289218477965259,0.007945174878608106,0.05419387266885015,0.05334138516659554,0.20294117647058824,0.1411764705882353,85
200000,C_RUSH,piR/s901003,piR,0,1030001,piR/s901003,piS/s902001,between,0.014857877713369811,0.008131150396275233,0.0610949031046725,0.06413787637421961,0.2,0.14705882352941177,85
200000,C_RUSH,piR/s901003,piR,0,1030001,piR/s901003,piS/s902002,between,0.015395455642539182,0.009576699836283217,0.06453323927997487,0.06523127592503176,0.2088235294117647,0.15294117647058825,85
200000,C_RUSH,piR/s901003,piR,0,1030001,piR/s901003,piS/s902003,between,0.014089521576236564,0.009169232166581932,0.05852724538871251,0.05884026174258404,0.20294117647058824,0.1411764705882353,85
200000,C_RUSH,piR/s901003,piR,0,1030001,piS/s902001,piS/s902002,within_piS,0.012285217673014454,0.005285959720492932,0.05175514983300105,0.05112338507085173,0.17941176470588235,0.1,85
200000,C_RUSH,piR/s901003,piR,0,1030001,piS/s902001,piS/s902003,within_piS,0.01196834016976208,0.005686023442107704,0.05003967004848647,0.04965465706542762,0.18529411764705883,0.12352941176470589,85
200000,C_RUSH,piR/s901003,piR,0,1030001,piS/s902002,piS/s902003,within_piS,0.012528411345240359,0.006904022135188322,0.052598882592893,0.05200528557204243,0.18235294117647058,0.10588235294117647,85
200000,C_RUSH,piR/s901003,piR,1,1030002,piR/s901001,piR/s901002,within_piR,0.01395406313280169,0.006776710526384299,0.05852425196442299,0.058851546604527606,0.19387755102040816,0.12755102040816327,98
200000,C_RUSH,piR/s901003,piR,1,1030002,piR/s901001,piR/s901003,within_piR,0.015619643109067093,0.008344099702052294,0.06598777848551576,0.06600100557638652,0.18622448979591838,0.11224489795918367,98
200000,C_RUSH,piR/s901003,piR,1,1030002,piR/s901001,piS/s902001,between,0.01292657812280855,0.00613069661010988,0.05385087278938785,0.05438423289883077,0.19642857142857142,0.12755102040816327,98
200000,C_RUSH,piR/s901003,piR,1,1030002,piR/s901001,piS/s902002,between,0.015267759709951808,0.009640842241751124,0.06395423397992386,0.06416160224543455,0.20408163265306123,0.14795918367346939,98
200000,C_RUSH,piR/s901003,piR,1,1030002,piR/s901001,piS/s902003,between,0.013111101382630136,0.007523347960277568,0.054359560074370636,0.05476768243570716,0.1913265306122449,0.12755102040816327,98
200000,C_RUSH,piR/s901003,piR,1,1030002,piR/s901002,piR/s901003,within_piR,0.015228908870338648,0.007756415185449427,0.06481083799237158,0.06335785799070272,0.21173469387755103,0.15816326530612246,98
200000,C_RUSH,piR/s901003,piR,1,1030002,piR/s901002,piS/s902001,between,0.012012062616720704,0.00443689285262628,0.05059312673043144,0.049910655118349134,0.1836734693877551,0.10204081632653061,98
200000,C_RUSH,piR/s901003,piR,1,1030002,piR/s901002,piS/s902002,between,0.012499518645746667,0.005473032928041609,0.05195587040845372,0.05251012695153535,0.18622448979591838,0.12244897959183673,98
200000,C_RUSH,piR/s901003,piR,1,1030002,piR/s901002,piS/s902003,between,0.012600938595924425,0.005848693414820594,0.05254540400419143,0.052947028768964746,0.18112244897959184,0.10204081632653061,98
200000,C_RUSH,piR/s901003,piR,1,1030002,piR/s901003,piS/s902001,between,0.014303573632945463,0.007953077353566224,0.05991860234399545,0.059928276464078965,0.2066326530612245,0.15816326530612246,98
200000,C_RUSH,piR/s901003,piR,1,1030002,piR/s901003,piS/s902002,between,0.014341620037385296,0.008012078796971267,0.05959615207840519,0.06038253903054251,0.18877551020408162,0.12755102040816327,98
200000,C_RUSH,piR/s901003,piR,1,1030002,piR/s901003,piS/s902003,between,0.013332887509935915,0.006593337682138127,0.05598933417472182,0.05569902153719352,0.1913265306122449,0.11734693877551021,98
200000,C_RUSH,piR/s901003,piR,1,1030002,piS/s902001,piS/s902002,within_piS,0.01132084402683977,0.004830549752504648,0.04703293408172939,0.04741448216217879,0.1836734693877551,0.11224489795918367,98
200000,C_RUSH,piR/s901003,piR,1,1030002,piS/s902001,piS/s902003,within_piS,0.011515977225914954,0.0056590680615423335,0.04807827065988407,0.04786314900286547,0.1989795918367347,0.1326530612244898,98
200000,C_RUSH,piR/s901003,piR,1,1030002,piS/s902002,piS/s902003,within_piS,0.01222280070119772,0.007441753640372551,0.05053312311944805,0.05111050382265321,0.19387755102040816,0.12244897959183673,98
200000,C_RUSH,piR/s901003,piR,2,1030003,piR/s901001,piR/s901002,within_piR,0.015876176691560436,0.005934363804627794,0.06685477645098833,0.06679839060804042,0.2199074074074074,0.12962962962962962,108
200000,C_RUSH,piR/s901003,piR,2,1030003,piR/s901001,piR/s901003,within_piR,0.017316846696784478,0.007151112761935267,0.0738087841790743,0.07243969479293731,0.23148148148148148,0.1574074074074074,108
200000,C_RUSH,piR/s901003,piR,2,1030003,piR/s901001,piS/s902001,between,0.016151356286275394,0.006602873768908614,0.06778448698682707,0.06860727054411925,0.25462962962962965,0.19444444444444445,108
200000,C_RUSH,piR/s901003,piR,2,1030003,piR/s901001,piS/s902002,between,0.015682104948639117,0.00537781660897193,0.06593027000568374,0.06667640502834976,0.23842592592592593,0.16203703703703703,108
200000,C_RUSH,piR/s901003,piR,2,1030003,piR/s901001,piS/s902003,between,0.015002011763574378,0.006784980170225729,0.06274160865332373,0.06302885754406658,0.2361111111111111,0.16203703703703703,108
200000,C_RUSH,piR/s901003,piR,2,1030003,piR/s901002,piR/s901003,within_piR,0.017503646290147418,0.009109009497423146,0.07371742992616152,0.07360100735597078,0.21296296296296297,0.12962962962962962,108
200000,C_RUSH,piR/s901003,piR,2,1030003,piR/s901002,piS/s902001,between,0.016148072528497384,0.00813552865964565,0.06712632329709337,0.06844140003819989,0.2337962962962963,0.1574074074074074,108
200000,C_RUSH,piR/s901003,piR,2,1030003,piR/s901002,piS/s902002,between,0.015490285403627879,0.007747504395032597,0.06416732657510313,0.06566871786630764,0.22685185185185186,0.1527777777777778,108
200000,C_RUSH,piR/s901003,piR,2,1030003,piR/s901002,piS/s902003,between,0.01465314641596367,0.007486656654454693,0.06067280781716147,0.061829880960109315,0.22453703703703703,0.13425925925925927,108
200000,C_RUSH,piR/s901003,piR,2,1030003,piR/s901003,piS/s902001,between,0.018964607355669932,0.01101164749821446,0.07938511900411047,0.08095623200319167,0.24768518518518517,0.18981481481481483,108
200000,C_RUSH,piR/s901003,piR,2,1030003,piR/s901003,piS/s902002,between,0.017273309791096633,0.009179795224320816,0.07201549413314846,0.07345108026865096,0.2222222222222222,0.13425925925925927,108
200000,C_RUSH,piR/s901003,piR,2,1030003,piR/s901003,piS/s902003,between,0.017096334641203855,0.010154778032660747,0.0709561245890771,0.0721865022817485,0.2523148148148148,0.19907407407407407,108
200000,C_RUSH,piR/s901003,piR,2,1030003,piS/s902001,piS/s902002,within_piS,0.015105002028318356,0.006168793332721406,0.06342139953190822,0.06375315129567569,0.23148148148148148,0.14814814814814814,108
200000,C_RUSH,piR/s901003,piR,2,1030003,piS/s902001,piS/s902003,within_piS,0.01444444370050852,0.007103547890816319,0.060247280531412976,0.060354649717592204,0.2361111111111111,0.16666666666666666,108
200000,C_RUSH,piR/s901003,piR,2,1030003,piS/s902002,piS/s902003,within_piS,0.014086481780232016,0.005981098479295275,0.05975394468751833,0.058150304988286376,0.2152777777777778,0.12962962962962962,108
200000,C_RUSH,piR/s901003,piR,3,1030004,piR/s901001,piR/s901002,within_piR,0.012730511472948604,0.00541544141471376,0.05333382521682068,0.053549641846577886,0.1903409090909091,0.11931818181818182,88
200000,C_RUSH,piR/s901003,piR,3,1030004,piR/s901001,piR/s901003,within_piR,0.014079202556512767,0.006330781234675117,0.060289434204225105,0.058932559050234735,0.18181818181818182,0.10227272727272728,88
200000,C_RUSH,piR/s901003,piR,3,1030004,piR/s901001,piS/s902001,between,0.015160335506771355,0.008907726835403947,0.06382223093113491,0.06349878869519611,0.1903409090909091,0.11363636363636363,88
200000,C_RUSH,piR/s901003,piR,3,1030004,piR/s901001,piS/s902002,between,0.014116355775367285,0.00766002282974974,0.05887630760216764,0.059860795838439194,0.17613636363636365,0.10227272727272728,88
200000,C_RUSH,piR/s901003,piR,3,1030004,piR/s901001,piS/s902003,between,0.012555858835900203,0.006479309505801561,0.05310560865931194,0.05187555400485367,0.17329545454545456,0.09090909090909091,88
200000,C_RUSH,piR/s901003,piR,3,1030004,piR/s901002,piR/s901003,within_piR,0.014620604266596948,0.007449428990669929,0.06251067199372193,0.0607413666860293,0.1903409090909091,0.125,88
200000,C_RUSH,piR/s901003,piR,3,1030004,piR/s901002,piS/s902001,between,0.013647988489799314,0.00705217602272624,0.05765105154711097,0.05700542468942152,0.18181818181818182,0.10227272727272728,88
200000,C_RUSH,piR/s901003,piR,3,1030004,piR/s901002,piS/s902002,between,0.013742609438303244,0.007775991987334285,0.0573910588271881,0.05785252369485904,0.19318181818181818,0.11931818181818182,88
200000,C_RUSH,piR/s901003,piR,3,1030004,piR/s901002,piS/s902003,between,0.012512076524134842,0.007419034190003699,0.05234561191931966,0.05236374970628022,0.19318181818181818,0.11931818181818182,88
200000,C_RUSH,piR/s901003,piR,3,1030004,piR/s901003,piS/s902001,between,0.016341108833411302,0.011336870991721567,0.06837820713542633,0.06941947086566663,0.19602272727272727,0.125,88
200000,C_RUSH,piR/s901003,piR,3,1030004,piR/s901003,piS/s902002,between,0.01500751065320181,0.008412442101165027,0.06232685254320402,0.06391657278047423,0.1903409090909091,0.11931818181818182,88
200000,C_RUSH,piR/s901003,piR,3,1030004,piR/s901003,piS/s902003,between,0.013405558754718232,0.007975667883940694,0.05579405994756654,0.055995809651541224,0.19318181818181818,0.11931818181818182,88
200000,C_RUSH,piR/s901003,piR,3,1030004,piS/s902001,piS/s902002,within_piS,0.014506164605566613,0.008205515701053491,0.061061030340294815,0.06082816573559942,0.19318181818181818,0.11931818181818182,88
200000,C_RUSH,piR/s901003,piR,3,1030004,piS/s902001,piS/s902003,within_piS,0.01356840925125724,0.009252267259466146,0.056530193914513534,0.056484217427850265,0.20738636363636365,0.1534090909090909,88
200000,C_RUSH,piR/s901003,piR,3,1030004,piS/s902002,piS/s902003,within_piS,0.012586999979090845,0.007852675941287331,0.05218527538352635,0.05224487478101527,0.20454545454545456,0.14772727272727273,88
200000,C_RUSH,piR/s901003,piR,4,1030005,piR/s901001,piR/s901002,within_piR,0.01722331887232902,0.011126915647803675,0.07301947427707635,0.0718611276291867,0.19662921348314608,0.12359550561797752,89
200000,C_RUSH,piR/s901003,piR,4,1030005,piR/s901001,piR/s901003,within_piR,0.016863170017263278,0.008924944133084131,0.07075909984621044,0.07208585530175386,0.19662921348314608,0.12921348314606743,89
200000,C_RUSH,piR/s901003,piR,4,1030005,piR/s901001,piS/s902001,between,0.015964808549691477,0.009889169774434412,0.06652764825310262,0.067992817637376,0.20224719101123595,0.14606741573033707,89
200000,C_RUSH,piR/s901003,piR,4,1030005,piR/s901001,piS/s902002,between,0.015590328904480508,0.007596227857172225,0.06550180662467381,0.06592970955977412,0.18258426966292135,0.09550561797752809,89
200000,C_RUSH,piR/s901003,piR,4,1030005,piR/s901001,piS/s902003,between,0.017423147043341268,0.013395231744047803,0.07348788786891253,0.07293008893387007,0.20224719101123595,0.1404494382022472,89
200000,C_RUSH,piR/s901003,piR,4,1030005,piR/s901002,piR/s901003,within_piR,0.014673229084962344,0.00726694797197805,0.06214046273185724,0.0612501124910357,0.1797752808988764,0.10674157303370786,89
200000,C_RUSH,piR/s901003,piR,4,1030005,piR/s901002,piS/s902001,between,0.014991776076968718,0.009152341221300368,0.06237023963153511,0.06390607876965042,0.199438202247191,0.1348314606741573,89
200000,C_RUSH,piR/s901003,piR,4,1030005,piR/s901002,piS/s902002,between,0.014128040768847612,0.006449741112486552,0.05912343909638494,0.05953668985918743,0.17134831460674158,0.08426966292134831,89
200000,C_RUSH,piR/s901003,piR,4,1030005,piR/s901002,piS/s902003,between,0.01415240186420313,0.008939317036201534,0.05900072732936281,0.059247789196962435,0.19382022471910113,0.12921348314606743,89
200000,C_RUSH,piR/s901003,piR,4,1030005,piR/s901003,piS/s902001,between,0.014507123148439452,0.006162932657536253,0.0605863152949854,0.06169140238052219,0.18820224719101122,0.11797752808988764,89
200000,C_RUSH,piR/s901003,piR,4,1030005,piR/s901003,piS/s902002,between,0.01641719898074838,0.009112951158838535,0.06914649926482469,0.06988964099902285,0.199438202247191,0.12921348314606743,89
200000,C_RUSH,piR/s901003,piR,4,1030005,piR/s901003,piS/s902003,between,0.015156009962652605,0.008817199924491322,0.06388196106370894,0.06328737079820329,0.18258426966292135,0.10674157303370786,89
200000,C_RUSH,piR/s901003,piR,4,1030005,piS/s902001,piS/s902002,within_piS,0.01578319843511029,0.010478085054042754,0.06658613997801317,0.06622435170596142,0.21348314606741572,0.16292134831460675,89
200000,C_RUSH,piR/s901003,piR,4,1030005,piS/s902001,piS/s902003,within_piS,0.013940644462688861,0.009144410914606691,0.058663296355941384,0.05770110376414407,0.1853932584269663,0.10674157303370786,89
200000,C_RUSH,piR/s901003,piR,4,1030005,piS/s902002,piS/s902003,within_piS,0.014924334554127417,0.010271593528462911,0.06295174768917473,0.0618246670917704,0.18820224719101122,0.11235955056179775,89
200000,C_RUSH,piR/s901003,piR,5,1030006,piR/s901001,piR/s901002,within_piR,0.013467414154220527,0.00742442053230104,0.05645967795605437,0.05649025270492304,0.1827956989247312,0.10752688172043011,93
200000,C_RUSH,piR/s901003,piR,5,1030006,piR/s901001,piR/s901003,within_piR,0.014593321950822757,0.007558016255973652,0.06160888438998369,0.06148083166017751,0.19086021505376344,0.12365591397849462,93
200000,C_RUSH,piR/s901003,piR,5,1030006,piR/s901001,piS/s902001,between,0.012860736889795025,0.005790324303235327,0.05385991877289017,0.054251712469324836,0.16666666666666666,0.07526881720430108,93
200000,C_RUSH,piR/s901003,piR,5,1030006,piR/s901001,piS/s902002,between,0.014083960871389958,0.008065906924894287,0.05863447068352391,0.05941251125710834,0.19623655913978494,0.14516129032258066,93
200000,C_RUSH,piR/s901003,piR,5,1030006,piR/s901001,piS/s902003,between,0.012699930314468233,0.006989049358630286,0.052599729940728215,0.053134165747461735,0.1881720430107527,0.11827956989247312,93
200000,C_RUSH,piR/s901003,piR,5,1030006,piR/s901002,piR/s901003,within_piR,0.013981703430560165,0.007563241018412252,0.05875688942231661,0.05874414949936168,0.19086021505376344,0.12365591397849462,93
200000,C_RUSH,piR/s901003,piR,5,1030006,piR/s901002,piS/s902001,between,0.013163349255727052,0.006610623077596271,0.05466333342428216,0.05586010511945343,0.1881720430107527,0.11827956989247312,93
200000,C_RUSH,piR/s901003,piR,5,1030006,piR/s901002,piS/s902002,between,0.01259526042273612,0.00676012243580747,0.052230683890832734,0.05294900260174027,0.1989247311827957,0.14516129032258066,93
200000,C_RUSH,piR/s901003,piR,5,1030006,piR/s901002,piS/s902003,between,0.011127039552007448,0.004711476188063821,0.04619273490642444,0.04670023202927018,0.1693548387096774,0.08602150537634409,93
200000,C_RUSH,piR/s901003,piR,5,1030006,piR/s901003,piS/s902001,between,0.013544261341913322,0.005675109062162448,0.05680512586590503,0.057169450677621296,0.1935483870967742,0.13440860215053763,93
200000,C_RUSH,piR/s901003,piR,5,1030006,piR/s901003,piS/s902002,between,0.0132730021941192,0.006181948747590431,0.056195885002246454,0.0554772664179015,0.1827956989247312,0.11827956989247312,93
200000,C_RUSH,piR/s901003,piR,5,1030006,piR/s901003,piS/s902003,between,0.012541804003140348,0.005977529723070532,0.051972253130770474,0.052630193688802576,0.1774193548387097,0.10215053763440861,93
200000,C_RUSH,piR/s901003,piR,5,1030006,piS/s902001,piS/s902002,within_piS,0.012868574377144632,0.006932483820705051,0.054531023117284964,0.05305373382370476,0.20430107526881722,0.15591397849462366,93
200000,C_RUSH,piR/s901003,piR,5,1030006,piS/s902001,piS/s902003,within_piS,0.01191064573425946,0.005134489652283785,0.04980184146051188,0.04964336893972782,0.18010752688172044,0.10752688172043011,93
200000,C_RUSH,piR/s901003,piR,5,1030006,piS/s902002,piS/s902003,within_piS,0.012817843840215897,0.0070389336917096035,0.0532508066840226,0.05372007827933344,0.19086021505376344,0.12365591397849462,93
200000,C_RUSH,piR/s901003,piR,6,1030007,piR/s901001,piR/s901002,within_piR,0.019959491472446453,0.010479731531306264,0.08413495345438768,0.08422211269705757,0.24675324675324675,0.15584415584415584,154
200000,C_RUSH,piR/s901003,piR,6,1030007,piR/s901001,piR/s901003,within_piR,0.021011056818192427,0.010937372754620638,0.08899131505715065,0.08834540954173245,0.24675324675324675,0.14935064935064934,154
200000,C_RUSH,piR/s901003,piR,6,1030007,piR/s901001,piS/s902001,between,0.019789697181763675,0.010620991496223437,0.08309493257924665,0.08344991807535525,0.26136363636363635,0.17857142857142858,154
200000,C_RUSH,piR/s901003,piR,6,1030007,piR/s901001,piS/s902002,between,0.019475772399658038,0.009704445853377588,0.0815739392868213,0.08253498263951799,0.23376623376623376,0.12987012987012986,154
200000,C_RUSH,piR/s901003,piR,6,1030007,piR/s901001,piS/s902003,between,0.01897214853980871,0.011081760150144955,0.0789628595317467,0.07998832681593206,0.25487012987012986,0.17207792207792208,154
200000,C_RUSH,piR/s901003,piR,6,1030007,piR/s901002,piR/s901003,within_piR,0.019268339163780384,0.010148296862690883,0.08148268862469904,0.08054269956472121,0.25,0.15584415584415584,154
200000,C_RUSH,piR/s901003,piR,6,1030007,piR/s901002,piS/s902001,between,0.018057139795665793,0.008955267317245023,0.07543858803613096,0.07630930207569486,0.25162337662337664,0.1590909090909091,154
200000,C_RUSH,piR/s901003,piR,6,1030007,piR/s901002,piS/s902002,between,0.017087789580447623,0.009001456150749664,0.07136802972107431,0.07130279076581438,0.24512987012987014,0.15584415584415584,154
200000,C_RUSH,piR/s901003,piR,6,1030007,piR/s901002,piS/s902003,between,0.01768689083627268,0.010259746401035611,0.07392774520769664,0.07389185379829803,0.24512987012987014,0.1590909090909091,154
200000,C_RUSH,piR/s901003,piR,6,1030007,piR/s901003,piS/s902001,between,0.019217063215417173,0.009641887482580321,0.08082518268039185,0.08132136118167665,0.2435064935064935,0.1461038961038961,154
200000,C_RUSH,piR/s901003,piR,6,1030007,piR/s901003,piS/s902002,between,0.018928780444368888,0.00977926861045536,0.07923142510849665,0.08043049251951298,0.2483766233766234,0.15584415584415584,154
200000,C_RUSH,piR/s901003,piR,6,1030007,piR/s901003,piS/s902003,between,0.018625852354571787,0.010607435662786789,0.07787252366911554,0.07862199438304625,0.2483766233766234,0.1590909090909091,154
200000,C_RUSH,piR/s901003,piR,6,1030007,piS/s902001,piS/s902002,within_piS,0.01812995220743805,0.009479452190719606,0.07648458510826509,0.07567596828336916,0.2662337662337662,0.19155844155844157,154
200000,C_RUSH,piR/s901003,piR,6,1030007,piS/s902001,piS/s902003,within_piS,0.01653250403778232,0.008092065173925841,0.06933141484459335,0.06887248691862506,0.2353896103896104,0.12987012987012986,154
200000,C_RUSH,piR/s901003,piR,6,1030007,piS/s902002,piS/s902003,within_piS,0.017495713883013367,0.00896034755807604,0.07331274504578628,0.07307157918280215,0.2532467532467532,0.1590909090909091,154
200000,C_RUSH,piR/s901003,piR,7,1030008,piR/s901001,piR/s901002,within_piR,0.015611633440528716,0.007567345891849288,0.0655803314378064,0.06575785939054507,0.1953781512605042,0.1092436974789916,119
200000,C_RUSH,piR/s901003,piR,7,1030008,piR/s901001,piR/s901003,within_piR,0.016529378387617498,0.008133166696324759,0.06935210919140881,0.07041620126048985,0.19957983193277312,0.12605042016806722,119
200000,C_RUSH,piR/s901003,piR,7,1030008,piR/s901001,piS/s902001,between,0.0174190163738182,0.010601963106809751,0.07371698585911923,0.07331811918199209,0.19957983193277312,0.12184873949579832,119
200000,C_RUSH,piR/s901003,piR,7,1030008,piR/s901001,piS/s902002,between,0.01570334214637111,0.008157984641706566,0.06579576526385547,0.0662367958569501,0.21218487394957983,0.14285714285714285,119
200000,C_RUSH,piR/s901003,piR,7,1030008,piR/s901001,piS/s902003,between,0.014409719074085404,0.007490095975841617,0.059923952552658616,0.06101867408602007,0.20798319327731093,0.13445378151260504,119
200000,C_RUSH,piR/s901003,piR,7,1030008,piR/s901002,piR/s901003,within_piR,0.017065218825735185,0.009992533363769972,0.0711607854523229,0.07213439915032024,0.20168067226890757,0.13445378151260504,119
200000,C_RUSH,piR/s901003,piR,7,1030008,piR/s901002,piS/s902001,between,0.016622745007233916,0.009965682832094208,0.06970384171662296,0.07054553251596965,0.19117647058823528,0.10504201680672269,119
200000,C_RUSH,piR/s901003,piR,7,1030008,piR/s901002,piS/s902002,between,0.015204027365165435,0.009163529372450236,0.06300275311794842,0.06452443445614743,0.21008403361344538,0.14285714285714285,119
200000,C_RUSH,piR/s901003,piR,7,1030008,piR/s901002,piS/s902003,between,0.013838599981443564,0.007144963956308728,0.057044166977386096,0.05868830577674295,0.20168067226890757,0.12605042016806722,119
200000,C_RUSH,piR/s901003,piR,7,1030008,piR/s901003,piS/s902001,between,0.01856277118844583,0.012306665523065545,0.07963162044172345,0.07867250186187193,0.21008403361344538,0.13865546218487396,119
200000,C_RUSH,piR/s901003,piR,7,1030008,piR/s901003,piS/s902002,between,0.015633570821415522,0.008783828073505062,0.06538578369179969,0.06594502773363396,0.21428571428571427,0.14285714285714285,119
200000,C_RUSH,piR/s901003,piR,7,1030008,piR/s901003,piS/s902003,between,0.013536622736735046,0.004811524809126784,0.05678221925709275,0.057027208365415485,0.18277310924369747,0.09243697478991597,119
200000,C_RUSH,piR/s901003,piR,7,1030008,piS/s902001,piS/s902002,within_piS,0.015163816810136826,0.00931426815396504,0.06309876828958262,0.0654978088277589,0.19957983193277312,0.12184873949579832,119
200000,C_RUSH,piR/s901003,piR,7,1030008,piS/s902001,piS/s902003,within_piS,0.014401139435331015,0.007754751995420475,0.05981283769882424,0.06131439613246396,0.19957983193277312,0.13025210084033614,119
200000,C_RUSH,piR/s901003,piR,7,1030008,piS/s902002,piS/s902003,within_piS,0.012367244586458683,0.005080960560991276,0.051301230815084864,0.052033775493978,0.20378151260504201,0.12605042016806722,119
200000,C_RUSH,piR/s901003,piR,8,1030009,piR/s901001,piR/s901002,within_piR,0.015207989956598037,0.007585322050622822,0.063609146087403,0.06315898228394433,0.24166666666666667,0.16666666666666666,90
200000,C_RUSH,piR/s901003,piR,8,1030009,piR/s901001,piR/s901003,within_piR,0.015471868939294772,0.0069180386362149,0.0653574798195629,0.06426091563100028,0.21944444444444444,0.12222222222222222,90
200000,C_RUSH,piR/s901003,piR,8,1030009,piR/s901001,piS/s902001,between,0.017979686832213678,0.012471229531428872,0.07557803890433366,0.07454245013826233,0.2777777777777778,0.22777777777777777,90
200000,C_RUSH,piR/s901003,piR,8,1030009,piR/s901001,piS/s902002,between,0.015430604458729283,0.006921056921007287,0.06522550126915558,0.06414470052219112,0.2222222222222222,0.1388888888888889,90
200000,C_RUSH,piR/s901003,piR,8,1030009,piR/s901001,piS/s902003,between,0.015727585561653174,0.009368509118544975,0.06540015390308664,0.06557924443119718,0.24722222222222223,0.17222222222222222,90
200000,C_RUSH,piR/s901003,piR,8,1030009,piR/s901002,piR/s901003,within_piR,0.01731103721018345,0.01017268487009506,0.07255421301118391,0.07231632767856722,0.22777777777777777,0.14444444444444443,90
200000,C_RUSH,piR/s901003,piR,8,1030009,piR/s901002,piS/s902001,between,0.014570065257359408,0.007239945162941255,0.06050344646511433,0.06100137928261124,0.23055555555555557,0.1388888888888889,90
200000,C_RUSH,piR/s901003,piR,8,1030009,piR/s901002,piS/s902002,between,0.015014886198679155,0.006952422441238848,0.06197758340972783,0.06339682724777498,0.2361111111111111,0.15,90
200000,C_RUSH,piR/s901003,piR,8,1030009,piR/s901002,piS/s902003,between,0.014068555970853582,0.006336139335439936,0.058237203679889125,0.05923449994890653,0.24444444444444444,0.16111111111111112,90
200000,C_RUSH,piR/s901003,piR,8,1030009,piR/s901003,piS/s902001,between,0.017934368595326624,0.01171837712996937,0.0749259586792841,0.07578962858048972,0.24722222222222223,0.17222222222222222,90
200000,C_RUSH,piR/s901003,piR,8,1030009,piR/s901003,piS/s902002,between,0.015183233966077965,0.006267895833703077,0.06381094586459744,0.06382704244793638,0.21944444444444444,0.11666666666666667,90
200000,C_RUSH,piR/s901003,piR,8,1030009,piR/s901003,piS/s902003,between,0.017181339162514943,0.011996551126185402,0.07162607768155752,0.07192552287799484,0.25,0.18333333333333332,90
