episode_id,run_id,run_pid,timesteps,policy_update,rollout_step,latent_z,curriculum_phase,mode,map_set,map_layout,map_id,map_vertical_mirror,opponent,opponent_id,success,blue_score,red_score,win_margin,decision_steps,zone_coverage,collision_free_episode,collision_events_per_episode,obstacle_collision_events_per_episode,near_misses_per_episode,blue_route_upper_crossings,blue_route_lower_crossings,red_route_upper_crossings,red_route_lower_crossings,blue_attack_upper_crossings,blue_attack_lower_crossings,blue_return_upper_crossings,blue_return_lower_crossings,blue_intercept_upper_crossings,blue_intercept_lower_crossings,red_attack_upper_crossings,red_attack_lower_crossings,red_return_upper_crossings,red_return_lower_crossings,red_intercept_upper_crossings,red_intercept_lower_crossings,time_to_first_score,mean_inter_robot_dist,reward_terminal,reward_offense,reward_pbrs,reward_team,reward_sparse,reward_sparse_points,reward_failure,reward_total,canonical_map,resolved_map,ruleset_id,ruleset_fingerprint,formal_result_eligible
1,trunk_freeze_treatment_wiring_verification,20100,1009600,246,62,1,OP3,FIXED_OPPONENT,train,map_a_open,-1,0,SCRIPTED:OP7,6,1,3,0,3,190,0.3199999928474426,0,1,0,68,0,0,0,0,0,0,0,0,0,0,0,0,0,0,0,0,87.0,5.494736842105263,1.0,0.5,-0.0004289001226425171,0.0,1.0,100.0,-0.004000000189989805,0.5538883805274963,map_a,map_a_open,RULESET_V3_M1_OWN_FLAG_HOME,73b77ac3a0efb2c33a4498544c96bb702a656cbbfe17af18ec859c6d6b4c2142,True
2,trunk_freeze_treatment_wiring_verification,20100,1010656,246,95,1,OP3,FIXED_OPPONENT,train,map_a_open,-1,0,SCRIPTED:OP7,6,1,3,0,3,223,0.3999999761581421,1,0,0,75,0,0,0,0,0,0,0,0,0,0,0,0,0,0,0,0,56.0,5.614992423977018,1.0,0.5,-0.008543670177459717,0.0,1.0,100.0,-0.004000000189989805,0.5535366535186768,map_a,map_a_open,RULESET_V3_M1_OWN_FLAG_HOME,73b77ac3a0efb2c33a4498544c96bb702a656cbbfe17af18ec859c6d6b4c2142,True
3,trunk_freeze_treatment_wiring_verification,20100,1010848,246,101,1,OP3,FIXED_OPPONENT,train,map_a_open,-1,0,SCRIPTED:OP7,6,1,3,0,3,229,0.35999998450279236,0,4,0,104,0,0,0,0,0,0,0,0,0,0,0,0,0,0,0,0,80.0,5.689946736831332,1.0,0.5,-0.009948015213012695,0.0,1.0,100.0,0.0,0.5541690587997437,map_a,map_a_open,RULESET_V3_M1_OWN_FLAG_HOME,73b77ac3a0efb2c33a4498544c96bb702a656cbbfe17af18ec859c6d6b4c2142,True
4,trunk_freeze_treatment_wiring_verification,20100,1011200,246,112,0,OP3,FIXED_OPPONENT,train,map_a_open,-1,0,SCRIPTED:OP6,5,0,0,0,0,240,0.4399999976158142,1,0,0,21,0,0,0,0,0,0,0,0,0,0,0,0,0,0,0,0,,11.539684041341145,-0.5,0.0,-0.017510563135147095,0.04062499850988388,0.0,0.0,-0.00800000037997961,-0.1248997375369072,map_a,map_a_open,RULESET_V3_M1_OWN_FLAG_HOME,73b77ac3a0efb2c33a4498544c96bb702a656cbbfe17af18ec859c6d6b4c2142,True
5,trunk_freeze_treatment_wiring_verification,20100,1011200,246,112,0,OP3,FIXED_OPPONENT,train,map_a_open,-1,0,SCRIPTED:OP6,5,0,0,0,0,240,0.47999998927116394,1,0,0,24,0,0,0,0,0,0,0,0,0,0,0,0,0,0,0,0,,9.997312418619792,-0.5,0.0,-0.011491864919662476,0.04062499850988388,0.0,0.0,-0.004000000189989805,-0.12354480475187302,map_a,map_a_open,RULESET_V3_M1_OWN_FLAG_HOME,73b77ac3a0efb2c33a4498544c96bb702a656cbbfe17af18ec859c6d6b4c2142,True
6,trunk_freeze_treatment_wiring_verification,20100,1011200,246,112,0,OP3,FIXED_OPPONENT,train,map_a_open,-1,0,SCRIPTED:OP6,5,0,1,1,0,240,0.6800000071525574,1,0,0,30,0,0,0,0,0,0,0,0,0,0,0,0,0,0,0,0,50.0,8.792805989583334,-0.5,0.0,0.004789441823959351,0.04999999701976776,0.0,0.0,0.0,-0.12098019570112228,map_a,map_a_open,RULESET_V3_M1_OWN_FLAG_HOME,73b77ac3a0efb2c33a4498544c96bb702a656cbbfe17af18ec859c6d6b4c2142,True
7,trunk_freeze_treatment_wiring_verification,20100,1011200,246,112,0,OP3,FIXED_OPPONENT,train,map_a_open,-1,0,SCRIPTED:OP6,5,1,2,0,2,240,0.5600000023841858,0,2,0,191,0,0,0,0,0,0,0,0,0,0,0,0,0,0,0,0,120.0,3.4665489196777344,1.0,0.0,-0.019965380430221558,0.0,0.0,0.0,0.0,0.24374531209468842,map_a,map_a_open,RULESET_V3_M1_OWN_FLAG_HOME,73b77ac3a0efb2c33a4498544c96bb702a656cbbfe17af18ec859c6d6b4c2142,True
8,trunk_freeze_treatment_wiring_verification,20100,1011200,246,112,0,OP3,FIXED_OPPONENT,train,map_a_open,-1,0,SCRIPTED:OP6,5,1,1,0,1,240,0.47999998927116394,0,1,0,47,0,0,0,0,0,0,0,0,0,0,0,0,0,0,0,0,94.0,7.8937733968098955,1.0,0.0,-0.019365012645721436,0.005624999292194843,0.0,0.0,-0.004000000189989805,0.2431706041097641,map_a,map_a_open,RULESET_V3_M1_OWN_FLAG_HOME,73b77ac3a0efb2c33a4498544c96bb702a656cbbfe17af18ec859c6d6b4c2142,True
9,trunk_freeze_treatment_wiring_verification,20100,1011200,246,112,0,OP3,FIXED_OPPONENT,train,map_a_open,-1,0,SCRIPTED:OP6,5,1,1,0,1,240,0.5199999809265137,1,0,0,27,0,0,0,0,0,0,0,0,0,0,0,0,0,0,0,0,52.0,10.013459269205729,1.0,0.0,0.004930570721626282,0.01562499813735485,0.0,0.0,0.0,0.24612592160701752,map_a,map_a_open,RULESET_V3_M1_OWN_FLAG_HOME,73b77ac3a0efb2c33a4498544c96bb702a656cbbfe17af18ec859c6d6b4c2142,True
10,trunk_freeze_treatment_wiring_verification,20100,1011200,246,112,0,OP3,FIXED_OPPONENT,train,map_a_open,-1,0,SCRIPTED:OP6,5,0,0,0,0,240,0.3999999761581421,1,0,0,73,0,0,0,0,0,0,0,0,0,0,0,0,0,0,0,0,,9.110678100585938,-0.5,0.0,0.011294424533843994,0.005624999292194843,0.0,0.0,0.0,-0.12331176549196243,map_a,map_a_open,RULESET_V3_M1_OWN_FLAG_HOME,73b77ac3a0efb2c33a4498544c96bb702a656cbbfe17af18ec859c6d6b4c2142,True
11,trunk_freeze_treatment_wiring_verification,20100,1011200,246,112,0,OP3,FIXED_OPPONENT,train,map_a_open,-1,0,SCRIPTED:OP6,5,1,2,0,2,240,0.6399999856948853,1,0,0,37,0,0,0,0,0,0,0,0,0,0,0,0,0,0,0,0,93.0,7.826881917317708,1.0,0.0,-0.001892179250717163,0.04062499850988388,0.0,0.0,0.0,0.24719290435314178,map_a,map_a_open,RULESET_V3_M1_OWN_FLAG_HOME,73b77ac3a0efb2c33a4498544c96bb702a656cbbfe17af18ec859c6d6b4c2142,True
12,trunk_freeze_treatment_wiring_verification,20100,1011200,246,112,0,OP3,FIXED_OPPONENT,train,map_a_open,-1,0,SCRIPTED:OP6,5,1,1,0,1,240,0.5199999809265137,1,0,0,79,0,0,0,0,0,0,0,0,0,0,0,0,0,0,0,0,80.0,5.297170003255208,1.0,0.0,0.02657356858253479,0.04999999701976776,0.0,0.0,-0.004000000189989805,0.2484740912914276,map_a,map_a_open,RULESET_V3_M1_OWN_FLAG_HOME,73b77ac3a0efb2c33a4498544c96bb702a656cbbfe17af18ec859c6d6b4c2142,True
13,trunk_freeze_treatment_wiring_verification,20100,1011200,246,112,0,OP3,FIXED_OPPONENT,train,map_a_open,-1,0,SCRIPTED:OP6,5,1,2,0,2,240,0.5600000023841858,1,0,0,75,0,0,0,0,0,0,0,0,0,0,0,0,0,0,0,0,70.0,6.6140187581380205,1.0,0.0,0.014112412929534912,0.005624999292194843,0.0,0.0,-0.004000000189989805,0.2451382279396057,map_a,map_a_open,RULESET_V3_M1_OWN_FLAG_HOME,73b77ac3a0efb2c33a4498544c96bb702a656cbbfe17af18ec859c6d6b4c2142,True
14,trunk_freeze_treatment_wiring_verification,20100,1011200,246,112,0,OP3,FIXED_OPPONENT,train,map_a_open,-1,0,SCRIPTED:OP6,5,0,0,1,-1,240,0.5600000023841858,1,0,0,25,0,0,0,0,0,0,0,0,0,0,0,0,0,0,0,0,56.0,9.42998555501302,-1.0,0.0,0.005820825695991516,0.01562499813735485,0.0,0.0,-0.004000000189989805,-0.24459867179393768,map_a,map_a_open,RULESET_V3_M1_OWN_FLAG_HOME,73b77ac3a0efb2c33a4498544c96bb702a656cbbfe17af18ec859c6d6b4c2142,True
15,trunk_freeze_treatment_wiring_verification,20100,1011200,246,112,0,OP3,FIXED_OPPONENT,train,map_a_open,-1,0,SCRIPTED:OP6,5,0,0,0,0,240,0.5600000023841858,0,1,0,70,0,0,0,0,0,0,0,0,0,0,0,0,0,0,0,0,,8.482941182454427,-0.5,0.0,-0.004224598407745361,0.020624998956918716,0.0,0.0,0.0,-0.12334369868040085,map_a,map_a_open,RULESET_V3_M1_OWN_FLAG_HOME,73b77ac3a0efb2c33a4498544c96bb702a656cbbfe17af18ec859c6d6b4c2142,True
16,trunk_freeze_treatment_wiring_verification,20100,1011200,246,112,0,OP3,FIXED_OPPONENT,train,map_a_open,-1,0,SCRIPTED:OP6,5,1,2,1,1,240,0.3999999761581421,1,0,0,135,0,0,0,0,0,0,0,0,0,0,0,0,0,0,0,0,51.0,4.298697916666667,1.0,0.10000000149011612,-0.010205775499343872,0.0,0.0,0.0,-0.004000000189989805,0.2667505443096161,map_a,map_a_open,RULESET_V3_M1_OWN_FLAG_HOME,73b77ac3a0efb2c33a4498544c96bb702a656cbbfe17af18ec859c6d6b4c2142,True
17,trunk_freeze_treatment_wiring_verification,20100,1011200,246,112,0,OP3,FIXED_OPPONENT,train,map_a_open,-1,0,SCRIPTED:OP6,5,1,2,1,1,240,0.5999999642372131,0,1,0,95,0,0,0,0,0,0,0,0,0,0,0,0,0,0,0,0,98.0,5.828884887695312,1.0,0.0,-0.005371958017349243,0.04999999701976776,0.0,0.0,-0.004000000189989805,0.24659982323646545,map_a,map_a_open,RULESET_V3_M1_OWN_FLAG_HOME,73b77ac3a0efb2c33a4498544c96bb702a656cbbfe17af18ec859c6d6b4c2142,True
18,trunk_freeze_treatment_wiring_verification,20100,1011200,246,112,0,OP3,FIXED_OPPONENT,train,map_a_open,-1,0,SCRIPTED:OP6,5,1,2,0,2,240,0.5999999642372131,1,0,0,99,0,0,0,0,0,0,0,0,0,0,0,0,0,0,0,0,58.0,4.501462300618489,1.0,0.0,0.01623740792274475,0.0,0.0,0.0,-0.004000000189989805,0.2449326068162918,map_a,map_a_open,RULESET_V3_M1_OWN_FLAG_HOME,73b77ac3a0efb2c33a4498544c96bb702a656cbbfe17af18ec859c6d6b4c2142,True
19,trunk_freeze_treatment_wiring_verification,20100,1011200,246,112,0,OP3,FIXED_OPPONENT,train,map_a_open,-1,0,SCRIPTED:OP6,5,1,1,0,1,240,0.4399999976158142,1,0,0,74,0,0,0,0,0,0,0,0,0,0,0,0,0,0,0,0,29.0,8.510542297363282,1.0,0.0,-0.01077510416507721,0.04999999701976776,0.0,0.0,-0.00800000037997961,0.24534308910369873,map_a,map_a_open,RULESET_V3_M1_OWN_FLAG_HOME,73b77ac3a0efb2c33a4498544c96bb702a656cbbfe17af18ec859c6d6b4c2142,True
20,trunk_freeze_treatment_wiring_verification,20100,1011200,246,112,1,OP3,FIXED_OPPONENT,train,map_a_open,-1,0,SCRIPTED:OP7,6,1,1,0,1,240,0.5999999642372131,0,1,0,77,0,0,0,0,0,0,0,0,0,0,0,0,0,0,0,0,107.0,5.4744206746419275,1.0,0.0,0.005087614059448242,0.0,0.0,0.0,-0.004000000189989805,0.24427743256092072,map_a,map_a_open,RULESET_V3_M1_OWN_FLAG_HOME,73b77ac3a0efb2c33a4498544c96bb702a656cbbfe17af18ec859c6d6b4c2142,True
21,trunk_freeze_treatment_wiring_verification,20100,1011200,246,112,1,OP3,FIXED_OPPONENT,train,map_a_open,-1,0,SCRIPTED:OP7,6,1,1,0,1,240,0.4399999976158142,1,0,0,89,0,0,0,0,0,0,0,0,0,0,0,0,0,0,0,0,30.0,5.649590047200521,1.0,0.0,-0.01128000020980835,0.0,0.0,0.0,-0.004000000189989805,0.24331524968147278,map_a,map_a_open,RULESET_V3_M1_OWN_FLAG_HOME,73b77ac3a0efb2c33a4498544c96bb702a656cbbfe17af18ec859c6d6b4c2142,True
22,trunk_freeze_treatment_wiring_verification,20100,1011200,246,112,1,OP3,FIXED_OPPONENT,train,map_a_open,-1,0,SCRIPTED:OP7,6,0,0,0,0,240,0.47999998927116394,0,1,0,102,0,0,0,0,0,0,0,0,0,0,0,0,0,0,0,0,,5.1649113972981775,-0.5,0.0,-0.022033318877220154,0.014999999664723873,0.0,0.0,0.0,-0.12478577345609665,map_a,map_a_open,RULESET_V3_M1_OWN_FLAG_HOME,73b77ac3a0efb2c33a4498544c96bb702a656cbbfe17af18ec859c6d6b4c2142,True
23,trunk_freeze_treatment_wiring_verification,20100,1011200,246,112,1,OP3,FIXED_OPPONENT,train,map_a_open,-1,0,SCRIPTED:OP7,6,1,2,0,2,240,0.47999998927116394,0,1,0,105,0,0,0,0,0,0,0,0,0,0,0,0,0,0,0,0,87.0,5.097419230143229,1.0,0.0,-0.0019179880619049072,0.0,0.0,0.0,-0.004000000189989805,0.24386565387248993,map_a,map_a_open,RULESET_V3_M1_OWN_FLAG_HOME,73b77ac3a0efb2c33a4498544c96bb702a656cbbfe17af18ec859c6d6b4c2142,True
24,trunk_freeze_treatment_wiring_verification,20100,1011200,246,112,1,OP3,FIXED_OPPONENT,train,map_a_open,-1,0,SCRIPTED:OP7,6,1,1,0,1,240,0.5199999809265137,1,0,0,91,0,0,0,0,0,0,0,0,0,0,0,0,0,0,0,0,119.0,5.6500905354817705,1.0,0.0,-0.001819908618927002,0.0,0.0,0.0,-0.00800000037997961,0.24293068051338196,map_a,map_a_open,RULESET_V3_M1_OWN_FLAG_HOME,73b77ac3a0efb2c33a4498544c96bb702a656cbbfe17af18ec859c6d6b4c2142,True
25,trunk_freeze_treatment_wiring_verification,20100,1011200,246,112,1,OP3,FIXED_OPPONENT,train,map_a_open,-1,0,SCRIPTED:OP7,6,1,1,0,1,240,0.6399999856948853,1,0,0,116,0,0,0,0,0,0,0,0,0,0,0,0,0,0,0,0,98.0,5.248135884602864,1.0,0.0,-0.02063891291618347,0.0,0.0,0.0,-0.00800000037997961,0.24182358384132385,map_a,map_a_open,RULESET_V3_M1_OWN_FLAG_HOME,73b77ac3a0efb2c33a4498544c96bb702a656cbbfe17af18ec859c6d6b4c2142,True
26,trunk_freeze_treatment_wiring_verification,20100,1011200,246,112,1,OP3,FIXED_OPPONENT,train,map_a_open,-1,0,SCRIPTED:OP7,6,1,1,0,1,240,0.5199999809265137,0,3,0,107,0,0,0,0,0,0,0,0,0,0,0,0,0,0,0,0,140.0,5.413882446289063,1.0,0.0,0.017093658447265625,0.0,0.0,0.0,-0.004000000189989805,0.24498291313648224,map_a,map_a_open,RULESET_V3_M1_OWN_FLAG_HOME,73b77ac3a0efb2c33a4498544c96bb702a656cbbfe17af18ec859c6d6b4c2142,True
27,trunk_freeze_treatment_wiring_verification,20100,1011200,246,112,1,OP3,FIXED_OPPONENT,train,map_a_open,-1,0,SCRIPTED:OP7,6,0,0,0,0,240,0.5199999809265137,0,3,0,82,0,0,0,0,0,0,0,0,0,0,0,0,0,0,0,0,,5.002336120605468,-0.5,0.0,-0.017198026180267334,0.0,0.0,0.0,-0.004000000189989805,-0.12639527022838593,map_a,map_a_open,RULESET_V3_M1_OWN_FLAG_HOME,73b77ac3a0efb2c33a4498544c96bb702a656cbbfe17af18ec859c6d6b4c2142,True
28,trunk_freeze_treatment_wiring_verification,20100,1011200,246,112,1,OP3,FIXED_OPPONENT,train,map_a_open,-1,0,SCRIPTED:OP7,6,0,0,0,0,240,0.5999999642372131,1,0,0,102,0,0,0,0,0,0,0,0,0,0,0,0,0,0,0,0,,5.337796020507812,-0.5,0.0,-0.004774212837219238,0.0,0.0,0.0,-0.004000000189989805,-0.12563112378120422,map_a,map_a_open,RULESET_V3_M1_OWN_FLAG_HOME,73b77ac3a0efb2c33a4498544c96bb702a656cbbfe17af18ec859c6d6b4c2142,True
29,trunk_freeze_treatment_wiring_verification,20100,1011200,246,112,1,OP3,FIXED_OPPONENT,train,map_a_open,-1,0,SCRIPTED:OP7,6,0,0,0,0,240,0.4399999976158142,0,2,0,81,0,0,0,0,0,0,0,0,0,0,0,0,0,0,0,0,,7.292001342773437,-0.5,0.0,0.01285088062286377,0.01562499813735485,0.0,0.0,-0.00800000037997961,-0.1245698630809784,map_a,map_a_open,RULESET_V3_M1_OWN_FLAG_HOME,73b77ac3a0efb2c33a4498544c96bb702a656cbbfe17af18ec859c6d6b4c2142,True
30,trunk_freeze_treatment_wiring_verification,20100,1011200,246,112,1,OP3,FIXED_OPPONENT,train,map_a_open,-1,0,SCRIPTED:OP7,6,1,1,0,1,240,0.3999999761581421,0,1,0,116,0,0,0,0,0,0,0,0,0,0,0,0,0,0,0,0,134.0,5.244956970214844,1.0,0.0,-0.02031475305557251,0.0,0.0,0.0,-0.004000000189989805,0.24278394877910614,map_a,map_a_open,RULESET_V3_M1_OWN_FLAG_HOME,73b77ac3a0efb2c33a4498544c96bb702a656cbbfe17af18ec859c6d6b4c2142,True
31,trunk_freeze_treatment_wiring_verification,20100,1011200,246,112,1,OP3,FIXED_OPPONENT,train,map_a_open,-1,0,SCRIPTED:OP7,6,0,0,0,0,240,0.5999999642372131,1,0,0,98,0,0,0,0,0,0,0,0,0,0,0,0,0,0,0,0,,5.564985148111979,-0.5,0.0,-0.020907312631607056,0.0,0.0,0.0,-0.00800000037997961,-0.12760724127292633,map_a,map_a_open,RULESET_V3_M1_OWN_FLAG_HOME,73b77ac3a0efb2c33a4498544c96bb702a656cbbfe17af18ec859c6d6b4c2142,True
32,trunk_freeze_treatment_wiring_verification,20100,1011200,246,112,1,OP3,FIXED_OPPONENT,train,map_a_open,-1,0,SCRIPTED:OP7,6,0,0,0,0,240,0.47999998927116394,0,1,0,83,0,0,0,0,0,0,0,0,0,0,0,0,0,0,0,0,,5.471221415201823,-0.5,0.0,0.0020150095224380493,0.014999930746853352,0.0,0.0,-0.00800000037997961,-0.12527498602867126,map_a,map_a_open,RULESET_V3_M1_OWN_FLAG_HOME,73b77ac3a0efb2c33a4498544c96bb702a656cbbfe17af18ec859c6d6b4c2142,True
